Customer ID,MonetaryValue,Frequency,LastInvoiceDate,Recency,MonetaryValue_lg,Frequency_lg,Cluster,ClusterLabel
12346.0,169.36,2,2010-06-28 13:53:00,164,5.137913845055013,1.0986122886681098,1,At-Risk / Lost Customers
12347.0,1323.32,2,2010-12-07 14:57:00,2,7.188654399137086,1.0986122886681098,0,Champions/VIPs
12348.0,221.16,1,2010-09-27 14:59:00,73,5.403397842998544,0.6931471805599453,2,New / Promising Customers
12349.0,2221.14,2,2010-10-28 08:23:00,42,7.706225974515392,1.0986122886681098,0,Champions/VIPs
12351.0,300.93,1,2010-11-29 15:23:00,10,5.710195202428391,0.6931471805599453,2,New / Promising Customers
12352.0,343.8,2,2010-11-29 10:07:00,10,5.842964538789538,1.0986122886681098,2,New / Promising Customers
12353.0,317.76,1,2010-10-27 12:44:00,43,5.764438468529548,0.6931471805599453,2,New / Promising Customers
12355.0,488.21000000000004,1,2010-05-21 11:59:00,202,6.192791845141295,0.6931471805599453,1,At-Risk / Lost Customers
12356.0,3124.3,3,2010-11-24 12:24:00,15,8.047285557562796,1.3862943611198906,0,Champions/VIPs
12358.0,2519.01,3,2010-11-29 10:56:00,10,7.832018148751564,1.3862943611198906,0,Champions/VIPs
12359.0,2563.36,6,2010-10-10 11:16:00,60,7.8494642138008395,1.9459101490553132,0,Champions/VIPs
12360.0,1310.83,3,2010-11-12 11:31:00,27,7.1791783879379745,1.3862943611198906,0,Champions/VIPs
12361.0,276.35,3,2010-09-03 15:19:00,97,5.6252802465012435,1.3862943611198906,2,New / Promising Customers
12366.0,500.24,1,2010-03-16 10:28:00,268,6.217085028297085,0.6931471805599453,1,At-Risk / Lost Customers
12368.0,917.6999999999999,1,2010-03-21 15:56:00,263,6.822959627277421,0.6931471805599453,1,At-Risk / Lost Customers
12369.0,1511.15,3,2010-10-22 13:13:00,48,7.321287758168061,1.3862943611198906,0,Champions/VIPs
12370.0,534.62,3,2010-03-25 12:10:00,259,6.283424954419326,1.3862943611198906,1,At-Risk / Lost Customers
12371.0,1819.42,3,2010-10-26 13:37:00,44,7.506822522678487,1.3862943611198906,0,Champions/VIPs
12373.0,603.0500000000001,2,2010-03-25 13:49:00,259,6.403656975965573,1.0986122886681098,1,At-Risk / Lost Customers
12374.0,2046.29,2,2010-10-14 10:16:00,56,7.624272246364603,1.0986122886681098,0,Champions/VIPs
12376.0,383.15,2,2010-11-15 12:15:00,24,5.9510331013136435,1.0986122886681098,2,New / Promising Customers
12377.0,1718.2,2,2010-11-23 19:24:00,16,7.449614345328301,1.0986122886681098,0,Champions/VIPs
12378.0,1407.7,1,2010-05-26 14:07:00,197,7.250422572266261,0.6931471805599453,1,At-Risk / Lost Customers
12379.0,692.98,2,2010-10-13 14:46:00,57,6.542443141647741,1.0986122886681098,2,New / Promising Customers
12385.0,1668.4,1,2010-11-25 15:14:00,14,7.420219559416636,0.6931471805599453,2,New / Promising Customers
12386.0,258.9,1,2010-12-08 09:53:00,1,5.560296941647445,0.6931471805599453,2,New / Promising Customers
12387.0,143.94,1,2010-10-20 16:27:00,50,4.976319863681136,0.6931471805599453,2,New / Promising Customers
12388.0,1120.45,2,2010-09-20 12:41:00,80,7.022377769818835,1.0986122886681098,2,New / Promising Customers
12389.0,1433.33,3,2010-11-02 11:52:00,37,7.268453120207762,1.3862943611198906,0,Champions/VIPs
12391.0,2285.18,5,2010-09-01 12:38:00,99,7.734637581412393,1.791759469228055,0,Champions/VIPs
12392.0,234.75000000000003,1,2010-04-27 14:04:00,226,5.462771921513567,0.6931471805599453,1,At-Risk / Lost Customers
12393.0,816.85,2,2010-11-22 16:10:00,17,6.706678945704534,1.0986122886681098,2,New / Promising Customers
12395.0,1868.64,4,2010-12-03 16:35:00,6,7.5335011779465715,1.6094379124341003,0,Champions/VIPs
12396.0,931.43,1,2010-02-03 13:22:00,309,6.837794081676172,0.6931471805599453,1,At-Risk / Lost Customers
12399.0,808.65,3,2010-11-19 08:53:00,20,6.69660205551948,1.3862943611198906,0,Champions/VIPs
12400.0,205.25,1,2010-10-21 13:45:00,49,5.32908902521479,0.6931471805599453,2,New / Promising Customers
12402.0,941.3,5,2010-11-12 09:50:00,27,6.84832369521271,1.791759469228055,0,Champions/VIPs
12403.0,555.6600000000001,1,2010-07-06 11:39:00,156,6.3219546406230736,0.6931471805599453,2,New / Promising Customers
12406.0,2975.06,3,2010-11-05 11:42:00,34,7.998355557040069,1.3862943611198906,0,Champions/VIPs
12408.0,1287.22,3,2010-11-19 13:21:00,20,7.161016699531783,1.3862943611198906,0,Champions/VIPs
12410.0,240.38,1,2010-07-25 13:26:00,137,5.486372455189752,0.6931471805599453,2,New / Promising Customers
12411.0,346.9,1,2010-10-26 09:25:00,44,5.8519150821578965,0.6931471805599453,2,New / Promising Customers
12412.0,1262.05,3,2010-11-02 17:02:00,37,7.141284709848764,1.3862943611198906,0,Champions/VIPs
12413.0,185.35,1,2010-11-02 13:26:00,37,5.227626625925267,0.6931471805599453,2,New / Promising Customers
12414.0,90.0,1,2010-09-02 12:22:00,98,4.51085950651685,0.6931471805599453,2,New / Promising Customers
12416.0,202.56,1,2010-02-21 10:19:00,291,5.315960801720632,0.6931471805599453,1,At-Risk / Lost Customers
12417.0,2772.31,11,2010-10-25 14:27:00,45,7.9277968316502125,2.4849066497880004,0,Champions/VIPs
12418.0,1352.62,3,2010-10-22 10:29:00,48,7.210537764156515,1.3862943611198906,0,Champions/VIPs
12419.0,391.01,2,2010-11-19 10:04:00,20,5.971287349669164,1.0986122886681098,2,New / Promising Customers
12421.0,235.56,2,2010-10-20 14:28:00,50,5.466201875544222,1.0986122886681098,2,New / Promising Customers
12422.0,2955.79,9,2010-11-10 13:19:00,29,7.991859499407014,2.302585092994046,0,Champions/VIPs
12423.0,667.08,2,2010-11-17 11:33:00,22,6.504407926844974,1.0986122886681098,2,New / Promising Customers
12424.0,1579.07,2,2010-10-13 10:29:00,57,7.365224428837097,1.0986122886681098,0,Champions/VIPs
12425.0,964.21,1,2010-09-17 14:10:00,83,6.872345694244244,0.6931471805599453,2,New / Promising Customers
12426.0,690.48,1,2010-02-15 08:41:00,297,6.538834228054586,0.6931471805599453,1,At-Risk / Lost Customers
12427.0,249.5,1,2010-12-03 10:44:00,6,5.523458920524919,0.6931471805599453,2,New / Promising Customers
12429.0,3591.51,5,2010-12-09 12:05:00,0,8.186606401526202,1.791759469228055,0,Champions/VIPs
12434.0,297.29,1,2010-11-23 13:38:00,16,5.698066167660092,0.6931471805599453,2,New / Promising Customers
12439.0,1142.88,2,2010-01-26 12:11:00,317,7.042181271332972,1.0986122886681098,1,At-Risk / Lost Customers
12440.0,739.2,2,2010-09-03 13:11:00,97,6.606920419952056,1.0986122886681098,2,New / Promising Customers
12441.0,155.55,1,2010-12-08 10:45:00,1,5.053375447772415,0.6931471805599453,2,New / Promising Customers
12443.0,365.31,1,2009-12-07 15:42:00,367,5.90347996943943,0.6931471805599453,1,At-Risk / Lost Customers
12445.0,301.58000000000004,1,2010-10-15 12:28:00,55,5.7123457053166895,0.6931471805599453,2,New / Promising Customers
12449.0,678.6,1,2010-09-27 09:37:00,73,6.521504389797777,0.6931471805599453,2,New / Promising Customers
12450.0,490.32,3,2010-11-05 16:27:00,34,6.197095646670894,1.3862943611198906,2,New / Promising Customers
12451.0,3634.36,3,2010-09-02 15:38:00,98,8.198463422202693,1.3862943611198906,0,Champions/VIPs
12455.0,3383.09,4,2010-09-20 14:39:00,80,8.126840316117134,1.6094379124341003,0,Champions/VIPs
12457.0,512.68,1,2010-09-30 17:59:00,70,6.241600503485793,0.6931471805599453,2,New / Promising Customers
12458.0,715.09,2,2010-10-08 11:36:00,62,6.573805857385295,1.0986122886681098,2,New / Promising Customers
12459.0,398.36,1,2010-04-13 14:53:00,240,5.9898632657410085,0.6931471805599453,1,At-Risk / Lost Customers
12460.0,296.65,1,2010-09-09 13:51:00,91,5.695918299599399,0.6931471805599453,2,New / Promising Customers
12467.0,132.8,1,2010-10-12 15:41:00,58,4.896346147694128,0.6931471805599453,2,New / Promising Customers
12468.0,2581.2,3,2010-07-01 10:28:00,161,7.856397027740618,1.3862943611198906,0,Champions/VIPs
12469.0,3070.54,2,2010-07-05 12:40:00,157,8.029934343472139,1.0986122886681098,0,Champions/VIPs
12470.0,211.95,1,2010-01-19 11:01:00,324,5.3610573963692225,0.6931471805599453,1,At-Risk / Lost Customers
12475.0,396.26,1,2010-10-26 08:49:00,44,5.9845909781648094,0.6931471805599453,2,New / Promising Customers
12480.0,1949.22,3,2010-11-05 15:08:00,34,7.575697465706858,1.3862943611198906,0,Champions/VIPs
12483.0,2158.2000000000003,11,2010-11-26 12:35:00,13,7.677493061703795,2.4849066497880004,0,Champions/VIPs
12484.0,1617.78,5,2010-08-13 13:45:00,118,7.3894280580946505,1.791759469228055,0,Champions/VIPs
12485.0,708.1,1,2010-06-28 15:22:00,164,6.563996560309951,0.6931471805599453,1,At-Risk / Lost Customers
12486.0,917.28,1,2010-10-04 12:14:00,66,6.82250235500737,0.6931471805599453,2,New / Promising Customers
12487.0,285.29999999999995,1,2009-12-09 11:36:00,365,5.657040212104069,0.6931471805599453,1,At-Risk / Lost Customers
12492.0,380.0,1,2010-11-01 14:58:00,38,5.942799375126701,0.6931471805599453,2,New / Promising Customers
12494.0,518.77,3,2010-12-09 11:31:00,0,6.253386406036265,1.3862943611198906,2,New / Promising Customers
12495.0,277.4,1,2010-03-09 10:53:00,275,5.629058928460265,0.6931471805599453,1,At-Risk / Lost Customers
12496.0,45.34,2,2010-03-29 14:06:00,255,3.8360055190042304,1.0986122886681098,1,At-Risk / Lost Customers
12499.0,357.72,1,2010-05-28 15:12:00,195,5.882542139883795,0.6931471805599453,1,At-Risk / Lost Customers
12500.0,1499.39,7,2010-09-30 18:45:00,70,7.313480353296159,2.0794415416798357,0,Champions/VIPs
12504.0,261.0,2,2010-10-18 15:09:00,52,5.568344503761097,1.0986122886681098,2,New / Promising Customers
12505.0,787.2,1,2010-10-27 09:18:00,43,6.6697518647609035,0.6931471805599453,2,New / Promising Customers
12507.0,455.25,1,2010-05-04 09:23:00,219,6.123040904896701,0.6931471805599453,1,At-Risk / Lost Customers
12510.0,2224.46,5,2010-09-06 14:27:00,94,7.70771891480528,1.791759469228055,0,Champions/VIPs
12511.0,3084.02,1,2010-10-07 10:39:00,63,8.034313419300645,0.6931471805599453,2,New / Promising Customers
12514.0,580.08,1,2010-03-08 12:18:00,276,6.364888441004683,0.6931471805599453,1,At-Risk / Lost Customers
12516.0,1102.56,2,2010-10-05 09:43:00,65,7.006296596669954,1.0986122886681098,2,New / Promising Customers
12519.0,349.7,1,2010-08-20 08:21:00,111,5.859931157146132,0.6931471805599453,2,New / Promising Customers
12525.0,883.73,3,2010-07-29 16:08:00,133,6.785282513714348,1.3862943611198906,0,Champions/VIPs
12527.0,386.8,2,2010-08-02 12:23:00,129,5.9604897428085515,1.0986122886681098,2,New / Promising Customers
12529.0,316.48,1,2010-06-29 13:10:00,163,5.760414824222675,0.6931471805599453,1,At-Risk / Lost Customers
12530.0,1880.98,5,2010-10-20 15:15:00,50,7.540079693096297,1.791759469228055,0,Champions/VIPs
12531.0,1645.98,1,2010-01-22 14:17:00,321,7.406698586813079,0.6931471805599453,1,At-Risk / Lost Customers
12533.0,1223.89,2,2010-03-22 10:56:00,262,7.110606323028565,1.0986122886681098,1,At-Risk / Lost Customers
12537.0,612.94,1,2010-10-27 08:36:00,43,6.419897203502538,0.6931471805599453,2,New / Promising Customers
12538.0,276.5,1,2010-11-26 13:02:00,13,5.625820933186489,0.6931471805599453,2,New / Promising Customers
12542.0,481.88,2,2010-08-12 19:12:00,119,6.179768175579484,1.0986122886681098,2,New / Promising Customers
12543.0,840.25,1,2010-09-17 15:51:00,83,6.734888880958938,0.6931471805599453,2,New / Promising Customers
12547.0,147.78,1,2010-07-27 13:55:00,135,5.002468704763196,0.6931471805599453,2,New / Promising Customers
12549.0,1570.68,5,2010-05-13 12:05:00,210,7.359900389926559,1.791759469228055,0,Champions/VIPs
12553.0,826.47,2,2010-11-19 12:18:00,20,6.718372852817599,1.0986122886681098,2,New / Promising Customers
12554.0,384.5,1,2010-09-17 12:29:00,83,5.954541193003384,0.6931471805599453,2,New / Promising Customers
12562.0,1041.18,2,2010-11-19 09:35:00,20,6.94906995211635,1.0986122886681098,2,New / Promising Customers
12563.0,221.24,1,2010-10-27 09:52:00,43,5.403757879006034,0.6931471805599453,2,New / Promising Customers
12568.0,52.0,1,2010-03-05 09:15:00,279,3.970291913552122,0.6931471805599453,1,At-Risk / Lost Customers
12573.0,556.87,4,2010-11-23 13:01:00,16,6.324125960328047,1.6094379124341003,0,Champions/VIPs
12575.0,568.8199999999999,2,2010-09-08 13:09:00,92,6.345320521482916,1.0986122886681098,2,New / Promising Customers
12576.0,746.89,3,2010-11-12 12:44:00,27,6.617255908336738,1.3862943611198906,0,Champions/VIPs
12577.0,990.5,5,2010-11-23 14:06:00,16,6.8992189479598505,1.791759469228055,0,Champions/VIPs
12578.0,1623.94,2,2010-11-19 17:21:00,20,7.393226171005241,1.0986122886681098,0,Champions/VIPs
12580.0,583.1999999999999,1,2010-05-12 11:45:00,211,6.37024338995364,0.6931471805599453,1,At-Risk / Lost Customers
12582.0,1469.04,2,2010-10-13 10:52:00,57,7.293044890286926,1.0986122886681098,0,Champions/VIPs
12586.0,1865.73,3,2010-11-30 10:47:00,9,7.531943516050998,1.3862943611198906,0,Champions/VIPs
12588.0,543.88,2,2010-11-05 12:38:00,34,6.300565586933063,1.0986122886681098,2,New / Promising Customers
12589.0,2720.23,4,2010-10-14 11:54:00,56,7.9088392629581294,1.6094379124341003,0,Champions/VIPs
12591.0,746.1,2,2010-11-14 14:32:00,25,6.616199044981755,1.0986122886681098,2,New / Promising Customers
12592.0,1322.04,2,2010-07-08 14:26:00,154,7.187687397973857,1.0986122886681098,0,Champions/VIPs
12594.0,1681.89,5,2010-11-26 12:17:00,13,7.428267832577658,1.791759469228055,0,Champions/VIPs
12595.0,281.02,1,2010-07-23 09:10:00,139,5.641977990409084,0.6931471805599453,2,New / Promising Customers
12598.0,1385.01,3,2010-09-02 14:22:00,98,7.234184394731035,1.3862943611198906,0,Champions/VIPs
12599.0,1138.14,6,2010-11-23 15:49:00,16,7.038028870731349,1.9459101490553132,0,Champions/VIPs
12600.0,2133.31,11,2010-12-03 12:57:00,6,7.665898688415485,2.4849066497880004,0,Champions/VIPs
12601.0,86.2,1,2010-10-31 10:57:00,39,4.468204330914934,0.6931471805599453,2,New / Promising Customers
12605.0,1124.95,3,2010-11-28 14:18:00,11,7.0263824027403485,1.3862943611198906,0,Champions/VIPs
12608.0,415.79,1,2010-10-31 10:49:00,39,6.03258249782888,0.6931471805599453,2,New / Promising Customers
12609.0,2057.01,6,2010-11-30 14:48:00,9,7.6294947754686815,1.9459101490553132,0,Champions/VIPs
12613.0,3184.9900000000002,5,2010-11-16 17:17:00,23,8.066518351733116,1.791759469228055,0,Champions/VIPs
12615.0,3269.79,4,2010-10-22 09:45:00,48,8.092786824927149,1.6094379124341003,0,Champions/VIPs
12616.0,381.8,1,2010-11-16 11:38:00,23,5.947512659578799,0.6931471805599453,2,New / Promising Customers
12619.0,140.14,1,2010-05-28 12:52:00,195,4.949752305572684,0.6931471805599453,1,At-Risk / Lost Customers
12623.0,3046.7400000000002,6,2010-10-19 09:35:00,51,8.022155611330858,1.9459101490553132,0,Champions/VIPs
12625.0,2265.06,2,2010-07-18 15:56:00,144,7.725797919613399,1.0986122886681098,0,Champions/VIPs
12629.0,1198.22,2,2010-11-19 09:18:00,20,7.089426624434505,1.0986122886681098,0,Champions/VIPs
12631.0,2841.07,5,2010-09-09 14:50:00,91,7.952287938895591,1.791759469228055,0,Champions/VIPs
12632.0,714.88,2,2010-07-07 09:39:00,155,6.5735125551492075,1.0986122886681098,2,New / Promising Customers
12633.0,3226.18,3,2010-11-22 13:09:00,17,8.079363969857987,1.3862943611198906,0,Champions/VIPs
12634.0,360.0,1,2010-06-09 15:41:00,183,5.8888779583328805,0.6931471805599453,1,At-Risk / Lost Customers
12635.0,1115.23,2,2010-11-12 15:46:00,27,7.017712214896936,1.0986122886681098,2,New / Promising Customers
12637.0,2280.91,4,2010-11-26 13:50:00,13,7.73276809055576,1.6094379124341003,0,Champions/VIPs
12638.0,169.8,1,2010-03-10 10:30:00,274,5.14049328135447,0.6931471805599453,1,At-Risk / Lost Customers
12639.0,706.27,2,2010-10-01 12:17:00,69,6.561412488325501,1.0986122886681098,2,New / Promising Customers
12644.0,1422.58,3,2010-10-05 10:23:00,65,7.260930104647214,1.3862943611198906,0,Champions/VIPs
12645.0,1584.1200000000001,4,2010-10-26 18:44:00,44,7.36841539322472,1.6094379124341003,0,Champions/VIPs
12648.0,738.95,3,2010-09-28 10:35:00,72,6.606582616347857,1.3862943611198906,0,Champions/VIPs
12649.0,1527.1399999999999,5,2010-11-22 12:57:00,17,7.331806588565981,1.791759469228055,0,Champions/VIPs
12651.0,263.75,3,2010-11-26 11:58:00,13,5.578785984481516,1.3862943611198906,2,New / Promising Customers
12652.0,97.05000000000001,1,2010-10-01 15:16:00,69,4.585477552642355,0.6931471805599453,2,New / Promising Customers
12653.0,1950.98,1,2010-07-01 09:56:00,161,7.576599521018909,0.6931471805599453,2,New / Promising Customers
12655.0,243.35000000000002,1,2010-10-12 09:17:00,58,5.498601623716164,0.6931471805599453,2,New / Promising Customers
12656.0,2104.66,3,2010-10-10 10:43:00,60,7.65238423616574,1.3862943611198906,0,Champions/VIPs
12661.0,162.0,1,2010-09-29 16:46:00,71,5.093750200806762,0.6931471805599453,2,New / Promising Customers
12662.0,2830.2400000000002,10,2010-12-01 13:04:00,8,7.9484700572162765,2.3978952727983707,0,Champions/VIPs
12663.0,185.4,2,2010-03-25 09:40:00,259,5.2278949022514904,1.0986122886681098,1,At-Risk / Lost Customers
12664.0,1028.16,2,2010-07-13 13:28:00,149,6.936498214514349,1.0986122886681098,2,New / Promising Customers
12665.0,214.6,2,2010-10-18 11:34:00,52,5.3734248390348425,1.0986122886681098,2,New / Promising Customers
12666.0,1248.42,1,2010-11-10 16:40:00,29,7.130434722615036,0.6931471805599453,2,New / Promising Customers
12670.0,692.24,2,2010-11-19 10:05:00,20,6.541376259581175,1.0986122886681098,2,New / Promising Customers
12671.0,2622.48,1,2010-04-12 16:30:00,241,7.872256959693859,0.6931471805599453,1,At-Risk / Lost Customers
12672.0,181.15,1,2010-04-23 09:57:00,230,5.204830523454572,0.6931471805599453,1,At-Risk / Lost Customers
12673.0,565.5,1,2010-11-03 10:46:00,36,6.339477080468061,0.6931471805599453,2,New / Promising Customers
12675.0,873.25,2,2010-06-04 09:49:00,188,6.7733663759434855,1.0986122886681098,1,At-Risk / Lost Customers
12676.0,1241.7,4,2010-10-27 09:36:00,43,7.125041710811949,1.6094379124341003,0,Champions/VIPs
12677.0,359.1,2,2010-06-02 14:30:00,190,5.88638177065483,1.0986122886681098,1,At-Risk / Lost Customers
12686.0,71.14,1,2010-12-03 09:51:00,6,4.278608675475393,0.6931471805599453,2,New / Promising Customers
12687.0,1858.91,1,2010-08-16 12:12:00,115,7.528283378439779,0.6931471805599453,2,New / Promising Customers
12691.0,116.6,1,2010-10-15 12:00:00,55,4.767289035464526,0.6931471805599453,2,New / Promising Customers
12692.0,110.95,1,2010-03-12 14:02:00,272,4.718052343044764,0.6931471805599453,1,At-Risk / Lost Customers
12693.0,703.11,3,2010-11-08 14:57:00,31,6.556934593952283,1.3862943611198906,0,Champions/VIPs
12694.0,901.68,1,2010-10-14 19:39:00,56,6.805368116303709,0.6931471805599453,2,New / Promising Customers
12695.0,789.02,3,2010-06-29 16:12:00,163,6.672058261596307,1.3862943611198906,0,Champions/VIPs
12696.0,731.91,2,2010-10-01 10:43:00,69,6.597022911264972,1.0986122886681098,2,New / Promising Customers
12698.0,285.75,1,2010-04-28 15:51:00,225,5.65861075600948,0.6931471805599453,1,At-Risk / Lost Customers
12699.0,566.11,1,2010-10-18 12:07:00,52,6.340553288438838,0.6931471805599453,2,New / Promising Customers
12701.0,1522.7,4,2010-06-28 13:44:00,164,7.328896866475309,1.6094379124341003,0,Champions/VIPs
12703.0,632.98,3,2010-03-16 13:22:00,268,6.452017408198324,1.3862943611198906,1,At-Risk / Lost Customers
12708.0,2295.19,9,2010-12-06 10:43:00,3,7.739006506628889,2.302585092994046,0,Champions/VIPs
12711.0,1213.05,2,2010-04-07 11:59:00,246,7.101717156932767,1.0986122886681098,1,At-Risk / Lost Customers
12712.0,2473.53,10,2010-12-09 11:39:00,0,7.813805757979796,2.3978952727983707,0,Champions/VIPs
12717.0,227.93,1,2010-04-28 14:34:00,225,5.433416279969651,0.6931471805599453,1,At-Risk / Lost Customers
12720.0,2190.94,5,2010-12-05 15:21:00,4,7.6925422754305055,1.791759469228055,0,Champions/VIPs
12721.0,1248.95,2,2010-11-19 15:13:00,20,7.130858829496326,1.0986122886681098,0,Champions/VIPs
12724.0,1160.11,3,2010-11-21 13:26:00,18,7.057131723118481,1.3862943611198906,0,Champions/VIPs
12725.0,1906.76,3,2010-12-03 15:45:00,6,7.553685057932967,1.3862943611198906,0,Champions/VIPs
12726.0,1279.5,4,2010-11-17 16:59:00,22,7.15500590563958,1.6094379124341003,0,Champions/VIPs
12727.0,1464.8300000000002,3,2010-09-23 10:45:00,77,7.290176913921689,1.3862943611198906,0,Champions/VIPs
12728.0,197.84,1,2010-11-21 11:34:00,18,5.2925004812264715,0.6931471805599453,2,New / Promising Customers
12730.0,703.25,1,2010-07-06 12:19:00,156,6.557133406756482,0.6931471805599453,2,New / Promising Customers
12733.0,2040.07,3,2010-11-15 13:56:00,24,7.621229459134997,1.3862943611198906,0,Champions/VIPs
12734.0,493.25,2,2010-11-30 11:05:00,9,6.203041462050726,1.0986122886681098,2,New / Promising Customers
12738.0,137.35,1,2010-12-02 18:27:00,7,4.929786706232935,0.6931471805599453,2,New / Promising Customers
12739.0,1445.69,1,2010-11-10 14:27:00,29,7.277033467328527,0.6931471805599453,2,New / Promising Customers
12741.0,236.07,1,2010-06-24 16:24:00,168,5.468355456175141,0.6931471805599453,1,At-Risk / Lost Customers
12742.0,1201.52,1,2010-03-24 12:43:00,260,7.092174633858238,0.6931471805599453,1,At-Risk / Lost Customers
12745.0,723.85,2,2010-08-10 10:14:00,121,6.585964736896907,1.0986122886681098,2,New / Promising Customers
12746.0,254.55,1,2010-06-17 10:41:00,175,5.543418085214289,0.6931471805599453,1,At-Risk / Lost Customers
12749.0,2806.48,4,2010-11-05 13:56:00,34,7.940042562811623,1.6094379124341003,0,Champions/VIPs
12751.0,268.27,1,2010-09-21 12:49:00,79,5.595714593686387,0.6931471805599453,2,New / Promising Customers
12755.0,1424.31,9,2010-11-19 13:19:00,20,7.262144612903166,2.302585092994046,0,Champions/VIPs
12759.0,3207.3,5,2010-11-18 19:14:00,21,8.073496480823513,1.791759469228055,0,Champions/VIPs
12760.0,317.8,1,2010-09-10 08:50:00,90,5.76456394691606,0.6931471805599453,2,New / Promising Customers
12761.0,712.95,1,2010-09-01 10:47:00,99,6.570812931876304,0.6931471805599453,2,New / Promising Customers
12763.0,320.08,1,2010-12-05 15:46:00,4,5.771690313263376,0.6931471805599453,2,New / Promising Customers
12765.0,1299.58,6,2010-08-24 13:51:00,107,7.170565597798747,1.9459101490553132,0,Champions/VIPs
12766.0,2658.65,3,2010-12-08 13:53:00,1,7.8859498141711075,1.3862943611198906,0,Champions/VIPs
12767.0,949.82,1,2010-11-29 09:38:00,10,6.857324770182772,0.6931471805599453,2,New / Promising Customers
12768.0,168.69000000000003,1,2010-09-15 12:08:00,85,5.133973242984735,0.6931471805599453,2,New / Promising Customers
12770.0,1895.0,1,2010-09-09 11:43:00,91,7.547501682814967,0.6931471805599453,2,New / Promising Customers
12771.0,226.3,1,2010-08-11 11:51:00,120,5.426270730858498,0.6931471805599453,2,New / Promising Customers
12773.0,124.25,1,2010-05-24 17:30:00,199,4.830311739964974,0.6931471805599453,1,At-Risk / Lost Customers
12774.0,83.7,1,2010-06-22 10:38:00,170,4.439115601658009,0.6931471805599453,1,At-Risk / Lost Customers
12775.0,270.08,2,2010-11-16 15:14:00,23,5.6024139802679125,1.0986122886681098,2,New / Promising Customers
12776.0,27.5,1,2010-02-10 12:11:00,302,3.349904087274605,0.6931471805599453,1,At-Risk / Lost Customers
12777.0,519.45,1,2010-09-08 11:35:00,92,6.254693821961477,0.6931471805599453,2,New / Promising Customers
12778.0,848.45,3,2010-11-08 10:51:00,31,6.744589081227923,1.3862943611198906,0,Champions/VIPs
12779.0,2740.91,7,2010-12-03 13:40:00,6,7.91641003682647,2.0794415416798357,0,Champions/VIPs
12780.0,322.4,1,2010-04-20 09:40:00,233,5.778889947143006,0.6931471805599453,1,At-Risk / Lost Customers
12782.0,1923.32,6,2010-11-30 11:37:00,9,7.562327937562307,1.9459101490553132,0,Champions/VIPs
12784.0,1034.33,1,2010-06-28 13:06:00,164,6.942475495460323,0.6931471805599453,2,New / Promising Customers
12785.0,648.45,2,2010-06-22 12:16:00,170,6.476125850853293,1.0986122886681098,1,At-Risk / Lost Customers
12786.0,668.5,1,2010-04-09 12:12:00,244,6.506531165131227,0.6931471805599453,1,At-Risk / Lost Customers
12787.0,380.52,1,2010-10-22 14:57:00,48,5.944163273989969,0.6931471805599453,2,New / Promising Customers
12788.0,384.9,4,2010-09-02 14:21:00,98,5.955578268543573,1.6094379124341003,0,Champions/VIPs
12789.0,148.5,2,2010-07-15 12:43:00,147,5.0072963928307415,1.0986122886681098,1,At-Risk / Lost Customers
12790.0,251.92999999999998,1,2010-10-25 13:04:00,45,5.533112770602694,0.6931471805599453,2,New / Promising Customers
12791.0,656.83,5,2010-12-01 11:27:00,8,6.488946539282354,1.791759469228055,0,Champions/VIPs
12792.0,370.47,1,2010-06-23 10:49:00,169,5.917468107195847,0.6931471805599453,1,At-Risk / Lost Customers
12793.0,387.85,2,2010-12-03 15:14:00,6,5.9631936651409525,1.0986122886681098,2,New / Promising Customers
12796.0,351.0,1,2010-03-21 15:49:00,263,5.863631175598097,0.6931471805599453,1,At-Risk / Lost Customers
12797.0,468.08000000000004,2,2010-12-09 10:55:00,0,6.150773329592864,1.0986122886681098,2,New / Promising Customers
12798.0,1253.09,1,2010-10-14 12:27:00,56,7.134165488952427,0.6931471805599453,2,New / Promising Customers
12799.0,219.35,1,2010-06-28 15:57:00,164,5.395217191287996,0.6931471805599453,1,At-Risk / Lost Customers
12800.0,500.25,2,2010-08-26 14:11:00,105,6.217104978620779,1.0986122886681098,2,New / Promising Customers
12801.0,871.82,1,2010-07-27 09:38:00,135,6.771729349013426,0.6931471805599453,2,New / Promising Customers
12802.0,1788.84,4,2010-09-21 15:57:00,79,7.489881509364821,1.6094379124341003,0,Champions/VIPs
12803.0,1017.81,1,2010-11-11 14:57:00,28,6.92639055852631,0.6931471805599453,2,New / Promising Customers
12804.0,325.37,2,2010-08-31 11:58:00,100,5.788031707101101,1.0986122886681098,2,New / Promising Customers
12805.0,1230.95,4,2010-11-23 12:27:00,16,7.116353558854311,1.6094379124341003,0,Champions/VIPs
12806.0,2024.72,2,2010-05-16 13:49:00,207,7.613680471901298,1.0986122886681098,0,Champions/VIPs
12807.0,250.35,1,2010-11-21 14:21:00,18,5.5268463901385845,0.6931471805599453,2,New / Promising Customers
12808.0,394.45,3,2010-12-06 10:27:00,3,5.980024356965426,1.3862943611198906,2,New / Promising Customers
12809.0,979.03,2,2010-05-23 11:08:00,200,6.88758318344097,1.0986122886681098,1,At-Risk / Lost Customers
12810.0,534.99,2,2010-06-23 10:53:00,169,6.284115504180345,1.0986122886681098,1,At-Risk / Lost Customers
12811.0,435.05,2,2010-11-26 09:49:00,13,6.077756915672994,1.0986122886681098,2,New / Promising Customers
12813.0,1621.8,3,2010-07-26 09:50:00,136,7.391908331332292,1.3862943611198906,0,Champions/VIPs
12817.0,444.94,2,2010-11-05 08:28:00,34,6.100184413822224,1.0986122886681098,2,New / Promising Customers
12819.0,540.52,1,2010-09-07 15:20:00,93,6.294380000200352,0.6931471805599453,2,New / Promising Customers
12820.0,1747.18,7,2010-11-07 14:26:00,32,7.466330525742312,2.0794415416798357,0,Champions/VIPs
12821.0,128.07999999999998,1,2010-04-07 15:14:00,246,4.860432367183761,0.6931471805599453,1,At-Risk / Lost Customers
12825.0,518.63,2,2010-07-06 13:56:00,156,6.253117019850299,1.0986122886681098,2,New / Promising Customers
12826.0,1481.03,6,2010-12-09 15:21:00,0,7.301168048566127,1.9459101490553132,0,Champions/VIPs
12829.0,92.30000000000001,1,2010-06-07 15:04:00,185,4.535820107853298,0.6931471805599453,1,At-Risk / Lost Customers
12831.0,236.06,2,2010-09-02 16:00:00,98,5.468313273651354,1.0986122886681098,2,New / Promising Customers
12837.0,528.5600000000001,1,2010-05-19 15:10:00,204,6.272046473069456,0.6931471805599453,1,At-Risk / Lost Customers
12838.0,2694.75,9,2010-12-01 11:57:00,8,7.899431737762182,2.302585092994046,0,Champions/VIPs
12840.0,1315.2,3,2010-09-28 17:58:00,72,7.182504076022019,1.3862943611198906,0,Champions/VIPs
12842.0,799.0,2,2010-10-31 10:45:00,39,6.684611727667927,1.0986122886681098,2,New / Promising Customers
12844.0,322.64,2,2010-09-23 16:23:00,77,5.779631786939639,1.0986122886681098,2,New / Promising Customers
12847.0,765.36,1,2010-11-17 12:44:00,22,6.641652033227792,0.6931471805599453,2,New / Promising Customers
12848.0,208.0,1,2010-02-02 12:45:00,310,5.342334251964811,0.6931471805599453,1,At-Risk / Lost Customers
12849.0,2023.33,4,2010-11-23 11:41:00,16,7.612994060595474,1.6094379124341003,0,Champions/VIPs
12850.0,330.0,1,2010-09-20 12:26:00,80,5.802118375377063,0.6931471805599453,2,New / Promising Customers
12851.0,148.95,1,2010-08-19 15:13:00,112,5.010301905195018,0.6931471805599453,2,New / Promising Customers
12853.0,1950.4,5,2010-10-08 14:51:00,62,7.576302342673849,1.791759469228055,0,Champions/VIPs
12854.0,1654.72,4,2010-05-27 16:54:00,196,7.411991238523607,1.6094379124341003,0,Champions/VIPs
12855.0,612.84,4,2010-12-02 09:37:00,7,6.41973430786941,1.6094379124341003,0,Champions/VIPs
12857.0,2581.6,4,2010-09-29 16:49:00,71,7.856551922412551,1.6094379124341003,0,Champions/VIPs
12858.0,147.27,1,2010-11-21 12:55:00,18,4.999034936029934,0.6931471805599453,2,New / Promising Customers
12859.0,575.1,1,2010-09-07 12:20:00,93,6.356281256738337,0.6931471805599453,2,New / Promising Customers
12860.0,54.22,1,2010-01-15 15:22:00,328,4.011325206502009,0.6931471805599453,1,At-Risk / Lost Customers
12861.0,68.25,1,2010-03-30 11:39:00,254,4.237723145067448,0.6931471805599453,1,At-Risk / Lost Customers
12862.0,984.62,2,2010-10-10 11:47:00,60,6.893270884781163,1.0986122886681098,2,New / Promising Customers
12863.0,2271.35,5,2010-11-25 17:47:00,14,7.728569817272442,1.791759469228055,0,Champions/VIPs
12864.0,152.45,1,2010-07-19 17:22:00,143,5.033374781065745,0.6931471805599453,1,At-Risk / Lost Customers
12865.0,1755.24,2,2010-11-26 15:37:00,13,7.4709304391156675,1.0986122886681098,0,Champions/VIPs
12866.0,593.23,2,2010-08-22 15:48:00,109,6.38726644980519,1.0986122886681098,2,New / Promising Customers
12868.0,640.0,3,2010-12-01 12:50:00,8,6.46302945692067,1.3862943611198906,0,Champions/VIPs
12869.0,337.66999999999996,1,2010-01-27 12:10:00,316,5.825026181941565,0.6931471805599453,1,At-Risk / Lost Customers
12870.0,1676.95,3,2010-11-29 13:42:00,10,7.42532808920537,1.3862943611198906,0,Champions/VIPs
12871.0,363.38,1,2010-09-26 10:34:00,74,5.8981972791375386,0.6931471805599453,2,New / Promising Customers
12872.0,3062.52,11,2010-12-09 14:44:00,0,8.027319860624894,2.4849066497880004,0,Champions/VIPs
12873.0,1653.3,2,2010-11-07 11:15:00,32,7.411133237612971,1.0986122886681098,0,Champions/VIPs
12874.0,873.42,2,2010-11-19 15:23:00,20,6.773560809427831,1.0986122886681098,2,New / Promising Customers
12875.0,622.0799999999999,3,2010-08-25 14:35:00,106,6.434674921458405,1.3862943611198906,0,Champions/VIPs
12876.0,1698.77,2,2010-11-10 12:21:00,29,7.438248226773585,1.0986122886681098,0,Champions/VIPs
12877.0,1406.3700000000001,8,2010-11-03 13:53:00,36,7.249477993403599,2.1972245773362196,0,Champions/VIPs
12880.0,640.13,2,2010-11-23 10:50:00,16,6.463232244470209,1.0986122886681098,2,New / Promising Customers
12887.0,222.4,1,2010-11-21 11:18:00,18,5.4089638866351,0.6931471805599453,2,New / Promising Customers
12889.0,385.46000000000004,4,2010-11-23 16:08:00,16,5.957028369786855,1.6094379124341003,0,Champions/VIPs
12890.0,329.3,1,2010-11-17 14:06:00,22,5.800001332396744,0.6931471805599453,2,New / Promising Customers
12891.0,305.5,7,2010-09-07 15:31:00,93,5.725217755376266,2.0794415416798357,0,Champions/VIPs
12892.0,263.38,1,2010-11-08 09:51:00,31,5.577387462151254,0.6931471805599453,2,New / Promising Customers
12894.0,157.35,1,2010-05-13 14:47:00,210,5.064807772984649,0.6931471805599453,1,At-Risk / Lost Customers
12897.0,297.75,2,2010-11-23 13:29:00,16,5.699607103245721,1.0986122886681098,2,New / Promising Customers
12898.0,296.21000000000004,2,2010-09-02 08:08:00,98,5.6944389596530485,1.0986122886681098,2,New / Promising Customers
12899.0,366.4,1,2010-10-22 09:53:00,48,5.906451172781026,0.6931471805599453,2,New / Promising Customers
12900.0,340.33,1,2010-10-13 15:17:00,57,5.832849751258659,0.6931471805599453,2,New / Promising Customers
12903.0,833.53,1,2010-10-07 12:39:00,63,6.726868692126177,0.6931471805599453,2,New / Promising Customers
12905.0,1018.42,2,2010-05-12 10:05:00,211,6.926989117097435,1.0986122886681098,1,At-Risk / Lost Customers
12907.0,508.91,2,2010-11-09 12:08:00,30,6.23423423955737,1.0986122886681098,2,New / Promising Customers
12909.0,924.52,3,2010-10-11 09:44:00,59,6.830355741720633,1.3862943611198906,0,Champions/VIPs
12910.0,2721.48,5,2010-11-25 12:27:00,14,7.909298508590968,1.791759469228055,0,Champions/VIPs
12911.0,1651.72,1,2010-06-06 12:13:00,186,7.410177694483373,0.6931471805599453,1,At-Risk / Lost Customers
12914.0,223.98,1,2010-11-04 12:28:00,35,5.4160115093646795,0.6931471805599453,2,New / Promising Customers
12915.0,811.1,3,2010-12-02 12:33:00,7,6.699623485288365,1.3862943611198906,0,Champions/VIPs
12916.0,1534.78,3,2010-09-23 11:57:00,77,7.336793674282674,1.3862943611198906,0,Champions/VIPs
12920.0,323.86,3,2010-05-17 12:57:00,206,5.78339432029125,1.3862943611198906,1,At-Risk / Lost Customers
12923.0,597.6,2,2010-11-14 13:16:00,25,6.394593595418598,1.0986122886681098,2,New / Promising Customers
12924.0,1535.7,8,2010-11-11 15:21:00,28,7.337392539061287,2.1972245773362196,0,Champions/VIPs
12925.0,35.28,1,2010-04-26 10:32:00,227,3.591266625246936,0.6931471805599453,1,At-Risk / Lost Customers
12926.0,1523.59,4,2010-10-24 15:57:00,46,7.329480800435194,1.6094379124341003,0,Champions/VIPs
12927.0,197.31,1,2010-11-10 10:02:00,29,5.289831462897738,0.6931471805599453,2,New / Promising Customers
12928.0,2242.19,7,2010-11-26 15:53:00,13,7.715654238913073,2.0794415416798357,0,Champions/VIPs
12932.0,1698.56,8,2010-06-18 14:22:00,174,7.438124673014305,2.1972245773362196,0,Champions/VIPs
12933.0,1029.1,5,2010-11-24 17:11:00,15,6.937411163889648,1.791759469228055,0,Champions/VIPs
12934.0,181.65,1,2009-12-03 10:51:00,371,5.207571753241291,0.6931471805599453,1,At-Risk / Lost Customers
12935.0,2083.16,8,2010-11-29 13:55:00,10,7.642121175358037,2.1972245773362196,0,Champions/VIPs
12937.0,1593.34,5,2010-09-02 16:01:00,98,7.374215136479505,1.791759469228055,0,Champions/VIPs
12941.0,377.49,1,2009-12-15 13:12:00,359,5.936189652449227,0.6931471805599453,1,At-Risk / Lost Customers
12942.0,258.75,1,2010-12-09 09:34:00,0,5.5597196299793366,0.6931471805599453,2,New / Promising Customers
12943.0,496.5,2,2010-05-30 13:52:00,193,6.209595556598647,1.0986122886681098,1,At-Risk / Lost Customers
12945.0,437.16,1,2010-02-21 15:18:00,291,6.082584140475466,0.6931471805599453,1,At-Risk / Lost Customers
12946.0,324.45,1,2010-09-29 10:14:00,71,5.785208840018396,0.6931471805599453,2,New / Promising Customers
12947.0,304.04,1,2010-12-01 16:21:00,8,5.720442915549309,0.6931471805599453,2,New / Promising Customers
12948.0,252.48000000000002,2,2009-12-09 11:46:00,365,5.535284924455317,1.0986122886681098,1,At-Risk / Lost Customers
12951.0,2149.65,9,2010-11-18 12:11:00,21,7.6735254010119345,2.302585092994046,0,Champions/VIPs
12953.0,498.96000000000004,1,2010-07-05 13:37:00,157,6.214528095222021,0.6931471805599453,2,New / Promising Customers
12954.0,162.45,1,2010-03-11 10:16:00,273,5.09650713317022,0.6931471805599453,1,At-Risk / Lost Customers
12956.0,413.82,3,2010-01-24 10:33:00,319,6.027844691200732,1.3862943611198906,1,At-Risk / Lost Customers
12958.0,467.34,2,2010-11-04 16:16:00,35,6.149194527873866,1.0986122886681098,2,New / Promising Customers
12959.0,150.95,1,2010-08-12 17:20:00,119,5.023551519362802,0.6931471805599453,2,New / Promising Customers
12960.0,1322.07,4,2010-10-22 09:31:00,48,7.187710072768178,1.6094379124341003,0,Champions/VIPs
12961.0,211.99,1,2010-11-25 16:44:00,14,5.361245216250509,0.6931471805599453,2,New / Promising Customers
12963.0,1744.96,5,2010-12-09 09:14:00,0,7.465059826629675,1.791759469228055,0,Champions/VIPs
12964.0,132.24,1,2010-09-28 17:47:00,72,4.892152013325479,0.6931471805599453,2,New / Promising Customers
12967.0,2646.02,2,2010-12-03 09:49:00,6,7.881189757922018,1.0986122886681098,0,Champions/VIPs
12969.0,122.45,1,2010-04-16 10:50:00,237,4.8158362157911885,0.6931471805599453,1,At-Risk / Lost Customers
12970.0,1047.07,6,2010-11-24 13:08:00,15,6.954705656543505,1.9459101490553132,0,Champions/VIPs
12972.0,1161.2,4,2010-10-22 08:41:00,48,7.058070039641005,1.6094379124341003,0,Champions/VIPs
12973.0,385.55,1,2010-10-22 10:14:00,48,5.957261225766484,0.6931471805599453,2,New / Promising Customers
12974.0,264.15,1,2010-05-23 11:45:00,200,5.580295703583139,0.6931471805599453,1,At-Risk / Lost Customers
12975.0,2100.09,6,2010-09-29 09:46:00,71,7.650211536671941,1.9459101490553132,0,Champions/VIPs
12976.0,2417.7799999999997,7,2010-11-26 14:51:00,13,7.791018559801949,2.0794415416798357,0,Champions/VIPs
12977.0,474.64,3,2010-07-26 12:34:00,136,6.164661265569378,1.3862943611198906,2,New / Promising Customers
12978.0,2502.82,5,2010-11-19 14:29:00,20,7.825572844652115,1.791759469228055,0,Champions/VIPs
12979.0,517.7,1,2009-12-10 15:45:00,364,6.251325681357355,0.6931471805599453,1,At-Risk / Lost Customers
12982.0,2354.27,7,2010-11-10 08:50:00,29,7.764410649560275,2.0794415416798357,0,Champions/VIPs
12983.0,490.08000000000004,1,2010-04-20 12:58:00,233,6.196607047312639,0.6931471805599453,1,At-Risk / Lost Customers
12986.0,2729.84,10,2010-10-07 11:57:00,63,7.912364533159128,2.3978952727983707,0,Champions/VIPs
12987.0,753.51,3,2010-10-15 13:48:00,55,6.626068531930543,1.3862943611198906,0,Champions/VIPs
12990.0,546.0,4,2010-10-18 08:56:00,52,6.304448802421981,1.6094379124341003,0,Champions/VIPs
12991.0,261.06,1,2010-11-15 13:43:00,24,5.568573485176439,0.6931471805599453,2,New / Promising Customers
12992.0,93.35000000000001,1,2009-12-14 16:46:00,360,4.54701127181456,0.6931471805599453,1,At-Risk / Lost Customers
12993.0,844.87,4,2010-09-20 13:09:00,80,6.740365683496054,1.6094379124341003,0,Champions/VIPs
12996.0,355.5,1,2010-11-29 09:27:00,10,5.8763342398543505,0.6931471805599453,2,New / Promising Customers
12997.0,884.02,4,2010-11-10 12:16:00,29,6.785610243622635,1.6094379124341003,0,Champions/VIPs
12998.0,920.08,3,2010-08-04 08:05:00,127,6.825546894589419,1.3862943611198906,0,Champions/VIPs
13000.0,497.65000000000003,1,2009-12-14 17:03:00,360,6.2119044468478775,0.6931471805599453,1,At-Risk / Lost Customers
13002.0,293.18,2,2010-10-19 12:23:00,51,5.684191824891197,1.0986122886681098,2,New / Promising Customers
13005.0,485.98,2,2010-10-04 11:07:00,66,6.188223054477479,1.0986122886681098,2,New / Promising Customers
13007.0,175.25,1,2010-05-09 10:38:00,214,5.171903441692378,0.6931471805599453,1,At-Risk / Lost Customers
13008.0,382.66,2,2010-11-07 10:34:00,32,5.949756743708192,1.0986122886681098,2,New / Promising Customers
13009.0,234.0,1,2010-02-05 12:22:00,307,5.459585514144159,0.6931471805599453,1,At-Risk / Lost Customers
13010.0,330.12,2,2010-11-30 15:09:00,9,5.802480847440477,1.0986122886681098,2,New / Promising Customers
13011.0,50.550000000000004,1,2010-12-02 17:22:00,7,3.942552210462969,0.6931471805599453,2,New / Promising Customers
13012.0,1310.99,3,2010-10-06 10:40:00,64,7.179300347523768,1.3862943611198906,0,Champions/VIPs
13014.0,1914.8,1,2010-10-03 11:35:00,67,7.557890568948792,0.6931471805599453,2,New / Promising Customers
13015.0,3240.14,6,2010-09-27 10:39:00,73,8.08368039875288,1.9459101490553132,0,Champions/VIPs
13018.0,2485.46,7,2010-10-22 13:11:00,48,7.818615291156305,2.0794415416798357,0,Champions/VIPs
13019.0,1229.95,6,2010-11-25 14:56:00,14,7.115541507975305,1.9459101490553132,0,Champions/VIPs
13020.0,618.96,2,2010-05-26 11:12:00,197,6.42965495982885,1.0986122886681098,1,At-Risk / Lost Customers
13021.0,2270.86,8,2010-11-30 13:31:00,9,7.7283541582241595,2.1972245773362196,0,Champions/VIPs
13022.0,50.3,1,2010-10-06 10:50:00,64,3.937690752176724,0.6931471805599453,2,New / Promising Customers
13023.0,651.13,1,2010-06-29 09:52:00,163,6.480243928554874,0.6931471805599453,1,At-Risk / Lost Customers
13024.0,555.87,2,2010-08-26 09:42:00,105,6.32233181950912,1.0986122886681098,2,New / Promising Customers
13025.0,323.39,1,2009-12-08 10:02:00,366,5.781946495625555,0.6931471805599453,1,At-Risk / Lost Customers
13026.0,757.72,4,2010-08-08 10:43:00,123,6.631632802877041,1.6094379124341003,0,Champions/VIPs
13027.0,3484.8,11,2010-10-26 10:29:00,44,8.15645285208758,2.4849066497880004,0,Champions/VIPs
13029.0,679.8,2,2010-11-30 08:59:00,9,6.523268577259164,1.0986122886681098,2,New / Promising Customers
13030.0,402.36,1,2010-12-06 14:31:00,3,5.999829463439609,0.6931471805599453,2,New / Promising Customers
13031.0,3292.84,5,2010-10-28 15:34:00,42,8.099809336394545,1.791759469228055,0,Champions/VIPs
13032.0,1805.78,7,2010-11-12 12:49:00,27,7.499301534425405,2.0794415416798357,0,Champions/VIPs
13033.0,30.0,1,2010-10-06 09:37:00,64,3.4339872044851463,0.6931471805599453,2,New / Promising Customers
13034.0,279.91,2,2010-12-05 14:52:00,4,5.638034333334139,1.0986122886681098,2,New / Promising Customers
13035.0,442.32,1,2010-10-04 15:41:00,66,6.094291856907453,0.6931471805599453,2,New / Promising Customers
13036.0,307.1,1,2010-01-24 11:35:00,319,5.730424405602622,0.6931471805599453,1,At-Risk / Lost Customers
13037.0,3033.88,9,2010-11-05 10:39:00,34,8.017927163996932,2.302585092994046,0,Champions/VIPs
13039.0,1010.73,4,2010-05-04 16:45:00,219,6.919417015831408,1.6094379124341003,0,Champions/VIPs
13041.0,799.13,4,2010-09-15 11:44:00,85,6.684774214466232,1.6094379124341003,0,Champions/VIPs
13042.0,1488.59,3,2010-04-20 13:43:00,233,7.306256193288668,1.3862943611198906,0,Champions/VIPs
13045.0,503.64,2,2010-11-03 12:49:00,36,6.223845303774674,1.0986122886681098,2,New / Promising Customers
13046.0,319.94,1,2010-09-09 13:09:00,91,5.771254189771214,0.6931471805599453,2,New / Promising Customers
13048.0,2229.72,5,2010-09-29 13:49:00,71,7.7100796822980335,1.791759469228055,0,Champions/VIPs
13049.0,751.5600000000001,2,2010-11-15 14:44:00,24,6.623480727663696,1.0986122886681098,2,New / Promising Customers
13051.0,155.8,2,2010-05-10 09:14:00,213,5.054971107916307,1.0986122886681098,1,At-Risk / Lost Customers
13052.0,2770.33,6,2010-10-15 14:47:00,55,7.927082628353276,1.9459101490553132,0,Champions/VIPs
13053.0,127.65,1,2010-03-28 11:28:00,256,4.857095538727753,0.6931471805599453,1,At-Risk / Lost Customers
13055.0,1106.7,1,2010-10-06 08:17:00,64,7.010041072522887,0.6931471805599453,2,New / Promising Customers
13056.0,209.48,1,2010-06-06 14:10:00,186,5.349390636732037,0.6931471805599453,1,At-Risk / Lost Customers
13057.0,709.59,3,2010-06-27 15:44:00,165,6.566095610873215,1.3862943611198906,0,Champions/VIPs
13059.0,2108.37,9,2010-10-22 16:11:00,48,7.6541446036877145,2.302585092994046,0,Champions/VIPs
13063.0,188.4,1,2010-08-16 12:27:00,115,5.243861180751978,0.6931471805599453,2,New / Promising Customers
13064.0,561.25,2,2010-06-07 16:28:00,185,6.331946590839425,1.0986122886681098,1,At-Risk / Lost Customers
13065.0,1055.05,5,2010-12-01 16:52:00,8,6.962290811630151,1.791759469228055,0,Champions/VIPs
13067.0,393.05,2,2010-10-26 12:15:00,44,5.976477804799659,1.0986122886681098,2,New / Promising Customers
13070.0,522.9,3,2010-09-06 12:37:00,94,6.261300826414174,1.3862943611198906,2,New / Promising Customers
13071.0,129.22,1,2010-04-06 13:37:00,247,4.869225327808716,0.6931471805599453,1,At-Risk / Lost Customers
13073.0,418.08,2,2010-10-24 14:06:00,46,6.038061832484764,1.0986122886681098,2,New / Promising Customers
13074.0,1378.74,4,2010-07-16 16:53:00,146,7.229650354603547,1.6094379124341003,0,Champions/VIPs
13076.0,135.4,1,2010-09-08 10:27:00,92,4.915591745409362,0.6931471805599453,2,New / Promising Customers
13077.0,2326.35,8,2010-12-08 14:59:00,1,7.752485560243072,2.1972245773362196,0,Champions/VIPs
13079.0,199.08,1,2010-10-18 14:15:00,52,5.298717286569364,0.6931471805599453,2,New / Promising Customers
13080.0,222.65,3,2010-11-03 14:34:00,36,5.410082329878857,1.3862943611198906,2,New / Promising Customers
13082.0,2456.7200000000003,10,2010-10-11 14:19:00,59,7.806989369886299,2.3978952727983707,0,Champions/VIPs
13083.0,91.67999999999999,1,2010-10-10 13:38:00,60,4.529152699564175,0.6931471805599453,2,New / Promising Customers
13084.0,122.39999999999999,1,2010-08-05 08:49:00,126,4.8154311114712876,0.6931471805599453,2,New / Promising Customers
13085.0,2017.2,6,2010-01-29 11:42:00,314,7.609961304030429,1.9459101490553132,0,Champions/VIPs
13086.0,439.33000000000004,1,2010-11-22 10:28:00,17,6.087524445802853,0.6931471805599453,2,New / Promising Customers
13087.0,313.64,1,2009-12-13 15:16:00,361,5.751429128123554,0.6931471805599453,1,At-Risk / Lost Customers
13088.0,236.11,1,2010-10-18 15:35:00,52,5.468524168478886,0.6931471805599453,2,New / Promising Customers
13091.0,762.98,1,2009-12-10 12:44:00,364,6.638541610813399,0.6931471805599453,1,At-Risk / Lost Customers
13092.0,1662.45,7,2010-10-21 13:02:00,49,7.416649037898301,2.0794415416798357,0,Champions/VIPs
13094.0,505.8,2,2010-12-06 10:34:00,3,6.228116448446984,1.0986122886681098,2,New / Promising Customers
13096.0,419.70000000000005,1,2010-11-10 14:08:00,29,6.041919990596475,0.6931471805599453,2,New / Promising Customers
13101.0,594.21,3,2010-07-29 14:45:00,133,6.388914284453015,1.3862943611198906,2,New / Promising Customers
13103.0,465.70000000000005,2,2010-09-28 11:48:00,72,6.14568665295577,1.0986122886681098,2,New / Promising Customers
13104.0,610.62,3,2010-10-20 14:38:00,50,6.416111174632075,1.3862943611198906,0,Champions/VIPs
13105.0,72.0,1,2010-09-29 13:41:00,71,4.290459441148391,0.6931471805599453,2,New / Promising Customers
13106.0,526.96,1,2010-10-22 13:10:00,48,6.269020523260754,0.6931471805599453,2,New / Promising Customers
13107.0,3721.45,5,2010-10-22 10:35:00,48,8.22213733263451,1.791759469228055,0,Champions/VIPs
13108.0,748.46,2,2010-12-02 10:35:00,7,6.619352947205873,1.0986122886681098,2,New / Promising Customers
13109.0,347.49,1,2010-06-06 12:59:00,186,5.853609535384296,0.6931471805599453,1,At-Risk / Lost Customers
13110.0,1468.8000000000002,5,2010-09-28 15:23:00,72,7.292881616094771,1.791759469228055,0,Champions/VIPs
13111.0,321.88000000000005,1,2009-12-21 09:00:00,353,5.777280737165245,0.6931471805599453,1,At-Risk / Lost Customers
13112.0,20.6,1,2010-06-16 17:03:00,176,3.0726933146901194,0.6931471805599453,1,At-Risk / Lost Customers
13114.0,234.38,1,2009-12-09 09:56:00,365,5.461201229449516,0.6931471805599453,1,At-Risk / Lost Customers
13115.0,3199.92,6,2010-11-25 18:49:00,14,8.071193547467612,1.9459101490553132,0,Champions/VIPs
13118.0,1217.6,4,2010-11-28 13:53:00,11,7.105457937814394,1.6094379124341003,0,Champions/VIPs
13119.0,134.9,1,2010-02-09 08:38:00,303,4.911919321157098,0.6931471805599453,1,At-Risk / Lost Customers
13123.0,506.75,2,2010-08-24 10:18:00,107,6.229989200460494,1.0986122886681098,2,New / Promising Customers
13124.0,885.33,1,2010-11-19 15:50:00,20,6.787089341755503,0.6931471805599453,2,New / Promising Customers
13125.0,148.62,1,2010-07-04 11:58:00,158,5.008098746444259,0.6931471805599453,1,At-Risk / Lost Customers
13126.0,1898.6100000000001,7,2010-12-08 11:43:00,1,7.549403880927272,2.0794415416798357,0,Champions/VIPs
13128.0,263.5,1,2010-03-18 15:08:00,266,5.577841251298354,0.6931471805599453,1,At-Risk / Lost Customers
13129.0,233.25,2,2010-09-13 13:47:00,87,5.456388921118531,1.0986122886681098,2,New / Promising Customers
13131.0,2240.47,4,2010-10-17 15:13:00,53,7.714887179611216,1.6094379124341003,0,Champions/VIPs
13133.0,90.65,1,2010-09-06 15:30:00,94,4.517976974285714,0.6931471805599453,2,New / Promising Customers
13134.0,681.65,2,2010-11-02 13:58:00,37,6.525982283130761,1.0986122886681098,2,New / Promising Customers
13135.0,275.45,1,2010-08-05 17:28:00,126,5.622029972783942,0.6931471805599453,2,New / Promising Customers
13136.0,3666.9500000000003,8,2010-11-29 12:43:00,10,8.207388201876686,2.1972245773362196,0,Champions/VIPs
13138.0,504.85,2,2010-12-02 15:03:00,7,6.2262401826519,1.0986122886681098,2,New / Promising Customers
13139.0,3138.04,1,2010-09-28 09:12:00,72,8.051672299672518,0.6931471805599453,0,Champions/VIPs
13140.0,790.71,3,2010-12-08 15:12:00,1,6.674195163144731,1.3862943611198906,0,Champions/VIPs
13143.0,405.1,1,2010-05-04 12:22:00,219,6.006599434692252,0.6931471805599453,1,At-Risk / Lost Customers
13144.0,24.4,1,2010-10-04 14:14:00,66,3.2347491740244907,0.6931471805599453,2,New / Promising Customers
13145.0,805.0,4,2010-12-02 18:06:00,7,6.692083742506628,1.6094379124341003,0,Champions/VIPs
13150.0,449.96999999999997,3,2010-08-12 12:59:00,119,6.111400818443195,1.3862943611198906,2,New / Promising Customers
13151.0,1196.84,2,2010-03-24 09:31:00,260,7.088275213829464,1.0986122886681098,1,At-Risk / Lost Customers
13152.0,2146.38,7,2010-10-18 13:44:00,52,7.672003773368138,2.0794415416798357,0,Champions/VIPs
13154.0,1624.84,3,2010-11-05 16:00:00,34,7.3937798842820515,1.3862943611198906,0,Champions/VIPs
13155.0,778.42,3,2010-12-06 12:44:00,3,6.658550053340067,1.3862943611198906,0,Champions/VIPs
13156.0,1586.54,3,2010-11-19 13:09:00,20,7.369940927299805,1.3862943611198906,0,Champions/VIPs
13158.0,307.12,1,2010-11-16 17:12:00,23,5.730489317484765,0.6931471805599453,2,New / Promising Customers
13161.0,359.38,1,2010-07-27 12:44:00,135,5.887159030298668,0.6931471805599453,2,New / Promising Customers
13163.0,17.65,1,2010-04-08 16:21:00,245,2.9258461460898246,0.6931471805599453,1,At-Risk / Lost Customers
13164.0,372.2,2,2010-05-19 13:52:00,204,5.922114468973189,1.0986122886681098,1,At-Risk / Lost Customers
13165.0,429.68,1,2010-10-22 17:04:00,48,6.065365354947517,0.6931471805599453,2,New / Promising Customers
13166.0,458.73,1,2010-10-21 14:29:00,49,6.130639360634987,0.6931471805599453,2,New / Promising Customers
13167.0,333.82,1,2010-11-14 12:58:00,25,5.813593073987639,0.6931471805599453,2,New / Promising Customers
13168.0,541.14,1,2010-06-15 15:00:00,177,6.295524270668303,0.6931471805599453,1,At-Risk / Lost Customers
13169.0,127.2,1,2010-05-26 15:58:00,197,4.853591544486569,0.6931471805599453,1,At-Risk / Lost Customers
13172.0,69.6,1,2010-11-04 15:10:00,35,4.257030144499196,0.6931471805599453,2,New / Promising Customers
13173.0,2202.11,10,2010-12-07 14:30:00,2,7.697625277466817,2.3978952727983707,0,Champions/VIPs
13175.0,831.45,2,2010-05-06 13:13:00,217,6.724373159990861,1.0986122886681098,1,At-Risk / Lost Customers
13177.0,229.75,1,2010-10-05 10:35:00,65,5.441334873382962,0.6931471805599453,2,New / Promising Customers
13179.0,572.3100000000001,1,2010-03-31 11:40:00,253,6.3514265826367975,0.6931471805599453,1,At-Risk / Lost Customers
13180.0,86.10000000000001,1,2010-04-11 13:37:00,242,4.467056883858457,0.6931471805599453,1,At-Risk / Lost Customers
13181.0,359.69,1,2010-11-23 15:05:00,16,5.888018863654928,0.6931471805599453,2,New / Promising Customers
13183.0,3078.4,6,2010-11-10 13:49:00,29,8.032490051795818,1.9459101490553132,0,Champions/VIPs
13187.0,92.34,3,2010-03-25 19:06:00,259,4.536248740521669,1.3862943611198906,1,At-Risk / Lost Customers
13190.0,570.66,3,2010-06-13 15:47:00,179,6.348544409056351,1.3862943611198906,1,At-Risk / Lost Customers
13191.0,159.21,1,2010-02-19 17:02:00,293,5.076485454658623,0.6931471805599453,1,At-Risk / Lost Customers
13192.0,1646.6399999999999,4,2010-06-22 09:52:00,170,7.407099240004541,1.6094379124341003,0,Champions/VIPs
13194.0,412.08,1,2010-10-14 11:54:00,56,6.023641278803203,0.6931471805599453,2,New / Promising Customers
13195.0,136.73,1,2010-10-21 13:07:00,49,4.92529524692924,0.6931471805599453,2,New / Promising Customers
13196.0,1271.06,3,2010-09-22 14:01:00,78,7.148392912598927,1.3862943611198906,0,Champions/VIPs
13197.0,373.01000000000005,1,2010-04-09 09:14:00,244,5.924282535024993,0.6931471805599453,1,At-Risk / Lost Customers
13198.0,1572.99,2,2010-11-17 14:25:00,22,7.361369075717014,1.0986122886681098,0,Champions/VIPs
13201.0,1233.06,4,2010-07-25 14:30:00,137,7.118064825649593,1.6094379124341003,0,Champions/VIPs
13202.0,1580.3,7,2010-11-10 16:24:00,29,7.366002572529271,2.0794415416798357,0,Champions/VIPs
13203.0,1778.79,6,2010-11-18 10:08:00,21,7.484250658798145,1.9459101490553132,0,Champions/VIPs
13204.0,966.6600000000001,1,2009-12-08 14:56:00,366,6.874880785908055,0.6931471805599453,1,At-Risk / Lost Customers
13205.0,2803.2,1,2010-09-22 16:26:00,78,7.938873572287031,0.6931471805599453,2,New / Promising Customers
13207.0,285.6,2,2010-09-14 15:44:00,86,5.6580875153940715,1.0986122886681098,2,New / Promising Customers
13208.0,758.65,3,2010-09-16 19:43:00,84,6.632857800889775,1.3862943611198906,0,Champions/VIPs
13209.0,2617.9,5,2010-07-13 15:50:00,149,7.870509661266332,1.791759469228055,0,Champions/VIPs
13211.0,1523.35,7,2010-11-23 15:17:00,16,7.329323368671699,2.0794415416798357,0,Champions/VIPs
13213.0,2330.94,6,2010-11-21 14:34:00,18,7.754455818151394,1.9459101490553132,0,Champions/VIPs
13214.0,3264.23,7,2010-10-18 10:00:00,52,8.091085483333597,2.0794415416798357,0,Champions/VIPs
13215.0,81.6,1,2010-11-02 18:26:00,37,4.414009680526933,0.6931471805599453,2,New / Promising Customers
13217.0,132.5,1,2010-02-22 12:49:00,290,4.894101477840304,0.6931471805599453,1,At-Risk / Lost Customers
13219.0,76.23,1,2010-03-31 14:18:00,253,4.346787982581173,0.6931471805599453,1,At-Risk / Lost Customers
13220.0,516.8,1,2010-05-13 10:35:00,210,6.249589067317437,0.6931471805599453,1,At-Risk / Lost Customers
13222.0,88.5,1,2010-05-11 13:54:00,212,4.4942386252808095,0.6931471805599453,1,At-Risk / Lost Customers
13223.0,805.9200000000001,4,2010-10-12 11:07:00,58,6.69322453076615,1.6094379124341003,0,Champions/VIPs
13226.0,204.25,1,2010-11-11 13:46:00,28,5.324228748332538,0.6931471805599453,2,New / Promising Customers
13233.0,571.34,2,2010-10-15 11:49:00,55,6.349733220385172,1.0986122886681098,2,New / Promising Customers
13234.0,346.5,2,2010-02-05 11:41:00,307,5.850764665004847,1.0986122886681098,1,At-Risk / Lost Customers
13237.0,643.0,1,2010-11-17 10:07:00,22,6.467698726104354,0.6931471805599453,2,New / Promising Customers
13238.0,305.9,2,2010-10-05 12:38:00,65,5.72652196162569,1.0986122886681098,2,New / Promising Customers
13239.0,1265.1299999999999,4,2010-09-28 17:21:00,72,7.143720283056326,1.6094379124341003,0,Champions/VIPs
13240.0,1030.76,5,2010-12-09 12:49:00,0,6.9390213608561355,1.791759469228055,0,Champions/VIPs
13241.0,112.53,1,2010-10-24 11:17:00,46,4.732067119176442,0.6931471805599453,2,New / Promising Customers
13242.0,429.0,4,2010-09-14 13:53:00,86,6.063785208687608,1.6094379124341003,0,Champions/VIPs
13243.0,635.26,4,2010-09-16 13:18:00,84,6.455607284833558,1.6094379124341003,0,Champions/VIPs
13245.0,558.72,1,2010-10-03 14:03:00,67,6.327436658687513,0.6931471805599453,2,New / Promising Customers
13246.0,1390.23,5,2010-11-11 12:54:00,28,7.23794352692488,1.791759469228055,0,Champions/VIPs
13249.0,897.52,6,2010-11-03 14:05:00,36,6.800748965296969,1.9459101490553132,0,Champions/VIPs
13250.0,253.09,2,2010-09-05 11:33:00,95,5.537688534966898,1.0986122886681098,2,New / Promising Customers
13251.0,252.68,1,2010-11-02 13:20:00,37,5.536073630230092,0.6931471805599453,2,New / Promising Customers
13252.0,399.3,2,2010-11-10 16:00:00,29,5.992214265998528,1.0986122886681098,2,New / Promising Customers
13253.0,1920.71,2,2010-10-05 13:33:00,65,7.5609706936507095,1.0986122886681098,0,Champions/VIPs
13254.0,51.410000000000004,1,2010-11-28 15:42:00,11,3.959097412814075,0.6931471805599453,2,New / Promising Customers
13255.0,504.95,2,2010-12-01 11:58:00,8,6.226437850175769,1.0986122886681098,2,New / Promising Customers
13257.0,149.75,1,2010-09-29 14:58:00,71,5.015622835607295,0.6931471805599453,2,New / Promising Customers
13258.0,336.59999999999997,2,2010-11-25 10:54:00,14,5.821861762721802,1.0986122886681098,2,New / Promising Customers
13259.0,1115.61,8,2010-11-07 10:56:00,32,7.01805258859471,2.1972245773362196,0,Champions/VIPs
13262.0,373.16,2,2010-11-15 12:20:00,24,5.924683513417631,1.0986122886681098,2,New / Promising Customers
13263.0,1239.27,4,2010-11-11 15:49:00,28,7.123084376832232,1.6094379124341003,0,Champions/VIPs
13264.0,722.5600000000001,1,2010-09-23 12:42:00,77,6.584183472833434,0.6931471805599453,2,New / Promising Customers
13266.0,2300.78,7,2010-10-22 12:13:00,48,7.74143801564444,2.0794415416798357,0,Champions/VIPs
13270.0,590.0,1,2010-12-08 14:53:00,1,6.3818160174060985,0.6931471805599453,2,New / Promising Customers
13274.0,360.85,1,2010-10-26 13:48:00,44,5.891229761312137,0.6931471805599453,2,New / Promising Customers
13275.0,238.86,2,2010-11-21 12:09:00,18,5.480055419803575,1.0986122886681098,2,New / Promising Customers
13276.0,1300.98,3,2010-11-07 14:17:00,32,7.171641461667431,1.3862943611198906,0,Champions/VIPs
13277.0,264.9,3,2010-11-24 15:34:00,15,5.583120298248974,1.3862943611198906,2,New / Promising Customers
13278.0,882.62,3,2010-11-05 11:42:00,34,6.784027105966126,1.3862943611198906,0,Champions/VIPs
13280.0,1494.87,4,2010-11-25 14:51:00,14,7.310463256362816,1.6094379124341003,0,Champions/VIPs
13281.0,350.85,1,2010-09-26 16:03:00,74,5.863204948412558,0.6931471805599453,2,New / Promising Customers
13282.0,181.05,1,2010-10-29 14:11:00,41,5.204281374621442,0.6931471805599453,2,New / Promising Customers
13283.0,279.7,2,2010-05-21 13:56:00,202,5.637286483367837,1.0986122886681098,1,At-Risk / Lost Customers
13285.0,655.47,2,2010-04-18 13:38:00,235,6.486876995821337,1.0986122886681098,1,At-Risk / Lost Customers
13286.0,734.91,1,2010-04-18 15:35:00,235,6.601107828643053,0.6931471805599453,1,At-Risk / Lost Customers
13287.0,781.59,3,2010-04-15 15:26:00,238,6.662608931774919,1.3862943611198906,1,At-Risk / Lost Customers
13288.0,927.61,5,2010-09-22 16:32:00,78,6.833688844427256,1.791759469228055,0,Champions/VIPs
13289.0,307.95,1,2009-12-16 11:53:00,358,5.733179451506989,0.6931471805599453,1,At-Risk / Lost Customers
13291.0,2909.68,10,2010-10-21 19:01:00,49,7.976142009843271,2.3978952727983707,0,Champions/VIPs
13292.0,415.57,3,2010-10-20 13:15:00,50,6.032054514712074,1.3862943611198906,2,New / Promising Customers
13293.0,1192.94,6,2010-11-12 13:28:00,27,7.085014041433629,1.9459101490553132,0,Champions/VIPs
13294.0,815.79,1,2010-03-03 12:54:00,281,6.705382023876393,0.6931471805599453,1,At-Risk / Lost Customers
13295.0,900.77,3,2010-11-28 14:14:00,11,6.8043594986338976,1.3862943611198906,0,Champions/VIPs
13296.0,705.11,5,2010-10-12 12:41:00,58,6.559771032721974,1.791759469228055,0,Champions/VIPs
13297.0,2278.77,3,2010-11-19 13:49:00,20,7.731829839667058,1.3862943611198906,0,Champions/VIPs
13299.0,1076.2,2,2010-10-12 10:53:00,58,6.982120360937444,1.0986122886681098,2,New / Promising Customers
13300.0,913.62,2,2010-11-16 17:10:00,23,6.818508678467918,1.0986122886681098,2,New / Promising Customers
13302.0,95.45,1,2010-07-01 12:32:00,161,4.569024739351738,0.6931471805599453,1,At-Risk / Lost Customers
13303.0,61.72,1,2010-11-04 14:55:00,35,4.138680376042152,0.6931471805599453,2,New / Promising Customers
13304.0,917.57,3,2010-09-10 10:09:00,90,6.822818112965189,1.3862943611198906,0,Champions/VIPs
13305.0,1751.75,7,2010-12-02 12:10:00,7,7.468941262087077,2.0794415416798357,0,Champions/VIPs
13306.0,53.65,1,2010-10-05 14:55:00,65,4.000949214622548,0.6931471805599453,2,New / Promising Customers
13307.0,258.34,2,2010-08-09 12:56:00,122,5.5581399421207385,1.0986122886681098,2,New / Promising Customers
13308.0,284.86,1,2010-04-22 09:22:00,231,5.655502180480969,0.6931471805599453,1,At-Risk / Lost Customers
13309.0,249.58,1,2010-11-12 12:10:00,27,5.523778230817407,0.6931471805599453,2,New / Promising Customers
13310.0,409.17,2,2010-11-24 09:14:00,15,6.016571707907711,1.0986122886681098,2,New / Promising Customers
13312.0,124.75,1,2010-09-14 14:36:00,86,4.8342958089798485,0.6931471805599453,2,New / Promising Customers
13313.0,1890.0,7,2010-08-17 11:45:00,114,7.544861068658458,2.0794415416798357,0,Champions/VIPs
13315.0,310.26,1,2010-01-19 15:34:00,324,5.740628575776864,0.6931471805599453,1,At-Risk / Lost Customers
13320.0,679.4,2,2010-10-01 14:59:00,69,6.522680860521707,1.0986122886681098,2,New / Promising Customers
13324.0,3391.52,8,2010-10-07 12:44:00,63,8.129328287049052,2.1972245773362196,0,Champions/VIPs
13326.0,281.76,1,2010-10-03 16:00:00,67,5.644598481302753,0.6931471805599453,2,New / Promising Customers
13330.0,1655.17,3,2010-09-10 14:12:00,90,7.412262986681166,1.3862943611198906,0,Champions/VIPs
13331.0,262.4,1,2010-11-03 08:04:00,36,5.573673789309181,0.6931471805599453,2,New / Promising Customers
13333.0,1015.74,3,2010-10-24 13:24:00,46,6.924356709479563,1.3862943611198906,0,Champions/VIPs
13334.0,2699.48,2,2010-06-21 13:52:00,171,7.901184813969602,1.0986122886681098,0,Champions/VIPs
13337.0,1575.26,1,2010-06-11 13:27:00,181,7.362810231430298,0.6931471805599453,1,At-Risk / Lost Customers
13338.0,1908.6,3,2010-06-16 10:23:00,176,7.554649075024621,1.3862943611198906,0,Champions/VIPs
13346.0,299.4,6,2010-09-03 11:41:00,97,5.705114919889979,1.9459101490553132,0,Champions/VIPs
13357.0,3185.61,4,2010-08-02 14:02:00,129,8.06671293479245,1.6094379124341003,0,Champions/VIPs
13359.0,553.75,1,2010-11-01 15:05:00,38,6.318517561812703,0.6931471805599453,2,New / Promising Customers
13360.0,1503.65,4,2010-10-04 12:37:00,66,7.316315591997604,1.6094379124341003,0,Champions/VIPs
13361.0,1450.5,2,2010-08-24 14:56:00,107,7.280352783464685,1.0986122886681098,0,Champions/VIPs
13362.0,2303.33,3,2010-11-26 16:38:00,13,7.74254524072613,1.3862943611198906,0,Champions/VIPs
13363.0,731.36,1,2010-10-26 11:07:00,44,6.596272196344404,0.6931471805599453,2,New / Promising Customers
13367.0,460.20000000000005,1,2010-10-04 10:00:00,66,6.133831788394904,0.6931471805599453,2,New / Promising Customers
13368.0,448.1,2,2010-10-21 09:43:00,49,6.107245580093692,1.0986122886681098,2,New / Promising Customers
13369.0,258.28000000000003,1,2010-12-09 11:30:00,0,5.557908558833292,0.6931471805599453,2,New / Promising Customers
13370.0,754.87,1,2010-12-03 10:26:00,6,6.62786940372116,0.6931471805599453,2,New / Promising Customers
13371.0,2297.66,2,2010-07-22 17:33:00,140,7.740081623439195,1.0986122886681098,0,Champions/VIPs
13374.0,372.8,2,2010-10-21 10:04:00,49,5.923720895021463,1.0986122886681098,2,New / Promising Customers
13375.0,1013.58,1,2010-09-21 08:12:00,79,6.922230012736449,0.6931471805599453,2,New / Promising Customers
13377.0,1452.88,2,2010-11-08 12:20:00,31,7.281991123738493,1.0986122886681098,0,Champions/VIPs
13380.0,62.4,1,2010-10-03 10:18:00,67,4.14946386144318,0.6931471805599453,2,New / Promising Customers
13382.0,1164.59,4,2010-10-07 09:28:00,63,7.060982675571715,1.6094379124341003,0,Champions/VIPs
13383.0,305.28000000000003,1,2010-06-14 11:45:00,178,5.724499716244923,0.6931471805599453,1,At-Risk / Lost Customers
13384.0,2528.9,4,2010-11-14 13:13:00,25,7.835935055248705,1.6094379124341003,0,Champions/VIPs
13386.0,835.46,2,2010-10-21 12:52:00,49,6.729178700993051,1.0986122886681098,2,New / Promising Customers
13387.0,181.84,1,2010-10-18 14:07:00,52,5.2086114534635435,0.6931471805599453,2,New / Promising Customers
13388.0,508.55,1,2010-04-15 10:18:00,238,6.233527983274703,0.6931471805599453,1,At-Risk / Lost Customers
13392.0,91.14,1,2010-01-31 13:34:00,312,4.523309159507771,0.6931471805599453,1,At-Risk / Lost Customers
13393.0,1131.45,4,2010-05-05 09:34:00,218,7.032138706272169,1.6094379124341003,0,Champions/VIPs
13395.0,872.51,2,2010-11-04 14:00:00,35,6.7725195777054905,1.0986122886681098,2,New / Promising Customers
13397.0,1539.74,5,2010-09-28 13:10:00,72,7.340018099475679,1.791759469228055,0,Champions/VIPs
13398.0,213.0,1,2010-09-17 09:34:00,83,5.365976015021851,0.6931471805599453,2,New / Promising Customers
13399.0,275.4,3,2010-09-01 13:59:00,99,5.621849091893515,1.3862943611198906,2,New / Promising Customers
13400.0,310.83,1,2010-05-06 09:00:00,217,5.742458167518031,0.6931471805599453,1,At-Risk / Lost Customers
13402.0,913.9000000000001,3,2010-12-02 17:12:00,7,6.818814769685489,1.3862943611198906,0,Champions/VIPs
13403.0,154.5,2,2010-11-17 11:38:00,22,5.0466457316192885,1.0986122886681098,2,New / Promising Customers
13405.0,641.36,3,2010-08-15 13:28:00,116,6.46514889419329,1.3862943611198906,0,Champions/VIPs
13406.0,568.92,2,2010-10-08 14:44:00,62,6.3454960001012966,1.0986122886681098,2,New / Promising Customers
13407.0,2244.7,3,2010-05-10 12:41:00,213,7.7167725555844955,1.3862943611198906,0,Champions/VIPs
13410.0,1198.9,4,2010-11-11 16:45:00,28,7.089993498970343,1.6094379124341003,0,Champions/VIPs
13412.0,487.34999999999997,1,2010-03-29 16:28:00,255,6.191032361893486,0.6931471805599453,1,At-Risk / Lost Customers
13413.0,429.44,6,2010-03-10 12:17:00,274,6.064807941332192,1.9459101490553132,1,At-Risk / Lost Customers
13414.0,713.64,3,2010-09-02 16:55:00,98,6.571778919393584,1.3862943611198906,0,Champions/VIPs
13415.0,784.17,4,2010-08-24 11:38:00,107,6.66590025484612,1.6094379124341003,0,Champions/VIPs
13416.0,228.3,1,2009-12-03 13:02:00,371,5.435031189863859,0.6931471805599453,1,At-Risk / Lost Customers
13417.0,1028.66,4,2010-06-10 10:05:00,182,6.936983929642267,1.6094379124341003,0,Champions/VIPs
13421.0,2225.04,6,2010-10-29 17:17:00,41,7.7079795011259735,1.9459101490553132,0,Champions/VIPs
13423.0,217.03,1,2010-10-07 09:02:00,63,5.3846326679999565,0.6931471805599453,2,New / Promising Customers
13424.0,572.77,1,2010-09-16 10:49:00,84,6.352228619155015,0.6931471805599453,2,New / Promising Customers
13425.0,1766.22,2,2010-07-19 12:56:00,143,7.477162969380029,1.0986122886681098,0,Champions/VIPs
13427.0,423.93,3,2010-08-19 11:45:00,112,6.0519244494765605,1.3862943611198906,2,New / Promising Customers
13428.0,276.76,2,2010-07-13 13:33:00,149,5.626757431471986,1.0986122886681098,2,New / Promising Customers
13431.0,2047.14,6,2010-10-29 14:09:00,41,7.624687343198003,1.9459101490553132,0,Champions/VIPs
13432.0,436.55,2,2010-05-17 13:18:00,206,6.08119098498184,1.0986122886681098,1,At-Risk / Lost Customers
13433.0,658.3199999999999,4,2010-07-26 16:55:00,136,6.491209000863155,1.6094379124341003,0,Champions/VIPs
13434.0,1132.6200000000001,3,2010-11-19 15:09:00,20,7.033171331128388,1.3862943611198906,0,Champions/VIPs
13435.0,637.44,2,2010-11-28 13:51:00,11,6.4590277008143575,1.0986122886681098,2,New / Promising Customers
13438.0,46.5,1,2010-06-10 18:46:00,182,3.8607297110405954,0.6931471805599453,1,At-Risk / Lost Customers
13439.0,702.9,2,2010-11-16 15:24:00,23,6.556636300614086,1.0986122886681098,2,New / Promising Customers
13440.0,1295.25,7,2010-10-12 13:11:00,58,7.167230759543737,2.0794415416798357,0,Champions/VIPs
13441.0,424.26,1,2010-10-04 10:38:00,66,6.052700746578555,0.6931471805599453,2,New / Promising Customers
13442.0,419.87,3,2010-02-10 14:03:00,302,6.042323997398791,1.3862943611198906,1,At-Risk / Lost Customers
13443.0,1269.3700000000001,6,2010-09-17 12:31:00,83,7.147063475604471,1.9459101490553132,0,Champions/VIPs
13444.0,619.08,2,2010-11-30 13:02:00,9,6.429848501973256,1.0986122886681098,2,New / Promising Customers
13445.0,241.89999999999998,1,2010-03-23 15:34:00,261,5.492649836008127,0.6931471805599453,1,At-Risk / Lost Customers
13450.0,2076.32,7,2010-11-30 13:20:00,9,7.638833880376638,2.0794415416798357,0,Champions/VIPs
13452.0,139.8,1,2010-08-24 09:53:00,107,4.9473404437239425,0.6931471805599453,2,New / Promising Customers
13453.0,424.71,1,2010-11-02 13:23:00,37,6.0537583632793694,0.6931471805599453,2,New / Promising Customers
13454.0,219.87,1,2010-03-08 14:40:00,276,5.397574293145378,0.6931471805599453,1,At-Risk / Lost Customers
13455.0,1847.59,5,2010-12-08 13:11:00,1,7.522178465316966,1.791759469228055,0,Champions/VIPs
13457.0,148.22,2,2010-01-20 08:48:00,323,5.005421727043368,1.0986122886681098,1,At-Risk / Lost Customers
13458.0,2312.7,2,2010-11-25 15:02:00,14,7.746603253713636,1.0986122886681098,0,Champions/VIPs
13459.0,1160.4099999999999,2,2010-03-25 10:24:00,259,7.057390063198797,1.0986122886681098,1,At-Risk / Lost Customers
13461.0,2715.0,3,2010-10-28 17:53:00,42,7.906915488678587,1.3862943611198906,0,Champions/VIPs
13462.0,1002.35,4,2010-10-25 10:00:00,45,6.911099680232526,1.6094379124341003,0,Champions/VIPs
13464.0,2422.96,5,2010-11-10 12:24:00,29,7.793157845402886,1.791759469228055,0,Champions/VIPs
13465.0,931.12,2,2010-09-19 15:13:00,81,6.8374615617621375,1.0986122886681098,2,New / Promising Customers
13466.0,705.45,4,2010-10-27 12:50:00,43,6.560252428211817,1.6094379124341003,0,Champions/VIPs
13469.0,82.4,1,2010-02-24 15:03:00,288,4.423648309364701,0.6931471805599453,1,At-Risk / Lost Customers
13472.0,592.24,2,2010-09-02 09:41:00,98,6.385599038873762,1.0986122886681098,2,New / Promising Customers
13473.0,2235.12,6,2010-05-14 10:47:00,209,7.712497500097923,1.9459101490553132,0,Champions/VIPs
13474.0,419.75,2,2010-09-22 09:21:00,78,6.042038833070915,1.0986122886681098,2,New / Promising Customers
13476.0,823.0,3,2010-10-29 08:24:00,41,6.714170529909472,1.3862943611198906,0,Champions/VIPs
13477.0,1364.59,5,2010-09-10 09:08:00,90,7.219341848664901,1.791759469228055,0,Champions/VIPs
13478.0,2215.78,5,2010-08-27 13:23:00,104,7.703810971494357,1.791759469228055,0,Champions/VIPs
13479.0,550.42,2,2010-09-13 13:29:00,87,6.312496769241302,1.0986122886681098,2,New / Promising Customers
13480.0,627.82,2,2010-10-19 11:53:00,51,6.443845047224953,1.0986122886681098,2,New / Promising Customers
13481.0,2026.28,6,2010-11-30 10:32:00,9,7.614450272087351,1.9459101490553132,0,Champions/VIPs
13482.0,151.45,1,2010-03-22 10:31:00,262,5.026836673434263,0.6931471805599453,1,At-Risk / Lost Customers
13484.0,476.92,2,2010-11-21 13:48:00,18,6.169443354467799,1.0986122886681098,2,New / Promising Customers
13485.0,2560.98,10,2010-11-28 11:04:00,11,7.8485356760249605,2.3978952727983707,0,Champions/VIPs
13487.0,271.47,2,2010-07-22 10:41:00,140,5.607528516299639,1.0986122886681098,2,New / Promising Customers
13490.0,154.25,1,2010-02-23 14:48:00,289,5.045036720813588,0.6931471805599453,1,At-Risk / Lost Customers
13495.0,3329.39,6,2010-12-06 15:14:00,3,8.110844693233933,1.9459101490553132,0,Champions/VIPs
13497.0,972.28,5,2010-12-06 11:37:00,3,6.880671810572395,1.791759469228055,0,Champions/VIPs
13498.0,327.38,1,2009-12-09 15:26:00,365,5.794171474383882,0.6931471805599453,1,At-Risk / Lost Customers
13500.0,299.53,1,2010-11-03 13:16:00,36,5.705547582602867,0.6931471805599453,2,New / Promising Customers
13501.0,1544.79,2,2010-08-10 13:01:00,121,7.343290385509654,1.0986122886681098,0,Champions/VIPs
13502.0,488.5,2,2010-10-20 10:15:00,50,6.193384461970565,1.0986122886681098,2,New / Promising Customers
13503.0,1561.19,4,2010-08-17 13:17:00,114,7.353843961926673,1.6094379124341003,0,Champions/VIPs
13506.0,1180.68,4,2010-12-05 12:15:00,4,7.074692433732344,1.6094379124341003,0,Champions/VIPs
13508.0,176.07999999999998,1,2010-03-07 11:58:00,277,5.17660160786394,0.6931471805599453,1,At-Risk / Lost Customers
13509.0,135.0,1,2010-07-20 12:10:00,142,4.912654885736052,0.6931471805599453,1,At-Risk / Lost Customers
13510.0,2766.73,7,2010-11-29 12:26:00,10,7.925782768627297,2.0794415416798357,0,Champions/VIPs
13511.0,282.76,1,2010-02-01 12:10:00,311,5.648128810465367,0.6931471805599453,1,At-Risk / Lost Customers
13512.0,462.18,3,2010-11-17 14:55:00,22,6.138115747433675,1.3862943611198906,2,New / Promising Customers
13513.0,619.49,2,2010-09-24 16:25:00,76,6.430509488479342,1.0986122886681098,2,New / Promising Customers
13514.0,663.7,3,2010-10-07 12:10:00,63,6.499335811047536,1.3862943611198906,0,Champions/VIPs
13515.0,374.7,2,2010-09-16 15:07:00,84,5.928790952579924,1.0986122886681098,2,New / Promising Customers
13516.0,295.85,1,2010-10-18 08:52:00,52,5.693226960716684,0.6931471805599453,2,New / Promising Customers
13519.0,220.46,1,2010-09-23 11:45:00,77,5.400241986269962,0.6931471805599453,2,New / Promising Customers
13520.0,2685.05,6,2010-12-03 10:36:00,6,7.895826991950878,1.9459101490553132,0,Champions/VIPs
13523.0,1136.64,2,2010-12-08 14:22:00,1,7.03671122017484,1.0986122886681098,2,New / Promising Customers
13526.0,1182.0,2,2009-12-01 13:13:00,373,7.075808863978387,1.0986122886681098,1,At-Risk / Lost Customers
13527.0,2298.93,5,2010-10-17 12:52:00,53,7.740633966671485,1.791759469228055,0,Champions/VIPs
13530.0,402.97999999999996,1,2010-03-15 14:10:00,269,6.001365371785244,0.6931471805599453,1,At-Risk / Lost Customers
13531.0,1254.72,5,2010-12-08 15:03:00,1,7.135464392239267,1.791759469228055,0,Champions/VIPs
13534.0,1850.82,10,2010-11-25 15:54:00,14,7.523924218258032,2.3978952727983707,0,Champions/VIPs
13535.0,89.5,1,2010-11-02 11:49:00,37,4.505349850705881,0.6931471805599453,2,New / Promising Customers
13537.0,717.85,2,2010-10-10 12:45:00,60,6.577652712868601,1.0986122886681098,2,New / Promising Customers
13538.0,1822.28,5,2010-11-08 14:19:00,31,7.508392355863076,1.791759469228055,0,Champions/VIPs
13539.0,938.02,4,2010-10-15 09:15:00,55,6.844836778235963,1.6094379124341003,0,Champions/VIPs
13540.0,632.39,3,2010-08-29 14:20:00,102,6.451086346168101,1.3862943611198906,0,Champions/VIPs
13541.0,785.25,2,2010-10-08 16:37:00,62,6.667274808014651,1.0986122886681098,2,New / Promising Customers
13543.0,1439.6100000000001,2,2010-03-15 13:34:00,269,7.272821913983301,1.0986122886681098,1,At-Risk / Lost Customers
13544.0,514.14,4,2010-10-24 11:25:00,46,6.244438708380866,1.6094379124341003,0,Champions/VIPs
13545.0,364.93,2,2010-11-14 11:27:00,25,5.9024420582788455,1.0986122886681098,2,New / Promising Customers
13546.0,465.15,2,2010-11-22 17:33:00,17,6.1445074707427025,1.0986122886681098,2,New / Promising Customers
13547.0,164.53,1,2010-10-27 14:14:00,43,5.109152447272074,0.6931471805599453,2,New / Promising Customers
13548.0,223.28,1,2010-08-25 13:44:00,106,5.412895271255472,0.6931471805599453,2,New / Promising Customers
13549.0,87.6,1,2010-11-17 12:17:00,22,4.484131857611035,0.6931471805599453,2,New / Promising Customers
13550.0,342.55,1,2010-11-21 15:24:00,18,5.839332661477085,0.6931471805599453,2,New / Promising Customers
13551.0,152.39999999999998,1,2010-02-11 15:01:00,301,5.0330488889331555,0.6931471805599453,1,At-Risk / Lost Customers
13552.0,3208.85,10,2010-10-07 12:30:00,63,8.073979486060267,2.3978952727983707,0,Champions/VIPs
13553.0,499.6,1,2010-02-03 12:21:00,309,6.215807378997674,0.6931471805599453,1,At-Risk / Lost Customers
13554.0,1629.35,7,2010-11-24 15:05:00,15,7.396549994677305,2.0794415416798357,0,Champions/VIPs
13556.0,200.82,2,2010-10-06 16:44:00,64,5.307376211036383,1.0986122886681098,2,New / Promising Customers
13557.0,2448.2,11,2010-10-20 14:06:00,50,7.8035167196038,2.4849066497880004,0,Champions/VIPs
13559.0,990.0,2,2010-07-15 09:52:00,147,6.898714534329988,1.0986122886681098,2,New / Promising Customers
13561.0,1661.54,10,2010-11-07 14:28:00,32,7.416101832390944,2.3978952727983707,0,Champions/VIPs
13562.0,3038.85,5,2010-11-03 10:43:00,36,8.019563451077643,1.791759469228055,0,Champions/VIPs
13565.0,174.57999999999998,1,2010-10-24 15:51:00,46,5.1680947794980625,0.6931471805599453,2,New / Promising Customers
13566.0,827.91,3,2010-10-01 12:27:00,69,6.720111584706154,1.3862943611198906,0,Champions/VIPs
13567.0,1079.29,4,2010-10-07 12:51:00,63,6.984984802592138,1.6094379124341003,0,Champions/VIPs
13569.0,497.74,3,2010-12-07 12:29:00,2,6.212084917877753,1.3862943611198906,2,New / Promising Customers
13573.0,612.82,4,2010-11-25 15:01:00,14,6.419701725558344,1.6094379124341003,0,Champions/VIPs
13574.0,404.45,1,2010-10-24 13:28:00,46,6.004997561390566,0.6931471805599453,2,New / Promising Customers
13577.0,1796.68,7,2010-11-22 08:11:00,17,7.494252223663677,2.0794415416798357,0,Champions/VIPs
13578.0,147.66,1,2010-10-26 13:44:00,44,5.001661819297148,0.6931471805599453,2,New / Promising Customers
13579.0,1072.0,4,2010-12-05 16:10:00,4,6.9782137426306985,1.6094379124341003,0,Champions/VIPs
13580.0,107.75,1,2010-10-29 15:01:00,41,4.689051669968793,0.6931471805599453,2,New / Promising Customers
13581.0,162.53,1,2010-10-21 16:30:00,49,5.096996459744299,0.6931471805599453,2,New / Promising Customers
13582.0,241.68,2,2010-11-15 11:34:00,24,5.491743703074097,1.0986122886681098,2,New / Promising Customers
13583.0,664.0,1,2010-01-29 13:53:00,314,6.499787040655854,0.6931471805599453,1,At-Risk / Lost Customers
13584.0,243.3,2,2010-07-29 13:36:00,133,5.498396978263695,1.0986122886681098,2,New / Promising Customers
13585.0,684.54,3,2010-06-27 12:33:00,165,6.530206848868181,1.3862943611198906,0,Champions/VIPs
13586.0,127.28,1,2010-06-16 13:47:00,176,4.854215374824954,0.6931471805599453,1,At-Risk / Lost Customers
13587.0,961.1,3,2010-09-16 13:52:00,84,6.869118395367219,1.3862943611198906,0,Champions/VIPs
13589.0,741.09,4,2010-09-16 13:29:00,84,6.609470529612421,1.6094379124341003,0,Champions/VIPs
13591.0,976.8100000000001,4,2010-09-30 08:59:00,70,6.885315377132544,1.6094379124341003,0,Champions/VIPs
13593.0,3481.41,9,2010-11-17 13:11:00,22,8.155479861816781,2.302585092994046,0,Champions/VIPs
13594.0,136.35000000000002,1,2010-08-11 10:23:00,120,4.922532412541283,0.6931471805599453,2,New / Promising Customers
13595.0,784.48,3,2010-07-11 12:36:00,151,6.66629499588203,1.3862943611198906,0,Champions/VIPs
13597.0,396.71,2,2010-11-04 14:54:00,35,5.985723096478868,1.0986122886681098,2,New / Promising Customers
13598.0,601.92,4,2010-08-01 13:21:00,130,6.401784517942328,1.6094379124341003,0,Champions/VIPs
13600.0,298.9,1,2010-03-15 17:16:00,269,5.703449085754963,0.6931471805599453,1,At-Risk / Lost Customers
13601.0,466.67,2,2010-11-12 15:20:00,27,6.147762918992699,1.0986122886681098,2,New / Promising Customers
13602.0,596.28,3,2010-11-23 12:14:00,16,6.392386015166274,1.3862943611198906,0,Champions/VIPs
13604.0,717.62,1,2010-02-19 12:02:00,293,6.5773327061874705,0.6931471805599453,1,At-Risk / Lost Customers
13605.0,522.67,2,2010-11-17 17:16:00,22,6.260861714939627,1.0986122886681098,2,New / Promising Customers
13607.0,400.3,1,2010-11-02 11:48:00,37,5.994709277272871,0.6931471805599453,2,New / Promising Customers
13608.0,232.05,1,2010-06-17 12:28:00,175,5.45125302281875,0.6931471805599453,1,At-Risk / Lost Customers
13609.0,167.35,1,2010-04-25 13:26:00,228,5.126045145607083,0.6931471805599453,1,At-Risk / Lost Customers
13610.0,1020.13,7,2010-11-17 15:31:00,22,6.928665136210212,2.0794415416798357,0,Champions/VIPs
13611.0,2143.53,7,2010-11-30 16:26:00,9,7.670675693133975,2.0794415416798357,0,Champions/VIPs
13612.0,818.29,1,2010-03-17 12:14:00,267,6.708438111531965,0.6931471805599453,1,At-Risk / Lost Customers
13613.0,1039.8500000000001,5,2010-09-13 12:01:00,87,6.947792966013668,1.791759469228055,0,Champions/VIPs
13614.0,747.28,2,2010-11-11 12:20:00,28,6.617777239480704,1.0986122886681098,2,New / Promising Customers
13616.0,283.85,2,2010-05-20 12:59:00,203,5.6519627259264045,1.0986122886681098,1,At-Risk / Lost Customers
13617.0,734.57,5,2010-10-27 14:00:00,43,6.600645708864258,1.791759469228055,0,Champions/VIPs
13619.0,223.44,2,2010-06-13 11:39:00,179,5.413608410882771,1.0986122886681098,1,At-Risk / Lost Customers
13620.0,112.34,1,2010-06-29 15:02:00,163,4.730392150741473,0.6931471805599453,1,At-Risk / Lost Customers
13622.0,658.95,1,2010-01-12 13:22:00,331,6.492164074574964,0.6931471805599453,1,At-Risk / Lost Customers
13623.0,1805.32,5,2010-11-24 13:36:00,15,7.499046905435073,1.791759469228055,0,Champions/VIPs
13624.0,462.08,1,2010-11-16 13:43:00,23,6.137899825337528,0.6931471805599453,2,New / Promising Customers
13625.0,301.26,1,2010-04-22 10:50:00,231,5.711287574141974,0.6931471805599453,1,At-Risk / Lost Customers
13626.0,449.81,1,2010-11-25 16:12:00,14,6.1110459647057445,0.6931471805599453,2,New / Promising Customers
13627.0,607.43,2,2010-08-08 14:32:00,123,6.41088186883415,1.0986122886681098,2,New / Promising Customers
13628.0,310.14,1,2010-02-01 14:44:00,311,5.740242971658976,0.6931471805599453,1,At-Risk / Lost Customers
13632.0,1526.88,3,2010-11-10 12:03:00,29,7.331636432611094,1.3862943611198906,0,Champions/VIPs
13634.0,3440.7200000000003,10,2010-11-28 14:40:00,11,8.143726625409094,2.3978952727983707,0,Champions/VIPs
13635.0,1928.1299999999999,3,2010-09-23 10:06:00,77,7.564824403066273,1.3862943611198906,0,Champions/VIPs
13639.0,312.93,1,2010-09-29 10:05:00,71,5.749170031119376,0.6931471805599453,2,New / Promising Customers
13640.0,405.0,1,2010-04-07 15:33:00,246,6.0063531596017325,0.6931471805599453,1,At-Risk / Lost Customers
13641.0,942.37,4,2010-03-09 07:37:00,275,6.849458570471734,1.6094379124341003,1,At-Risk / Lost Customers
13642.0,159.92,3,2010-10-03 12:33:00,67,5.080907347081587,1.3862943611198906,2,New / Promising Customers
13643.0,1637.33,7,2010-11-22 15:19:00,17,7.401432709323092,2.0794415416798357,0,Champions/VIPs
13646.0,326.25,2,2010-11-05 12:13:00,34,5.7907244047900095,1.0986122886681098,2,New / Promising Customers
13647.0,1393.56,4,2010-08-02 10:31:00,129,7.240334232316201,1.6094379124341003,0,Champions/VIPs
13648.0,1759.07,8,2010-11-04 14:46:00,35,7.473108859968556,2.1972245773362196,0,Champions/VIPs
13649.0,1304.88,5,2010-12-08 14:46:00,1,7.174632422000729,1.791759469228055,0,Champions/VIPs
13650.0,1451.66,4,2010-11-30 13:55:00,9,7.281151637564796,1.6094379124341003,0,Champions/VIPs
13651.0,132.65,1,2010-11-23 09:44:00,16,4.895224442584928,0.6931471805599453,2,New / Promising Customers
13652.0,1475.77,3,2010-12-06 09:21:00,3,7.297612549349402,1.3862943611198906,0,Champions/VIPs
13653.0,152.2,1,2010-08-09 08:19:00,122,5.0317442573064906,0.6931471805599453,2,New / Promising Customers
13654.0,3600.67,5,2010-11-24 16:41:00,15,8.189152905769904,1.791759469228055,0,Champions/VIPs
13655.0,1347.54,4,2010-11-30 08:24:00,9,7.20677780472792,1.6094379124341003,0,Champions/VIPs
13656.0,699.2,2,2010-07-28 10:48:00,134,6.551366008520565,1.0986122886681098,2,New / Promising Customers
13658.0,3386.33,4,2010-11-21 16:10:00,18,8.127797279426828,1.6094379124341003,0,Champions/VIPs
13659.0,3321.68,10,2010-10-19 14:09:00,51,8.108526965192164,2.3978952727983707,0,Champions/VIPs
13660.0,306.64,1,2010-11-04 16:10:00,35,5.728930268188853,0.6931471805599453,2,New / Promising Customers
13661.0,325.24,1,2010-04-15 14:58:00,238,5.787633306826145,0.6931471805599453,1,At-Risk / Lost Customers
13662.0,1352.35,8,2010-11-19 10:58:00,20,7.210338279122772,2.1972245773362196,0,Champions/VIPs
13663.0,1858.04,4,2010-11-24 13:55:00,15,7.527815504434551,1.6094379124341003,0,Champions/VIPs
13665.0,1711.6599999999999,3,2010-11-18 13:06:00,21,7.4458029964289425,1.3862943611198906,0,Champions/VIPs
13666.0,42.4,2,2010-10-15 15:46:00,55,3.770459441106359,1.0986122886681098,2,New / Promising Customers
13669.0,195.0,1,2010-10-28 15:05:00,42,5.278114659230517,0.6931471805599453,2,New / Promising Customers
13671.0,172.6,1,2010-11-10 10:50:00,29,5.15675380222625,0.6931471805599453,2,New / Promising Customers
13672.0,233.53000000000003,1,2009-12-09 11:40:00,365,5.457583511473486,0.6931471805599453,1,At-Risk / Lost Customers
13674.0,240.68,1,2010-10-03 10:41:00,67,5.487614537078416,0.6931471805599453,2,New / Promising Customers
13676.0,243.9,2,2010-06-18 17:30:00,174,5.500849963958122,1.0986122886681098,1,At-Risk / Lost Customers
13677.0,551.24,2,2010-10-31 11:32:00,39,6.31398273439522,1.0986122886681098,2,New / Promising Customers
13679.0,281.26,3,2010-08-03 12:13:00,128,5.642828631985861,1.3862943611198906,2,New / Promising Customers
13683.0,258.6,1,2010-09-08 10:00:00,92,5.559141984829935,0.6931471805599453,2,New / Promising Customers
13684.0,529.75,3,2010-11-14 11:34:00,25,6.2742911005833655,1.3862943611198906,2,New / Promising Customers
13686.0,337.04,2,2010-11-24 14:44:00,15,5.823164231676282,1.0986122886681098,2,New / Promising Customers
13687.0,233.76000000000002,1,2010-09-27 16:30:00,73,5.458563715690134,0.6931471805599453,2,New / Promising Customers
13688.0,375.5,1,2010-03-14 14:11:00,270,5.930918047239948,0.6931471805599453,1,At-Risk / Lost Customers
13689.0,349.5,1,2010-09-21 10:27:00,79,5.859360706474645,0.6931471805599453,2,New / Promising Customers
13691.0,210.78,1,2010-11-08 17:34:00,31,5.355548000002308,0.6931471805599453,2,New / Promising Customers
13692.0,1626.08,2,2010-10-27 09:57:00,43,7.394542276262218,1.0986122886681098,0,Champions/VIPs
13693.0,2011.82,9,2010-11-30 18:21:00,9,7.607292002863751,2.302585092994046,0,Champions/VIPs
13695.0,266.6,1,2010-05-11 11:07:00,212,5.589493328254074,0.6931471805599453,1,At-Risk / Lost Customers
13696.0,2020.4,3,2010-10-14 09:44:00,56,7.611545619640562,1.3862943611198906,0,Champions/VIPs
13698.0,451.73,2,2010-04-22 11:52:00,231,6.115295921298569,1.0986122886681098,1,At-Risk / Lost Customers
13699.0,455.57,1,2010-06-07 13:03:00,185,6.123742028914818,0.6931471805599453,1,At-Risk / Lost Customers
13700.0,348.34,3,2010-10-18 11:38:00,52,5.856045660000246,1.3862943611198906,2,New / Promising Customers
13701.0,161.0,1,2010-09-19 12:39:00,81,5.087596335232384,0.6931471805599453,2,New / Promising Customers
13702.0,135.18,1,2010-09-20 11:40:00,80,4.9139775400548205,0.6931471805599453,2,New / Promising Customers
13703.0,326.06,1,2010-10-20 13:11:00,50,5.790143640304245,0.6931471805599453,2,New / Promising Customers
13705.0,1323.47,5,2010-12-01 10:29:00,8,7.188767658398983,1.791759469228055,0,Champions/VIPs
13706.0,300.38,1,2010-03-23 09:18:00,261,5.708371926990008,0.6931471805599453,1,At-Risk / Lost Customers
13707.0,2559.45,3,2010-10-06 10:05:00,64,7.847938303275894,1.3862943611198906,0,Champions/VIPs
13709.0,1263.7,5,2010-09-19 15:17:00,81,7.142590218885931,1.791759469228055,0,Champions/VIPs
13710.0,329.04,2,2010-10-12 10:22:00,58,5.799213859236143,1.0986122886681098,2,New / Promising Customers
13711.0,1540.2,7,2010-10-29 15:05:00,41,7.3403166127520025,2.0794415416798357,0,Champions/VIPs
13712.0,537.58,1,2010-04-08 11:16:00,245,6.288936046379463,0.6931471805599453,1,At-Risk / Lost Customers
13713.0,740.76,3,2010-10-27 16:18:00,43,6.609025740711332,1.3862943611198906,0,Champions/VIPs
13714.0,161.35,1,2010-08-31 13:57:00,100,5.089754498548855,0.6931471805599453,2,New / Promising Customers
13717.0,318.29,2,2010-09-08 16:17:00,92,5.7660997807210626,1.0986122886681098,2,New / Promising Customers
13719.0,1740.42,6,2010-11-11 12:40:00,28,7.462456151340622,1.9459101490553132,0,Champions/VIPs
13721.0,217.39999999999998,1,2010-11-09 17:59:00,30,5.38632824387075,0.6931471805599453,2,New / Promising Customers
13722.0,3260.0,7,2010-10-15 10:18:00,55,8.089789175789319,2.0794415416798357,0,Champions/VIPs
13723.0,994.23,5,2010-11-12 16:59:00,27,6.902973866225107,1.791759469228055,0,Champions/VIPs
13724.0,213.01,1,2010-03-12 15:28:00,272,5.366022742902049,0.6931471805599453,1,At-Risk / Lost Customers
13727.0,740.6700000000001,6,2010-04-07 12:14:00,246,6.608904400304154,1.9459101490553132,0,Champions/VIPs
13728.0,1839.03,10,2010-11-17 13:50:00,22,7.517537154817943,2.3978952727983707,0,Champions/VIPs
13729.0,724.73,3,2010-09-30 10:44:00,70,6.587178044826087,1.3862943611198906,0,Champions/VIPs
13733.0,487.03000000000003,2,2010-10-25 12:18:00,45,6.1903768793734475,1.0986122886681098,2,New / Promising Customers
13736.0,2022.67,5,2010-10-10 11:41:00,60,7.6126679736360625,1.791759469228055,0,Champions/VIPs
13738.0,434.78000000000003,1,2010-11-08 15:23:00,31,6.077137528846132,0.6931471805599453,2,New / Promising Customers
13739.0,75.3,1,2010-06-30 10:25:00,162,4.334672938290411,0.6931471805599453,1,At-Risk / Lost Customers
13740.0,1232.02,4,2010-10-20 13:30:00,50,7.117221723632954,1.6094379124341003,0,Champions/VIPs
13745.0,477.32,1,2010-06-11 17:19:00,181,6.170279964572649,0.6931471805599453,1,At-Risk / Lost Customers
13746.0,176.69,1,2010-10-22 11:55:00,48,5.1800404589569835,0.6931471805599453,2,New / Promising Customers
13747.0,169.79999999999998,2,2010-12-01 10:37:00,8,5.14049328135447,1.0986122886681098,2,New / Promising Customers
13748.0,1320.1,5,2010-12-01 09:00:00,8,7.186220001884308,1.791759469228055,0,Champions/VIPs
13750.0,1954.92,6,2010-11-24 11:07:00,15,7.578615949962842,1.9459101490553132,0,Champions/VIPs
13752.0,404.45000000000005,1,2010-06-30 10:23:00,162,6.004997561390566,0.6931471805599453,1,At-Risk / Lost Customers
13753.0,1353.31,3,2010-04-20 14:08:00,233,7.21104737852242,1.3862943611198906,1,At-Risk / Lost Customers
13754.0,164.45000000000002,1,2010-09-28 15:29:00,72,5.1086690343676215,0.6931471805599453,2,New / Promising Customers
13757.0,195.55,1,2010-02-03 12:37:00,309,5.280916851867869,0.6931471805599453,1,At-Risk / Lost Customers
13760.0,1076.85,3,2010-10-31 15:18:00,39,6.982723595219443,1.3862943611198906,0,Champions/VIPs
13761.0,881.52,4,2010-07-25 12:50:00,137,6.7827814514401705,1.6094379124341003,0,Champions/VIPs
13762.0,2165.76,4,2010-04-25 15:51:00,228,7.680988243210912,1.6094379124341003,0,Champions/VIPs
13763.0,3502.48,2,2010-10-18 13:25:00,52,8.161512039217158,1.0986122886681098,0,Champions/VIPs
13764.0,1392.25,3,2010-05-19 15:47:00,204,7.239394426449646,1.3862943611198906,0,Champions/VIPs
13765.0,352.82,1,2010-02-24 13:46:00,288,5.868788309240467,0.6931471805599453,1,At-Risk / Lost Customers
13766.0,190.35,1,2010-08-01 14:25:00,130,5.254104211871711,0.6931471805599453,2,New / Promising Customers
13768.0,875.97,2,2009-12-13 10:41:00,361,6.776472784261436,1.0986122886681098,1,At-Risk / Lost Customers
13769.0,3003.9100000000003,11,2010-12-07 13:28:00,2,8.0080028964376,2.4849066497880004,0,Champions/VIPs
13770.0,785.37,4,2010-10-13 15:10:00,57,6.66742741958036,1.6094379124341003,0,Champions/VIPs
13771.0,3094.37,5,2010-06-24 13:42:00,168,8.037662725630957,1.791759469228055,0,Champions/VIPs
13772.0,1977.39,5,2010-11-04 13:14:00,35,7.590038661604865,1.791759469228055,0,Champions/VIPs
13773.0,301.54,2,2010-11-08 11:49:00,31,5.7122135001340535,1.0986122886681098,2,New / Promising Customers
13775.0,1049.66,1,2010-04-28 12:15:00,225,6.9571738171118644,0.6931471805599453,1,At-Risk / Lost Customers
13778.0,945.79,3,2010-08-05 14:52:00,126,6.853077315691361,1.3862943611198906,0,Champions/VIPs
13779.0,161.13,1,2010-07-12 11:24:00,150,5.088398482561978,0.6931471805599453,1,At-Risk / Lost Customers
13780.0,372.06,1,2010-10-28 19:51:00,42,5.921739264616416,0.6931471805599453,2,New / Promising Customers
13781.0,650.99,2,2010-04-26 14:30:00,227,6.480029224385721,1.0986122886681098,1,At-Risk / Lost Customers
13782.0,877.22,7,2010-09-12 10:40:00,88,6.77789713172391,2.0794415416798357,0,Champions/VIPs
13783.0,1125.24,3,2010-05-19 10:11:00,204,7.026639929859821,1.3862943611198906,0,Champions/VIPs
13784.0,447.44,3,2010-10-01 08:19:00,69,6.105774893285393,1.3862943611198906,2,New / Promising Customers
13785.0,542.49,4,2010-10-07 09:25:00,63,6.298011307127966,1.6094379124341003,0,Champions/VIPs
13786.0,3127.99,6,2010-12-07 13:53:00,2,8.048465547754539,1.9459101490553132,0,Champions/VIPs
13787.0,913.46,4,2010-09-07 11:55:00,93,6.818333727125813,1.6094379124341003,0,Champions/VIPs
13788.0,3.75,1,2010-07-22 15:50:00,140,1.55814461804655,0.6931471805599453,1,At-Risk / Lost Customers
13789.0,239.45999999999998,1,2010-11-16 15:31:00,23,5.482553755546763,0.6931471805599453,2,New / Promising Customers
13792.0,188.4,1,2010-10-13 11:05:00,57,5.243861180751978,0.6931471805599453,2,New / Promising Customers
13793.0,96.0,1,2010-03-03 08:25:00,281,4.574710978503383,0.6931471805599453,1,At-Risk / Lost Customers
13794.0,126.03,1,2010-06-11 12:30:00,181,4.844423279035369,0.6931471805599453,1,At-Risk / Lost Customers
13795.0,836.3,4,2010-11-16 17:25:00,23,6.7301824292103865,1.6094379124341003,0,Champions/VIPs
13796.0,289.7,1,2010-07-28 14:45:00,134,5.6722918075648305,0.6931471805599453,2,New / Promising Customers
13797.0,1179.45,3,2010-09-29 10:34:00,71,7.073651000694222,1.3862943611198906,0,Champions/VIPs
13799.0,2114.71,7,2010-09-21 12:02:00,79,7.657145732546141,2.0794415416798357,0,Champions/VIPs
13800.0,1121.24,2,2010-10-05 14:19:00,65,7.023081966951813,1.0986122886681098,2,New / Promising Customers
13803.0,1061.84,2,2010-10-04 10:52:00,66,6.968699849609492,1.0986122886681098,2,New / Promising Customers
13804.0,572.73,2,2010-09-30 16:20:00,70,6.352158902379387,1.0986122886681098,2,New / Promising Customers
13807.0,422.2,3,2010-12-07 15:48:00,2,6.04784488054409,1.3862943611198906,2,New / Promising Customers
13809.0,524.65,2,2010-11-10 09:35:00,29,6.26463559202184,1.0986122886681098,2,New / Promising Customers
13813.0,1218.61,4,2010-06-30 08:50:00,162,7.106286414490127,1.6094379124341003,0,Champions/VIPs
13814.0,678.2,1,2010-06-30 14:12:00,162,6.520915634997138,0.6931471805599453,2,New / Promising Customers
13815.0,3070.38,4,2010-10-29 11:42:00,41,8.029882250981911,1.6094379124341003,0,Champions/VIPs
13818.0,61.28,1,2010-10-06 12:35:00,64,4.131640346965797,0.6931471805599453,2,New / Promising Customers
13819.0,1502.0,3,2010-02-08 15:30:00,304,7.315218389752975,1.3862943611198906,1,At-Risk / Lost Customers
13820.0,652.75,3,2010-10-17 13:46:00,53,6.482725015379133,1.3862943611198906,0,Champions/VIPs
13821.0,993.44,4,2010-11-11 13:24:00,28,6.9021797646489516,1.6094379124341003,0,Champions/VIPs
13823.0,2445.79,5,2010-11-24 13:32:00,15,7.802532240389321,1.791759469228055,0,Champions/VIPs
13824.0,1615.82,7,2010-11-25 17:33:00,14,7.388216536126707,2.0794415416798357,0,Champions/VIPs
13825.0,255.59,2,2010-03-28 11:02:00,256,5.5474794802608,1.0986122886681098,1,At-Risk / Lost Customers
13829.0,102.0,1,2010-10-14 18:19:00,56,4.634728988229636,0.6931471805599453,2,New / Promising Customers
13830.0,156.85000000000002,1,2010-05-07 12:24:00,216,5.061645215004001,0.6931471805599453,1,At-Risk / Lost Customers
13832.0,557.6899999999999,1,2010-10-13 14:41:00,57,6.325594757611524,0.6931471805599453,2,New / Promising Customers
13833.0,316.56,1,2010-10-31 14:11:00,39,5.760666776856913,0.6931471805599453,2,New / Promising Customers
13834.0,324.19,2,2010-05-12 10:27:00,211,5.7844096268933525,1.0986122886681098,1,At-Risk / Lost Customers
13835.0,260.7,3,2010-07-08 11:50:00,154,5.5671988095361,1.3862943611198906,2,New / Promising Customers
13836.0,620.37,2,2010-11-05 13:31:00,34,6.4319267177117725,1.0986122886681098,2,New / Promising Customers
13838.0,1245.91,7,2010-12-05 10:45:00,4,7.128423769859707,2.0794415416798357,0,Champions/VIPs
13839.0,139.95000000000002,1,2010-08-10 13:52:00,121,4.948405217560122,0.6931471805599453,2,New / Promising Customers
13840.0,651.4,1,2010-10-19 13:34:00,51,6.4806578707468585,0.6931471805599453,2,New / Promising Customers
13842.0,2244.29,10,2010-12-08 10:39:00,1,7.716589967780409,2.3978952727983707,0,Champions/VIPs
13843.0,319.75,1,2010-11-23 17:48:00,16,5.770662003495746,0.6931471805599453,2,New / Promising Customers
13846.0,442.73,1,2010-11-05 09:47:00,34,6.095216269351388,0.6931471805599453,2,New / Promising Customers
13847.0,310.72,1,2009-12-20 10:41:00,354,5.74210534897536,0.6931471805599453,1,At-Risk / Lost Customers
13849.0,1931.35,3,2010-11-07 12:13:00,32,7.566492157785367,1.3862943611198906,0,Champions/VIPs
13851.0,1955.0,5,2010-11-25 11:34:00,14,7.578656850594762,1.791759469228055,0,Champions/VIPs
13852.0,187.35000000000002,1,2010-04-08 09:06:00,245,5.23830193413805,0.6931471805599453,1,At-Risk / Lost Customers
13855.0,1310.3400000000001,4,2010-07-27 09:53:00,135,7.178804794152059,1.6094379124341003,0,Champions/VIPs
13856.0,753.53,8,2010-09-02 18:24:00,98,6.626095038848851,2.1972245773362196,0,Champions/VIPs
13857.0,1000.91,6,2010-11-11 12:54:00,28,6.909663457251439,1.9459101490553132,0,Champions/VIPs
13859.0,314.7,1,2010-06-28 15:36:00,164,5.754792395563946,0.6931471805599453,1,At-Risk / Lost Customers
13861.0,273.26,2,2010-10-06 14:20:00,64,5.614076561571708,1.0986122886681098,2,New / Promising Customers
13862.0,346.73,1,2010-11-15 13:43:00,24,5.851426316568763,0.6931471805599453,2,New / Promising Customers
13863.0,933.77,3,2010-08-31 12:57:00,100,6.8403005097235425,1.3862943611198906,0,Champions/VIPs
13864.0,662.4000000000001,1,2010-11-18 12:50:00,21,6.497378126512952,0.6931471805599453,2,New / Promising Customers
13870.0,2941.14,7,2010-11-17 15:47:00,22,7.986892486704904,2.0794415416798357,0,Champions/VIPs
13871.0,1482.6,4,2010-10-07 12:56:00,63,7.302226845615436,1.6094379124341003,0,Champions/VIPs
13872.0,919.57,3,2010-06-30 15:35:00,162,6.8249930434091866,1.3862943611198906,0,Champions/VIPs
13873.0,649.32,5,2010-11-21 11:47:00,18,6.477464549438317,1.791759469228055,0,Champions/VIPs
13874.0,1508.7,6,2010-07-23 12:59:00,139,7.31966623457369,1.9459101490553132,0,Champions/VIPs
13875.0,3027.58,9,2010-11-17 13:12:00,22,8.015849141789465,2.302585092994046,0,Champions/VIPs
13877.0,332.44,2,2010-08-26 17:19:00,105,5.8094629391249475,1.0986122886681098,2,New / Promising Customers
13878.0,1145.33,3,2010-06-10 10:15:00,182,7.044320813937888,1.3862943611198906,0,Champions/VIPs
13879.0,395.5,1,2010-03-04 10:49:00,280,5.982676041074902,0.6931471805599453,1,At-Risk / Lost Customers
13880.0,1171.89,5,2010-12-07 14:00:00,2,7.06722606761508,1.791759469228055,0,Champions/VIPs
13884.0,1037.43,5,2010-11-28 11:45:00,11,6.945465236133424,1.791759469228055,0,Champions/VIPs
13888.0,1405.92,5,2010-10-31 11:09:00,39,7.249158196933559,1.791759469228055,0,Champions/VIPs
13889.0,1574.3300000000002,5,2010-11-22 13:25:00,17,7.3622200531222095,1.791759469228055,0,Champions/VIPs
13890.0,1043.57,4,2010-11-30 12:46:00,9,6.951360596462858,1.6094379124341003,0,Champions/VIPs
13891.0,859.21,3,2010-11-26 15:57:00,13,6.757176545485505,1.3862943611198906,0,Champions/VIPs
13892.0,274.68,2,2010-08-19 09:07:00,112,5.619240772779619,1.0986122886681098,2,New / Promising Customers
13895.0,1415.45,2,2010-07-12 10:46:00,150,7.255909020377188,1.0986122886681098,0,Champions/VIPs
13896.0,388.55,1,2010-03-24 08:55:00,260,5.964992226776867,0.6931471805599453,1,At-Risk / Lost Customers
13897.0,849.56,2,2010-09-27 13:36:00,73,6.745894956084825,1.0986122886681098,2,New / Promising Customers
13898.0,530.47,1,2010-10-24 15:42:00,46,6.275646752162638,0.6931471805599453,2,New / Promising Customers
13900.0,869.64,3,2010-11-15 14:48:00,24,6.769228573387807,1.3862943611198906,0,Champions/VIPs
13901.0,2809.14,10,2010-11-30 15:21:00,9,7.94098958315077,2.3978952727983707,0,Champions/VIPs
13902.0,595.26,2,2010-02-15 11:57:00,297,6.390676813550381,1.0986122886681098,1,At-Risk / Lost Customers
13903.0,165.45000000000002,1,2010-11-04 17:44:00,35,5.114694964021034,0.6931471805599453,2,New / Promising Customers
13905.0,312.65,1,2009-12-07 11:41:00,367,5.748277714542752,0.6931471805599453,1,At-Risk / Lost Customers
13906.0,42.0,1,2010-10-26 15:00:00,44,3.7612001156935624,0.6931471805599453,2,New / Promising Customers
13907.0,136.8,1,2010-01-17 12:22:00,326,4.925803358579558,0.6931471805599453,1,At-Risk / Lost Customers
13909.0,282.85,2,2010-10-12 17:22:00,58,5.648445929616735,1.0986122886681098,2,New / Promising Customers
13911.0,1654.08,11,2010-11-25 16:16:00,14,7.411604625011482,2.4849066497880004,0,Champions/VIPs
13912.0,124.95,1,2010-10-12 08:43:00,58,4.835885002798619,0.6931471805599453,2,New / Promising Customers
13913.0,42.22,1,2010-07-21 10:11:00,141,3.76630335107874,0.6931471805599453,1,At-Risk / Lost Customers
13915.0,70.80000000000001,1,2010-11-10 15:17:00,29,4.273884476054179,0.6931471805599453,2,New / Promising Customers
13916.0,1275.81,4,2010-09-02 10:04:00,98,7.152120058745075,1.6094379124341003,0,Champions/VIPs
13919.0,903.87,2,2010-10-11 11:53:00,59,6.807791286972953,1.0986122886681098,2,New / Promising Customers
13920.0,1774.68,4,2010-10-04 12:37:00,66,7.481938727137536,1.6094379124341003,0,Champions/VIPs
13921.0,730.7,4,2010-11-02 16:32:00,37,6.595370593889984,1.6094379124341003,0,Champions/VIPs
13922.0,692.95,2,2010-09-28 17:26:00,72,6.542399911801849,1.0986122886681098,2,New / Promising Customers
13927.0,359.27,1,2010-09-28 16:12:00,72,5.886853750340702,0.6931471805599453,2,New / Promising Customers
13929.0,2495.93,9,2010-10-19 09:50:00,51,7.822817256246455,2.302585092994046,0,Champions/VIPs
13936.0,563.08,2,2010-11-22 10:34:00,17,6.335196085410785,1.0986122886681098,2,New / Promising Customers
13937.0,721.28,1,2010-11-02 12:37:00,37,6.582412875347679,0.6931471805599453,2,New / Promising Customers
13939.0,992.41,4,2010-10-04 14:35:00,66,6.901143469061078,1.6094379124341003,0,Champions/VIPs
13943.0,246.54,1,2010-05-11 11:30:00,212,5.511572185111876,0.6931471805599453,1,At-Risk / Lost Customers
13944.0,200.43,1,2010-02-24 15:02:00,288,5.3054419264903325,0.6931471805599453,1,At-Risk / Lost Customers
13945.0,854.15,2,2010-11-10 10:00:00,29,6.7512768921457,1.0986122886681098,2,New / Promising Customers
13946.0,778.6600000000001,3,2010-11-28 16:21:00,11,6.658857927216836,1.3862943611198906,0,Champions/VIPs
13948.0,446.76,3,2010-10-24 13:46:00,46,6.104257374583104,1.3862943611198906,2,New / Promising Customers
13955.0,221.10999999999999,1,2010-11-29 17:35:00,10,5.403172754650417,0.6931471805599453,2,New / Promising Customers
13957.0,458.25,3,2010-10-18 10:02:00,52,6.129594724095235,1.3862943611198906,2,New / Promising Customers
13959.0,470.73,3,2010-11-05 16:52:00,34,6.156406788013439,1.3862943611198906,2,New / Promising Customers
13961.0,538.4,1,2010-11-12 14:40:00,27,6.2904574107056295,0.6931471805599453,2,New / Promising Customers
13962.0,193.25,1,2010-09-30 10:35:00,70,5.269145989247757,0.6931471805599453,2,New / Promising Customers
13964.0,438.9,2,2010-11-17 13:53:00,22,6.086547428354674,1.0986122886681098,2,New / Promising Customers
13965.0,996.61,3,2010-08-20 10:40:00,111,6.905362418373325,1.3862943611198906,0,Champions/VIPs
13966.0,384.26,1,2010-09-30 13:08:00,70,5.953918431034012,0.6931471805599453,2,New / Promising Customers
13967.0,85.6,1,2010-11-08 13:24:00,31,4.461299815568389,0.6931471805599453,2,New / Promising Customers
13968.0,123.66,1,2010-10-12 13:22:00,58,4.825590031380704,0.6931471805599453,2,New / Promising Customers
13970.0,846.55,2,2010-11-18 13:21:00,21,6.742349834564496,1.0986122886681098,2,New / Promising Customers
13971.0,1909.31,6,2010-10-12 08:51:00,58,7.555020811535782,1.9459101490553132,0,Champions/VIPs
13974.0,264.13,1,2010-05-06 17:55:00,217,5.580220271735778,0.6931471805599453,1,At-Risk / Lost Customers
13975.0,2795.16,6,2010-11-11 16:18:00,28,7.936002326323016,1.9459101490553132,0,Champions/VIPs
13976.0,834.38,3,2010-07-21 09:27:00,141,6.7278867111492495,1.3862943611198906,0,Champions/VIPs
13977.0,519.8100000000001,1,2010-10-24 14:08:00,46,6.255385291938897,0.6931471805599453,2,New / Promising Customers
13979.0,2503.76,6,2010-11-11 14:10:00,28,7.825948200545815,1.9459101490553132,0,Champions/VIPs
13980.0,568.68,4,2010-09-26 12:58:00,74,6.34507479967387,1.6094379124341003,0,Champions/VIPs
13981.0,331.14,1,2010-10-20 10:03:00,50,5.805556566778607,0.6931471805599453,2,New / Promising Customers
13982.0,2511.08,6,2010-12-09 13:57:00,0,7.828866374214738,1.9459101490553132,0,Champions/VIPs
13984.0,1128.09,8,2010-12-08 15:58:00,1,7.029167277535796,2.1972245773362196,0,Champions/VIPs
13985.0,2960.73,7,2010-11-30 08:58:00,9,7.9935288360476555,2.0794415416798357,0,Champions/VIPs
13987.0,682.54,2,2010-11-25 10:20:00,14,6.527285176763272,1.0986122886681098,2,New / Promising Customers
13988.0,609.84,2,2010-11-21 12:40:00,18,6.4148350590849805,1.0986122886681098,2,New / Promising Customers
13989.0,759.98,3,2010-09-01 13:58:00,99,6.634607076307393,1.3862943611198906,0,Champions/VIPs
13992.0,142.7,2,2010-11-24 15:42:00,15,4.967727793084979,1.0986122886681098,2,New / Promising Customers
13993.0,3309.35,10,2010-11-25 11:03:00,14,8.10480920296228,2.3978952727983707,0,Champions/VIPs
13995.0,2508.32,9,2010-11-25 16:31:00,14,7.827767079086708,2.302585092994046,0,Champions/VIPs
13996.0,845.76,2,2010-11-18 16:27:00,21,6.7414173014893795,1.0986122886681098,2,New / Promising Customers
13997.0,376.46,3,2010-07-08 18:06:00,154,5.933464602809993,1.3862943611198906,2,New / Promising Customers
13998.0,566.7,3,2010-09-19 10:20:00,81,6.341593110176681,1.3862943611198906,2,New / Promising Customers
14000.0,1410.68,4,2010-10-21 15:35:00,49,7.252535763473794,1.6094379124341003,0,Champions/VIPs
14001.0,2487.01,7,2010-12-01 12:58:00,8,7.8192384731435975,2.0794415416798357,0,Champions/VIPs
14003.0,209.41,1,2009-12-07 08:53:00,367,5.3490580082512205,0.6931471805599453,1,At-Risk / Lost Customers
14004.0,1675.81,4,2010-11-11 13:26:00,28,7.424648457849398,1.6094379124341003,0,Champions/VIPs
14006.0,1234.48,4,2010-06-29 12:43:00,163,7.119214837519414,1.6094379124341003,0,Champions/VIPs
14007.0,79.48,1,2010-07-15 09:06:00,147,4.388008706351429,0.6931471805599453,1,At-Risk / Lost Customers
14008.0,509.04,1,2010-10-03 13:09:00,67,6.234489154015341,0.6931471805599453,2,New / Promising Customers
14009.0,404.3,1,2010-09-03 12:08:00,97,6.004627533634263,0.6931471805599453,2,New / Promising Customers
14010.0,445.15,2,2010-05-23 13:00:00,200,6.10065521834616,1.0986122886681098,1,At-Risk / Lost Customers
14011.0,457.82,2,2010-08-16 15:31:00,115,6.128657976284189,1.0986122886681098,2,New / Promising Customers
14013.0,611.5500000000001,2,2010-11-24 16:16:00,15,6.41763057174018,1.0986122886681098,2,New / Promising Customers
14014.0,1443.03,2,2010-11-28 14:56:00,11,7.27519309486023,1.0986122886681098,0,Champions/VIPs
14017.0,229.75,1,2010-05-17 14:52:00,206,5.441334873382962,0.6931471805599453,1,At-Risk / Lost Customers
14018.0,367.15000000000003,1,2010-03-04 14:23:00,280,5.908490463814726,0.6931471805599453,1,At-Risk / Lost Customers
14020.0,606.21,2,2010-08-20 13:09:00,111,6.408874694984015,1.0986122886681098,2,New / Promising Customers
14021.0,1084.68,4,2010-11-30 15:14:00,9,6.989961797773115,1.6094379124341003,0,Champions/VIPs
14022.0,352.15000000000003,1,2010-08-10 09:38:00,121,5.866892895854932,0.6931471805599453,2,New / Promising Customers
14024.0,318.04,1,2010-11-14 10:51:00,25,5.765316486773473,0.6931471805599453,2,New / Promising Customers
14026.0,713.11,2,2010-08-26 10:31:00,105,6.571037012097961,1.0986122886681098,2,New / Promising Customers
14032.0,1874.68,6,2010-12-08 10:53:00,1,7.536726539323518,1.9459101490553132,0,Champions/VIPs
14035.0,1366.73,4,2010-10-29 10:10:00,41,7.220907710281733,1.6094379124341003,0,Champions/VIPs
14037.0,689.75,4,2010-08-18 12:52:00,113,6.537777963803526,1.6094379124341003,0,Champions/VIPs
14038.0,1509.5,2,2010-11-07 14:52:00,32,7.320196000826726,1.0986122886681098,0,Champions/VIPs
14039.0,115.08000000000001,1,2010-05-13 10:15:00,210,4.754279608575932,0.6931471805599453,1,At-Risk / Lost Customers
14042.0,431.98,1,2009-12-14 15:07:00,360,6.070691537559284,0.6931471805599453,1,At-Risk / Lost Customers
14043.0,302.6,2,2010-08-05 18:18:00,126,5.715711045521475,1.0986122886681098,2,New / Promising Customers
14044.0,2427.53,6,2010-10-17 13:28:00,53,7.7950414150140075,1.9459101490553132,0,Champions/VIPs
14047.0,2946.42,10,2010-12-02 10:09:00,7,7.988685490397723,2.3978952727983707,0,Champions/VIPs
14048.0,338.76,2,2010-11-22 14:21:00,17,5.828239486005016,1.0986122886681098,2,New / Promising Customers
14052.0,241.3,1,2010-11-14 11:37:00,25,5.49017662782248,0.6931471805599453,2,New / Promising Customers
14053.0,312.05,2,2010-11-07 14:50:00,32,5.746362922191319,1.0986122886681098,2,New / Promising Customers
14055.0,795.3199999999999,2,2010-05-11 10:24:00,212,6.680001115110244,1.0986122886681098,1,At-Risk / Lost Customers
14057.0,2135.0,5,2010-11-23 08:38:00,16,7.666690200080086,1.791759469228055,0,Champions/VIPs
14058.0,469.19,2,2010-09-03 09:31:00,97,6.153136868334086,1.0986122886681098,2,New / Promising Customers
14061.0,917.4300000000001,3,2010-07-20 17:22:00,142,6.822665690537023,1.3862943611198906,0,Champions/VIPs
14064.0,1770.38,10,2010-10-05 13:20:00,65,7.479514182807059,2.3978952727983707,0,Champions/VIPs
14065.0,891.02,3,2010-11-15 16:13:00,24,6.793488553853314,1.3862943611198906,0,Champions/VIPs
14068.0,1250.8700000000001,3,2010-04-15 14:28:00,238,7.13239371240312,1.3862943611198906,1,At-Risk / Lost Customers
14069.0,225.81,2,2010-07-13 12:12:00,149,5.424112662592345,1.0986122886681098,2,New / Promising Customers
14070.0,321.6,1,2010-01-24 12:27:00,319,5.776413165691109,0.6931471805599453,1,At-Risk / Lost Customers
14072.0,390.85,1,2010-02-11 12:31:00,301,5.9708791134988735,0.6931471805599453,1,At-Risk / Lost Customers
14074.0,219.39999999999998,1,2010-03-26 13:55:00,258,5.39544407727876,0.6931471805599453,1,At-Risk / Lost Customers
14075.0,782.61,2,2010-11-01 13:15:00,38,6.6639114476020245,1.0986122886681098,2,New / Promising Customers
14077.0,115.66,1,2010-11-09 16:01:00,30,4.759263721325492,0.6931471805599453,2,New / Promising Customers
14078.0,638.69,4,2010-12-01 12:54:00,8,6.460983684006252,1.6094379124341003,0,Champions/VIPs
14080.0,1070.08,4,2010-10-22 14:04:00,48,6.976422764203385,1.6094379124341003,0,Champions/VIPs
14082.0,231.10999999999999,1,2010-11-12 11:47:00,27,5.447211397229473,0.6931471805599453,2,New / Promising Customers
14083.0,373.3,3,2010-12-03 12:24:00,6,5.925057614910384,1.3862943611198906,2,New / Promising Customers
14084.0,150.5,1,2010-07-15 14:36:00,147,5.020585624949423,0.6931471805599453,1,At-Risk / Lost Customers
14086.0,39.95,1,2010-09-03 10:52:00,97,3.7123518102990785,0.6931471805599453,2,New / Promising Customers
14087.0,638.0,2,2010-10-31 11:22:00,39,6.459904454377535,1.0986122886681098,2,New / Promising Customers
14092.0,3152.54,10,2010-11-30 14:48:00,9,8.056280910342272,2.3978952727983707,0,Champions/VIPs
14094.0,311.77,1,2010-09-26 11:58:00,74,5.745468096143307,0.6931471805599453,2,New / Promising Customers
14095.0,2.95,1,2009-12-17 12:49:00,357,1.3737155789130306,0.6931471805599453,1,At-Risk / Lost Customers
14097.0,422.85999999999996,2,2010-08-15 14:20:00,116,6.049403212028428,1.0986122886681098,2,New / Promising Customers
14099.0,2646.7400000000002,9,2010-11-29 13:03:00,10,7.881461724925031,2.302585092994046,0,Champions/VIPs
14104.0,524.3199999999999,3,2010-11-15 13:13:00,24,6.264007600716959,1.3862943611198906,2,New / Promising Customers
14106.0,214.79999999999998,1,2009-12-02 14:09:00,372,5.374352052824034,0.6931471805599453,1,At-Risk / Lost Customers
14107.0,2174.07,4,2010-09-17 12:25:00,83,7.684816126912939,1.6094379124341003,0,Champions/VIPs
14108.0,447.05,2,2009-12-08 15:25:00,366,6.104904833330228,1.0986122886681098,1,At-Risk / Lost Customers
14112.0,2919.44,6,2010-09-14 13:41:00,86,7.979489568842,1.9459101490553132,0,Champions/VIPs
14114.0,977.5600000000001,5,2010-11-09 09:13:00,30,6.886082103300643,1.791759469228055,0,Champions/VIPs
14115.0,622.6700000000001,2,2010-07-26 12:36:00,136,6.435621382327133,1.0986122886681098,2,New / Promising Customers
14118.0,458.45,1,2010-10-07 11:59:00,63,6.130030121946894,0.6931471805599453,2,New / Promising Customers
14119.0,183.37,2,2010-11-29 10:33:00,10,5.216944608082299,1.0986122886681098,2,New / Promising Customers
14122.0,362.42,3,2010-10-29 15:11:00,41,5.895559190220911,1.3862943611198906,2,New / Promising Customers
14123.0,436.18,1,2009-12-06 15:35:00,368,6.0803450096018565,0.6931471805599453,1,At-Risk / Lost Customers
14126.0,466.33000000000004,1,2010-09-21 14:51:00,79,6.147035646233371,0.6931471805599453,2,New / Promising Customers
14127.0,1190.3700000000001,3,2010-11-24 16:56:00,15,7.082859184417591,1.3862943611198906,0,Champions/VIPs
14128.0,286.71,1,2010-06-06 14:05:00,186,5.661953028382361,0.6931471805599453,1,At-Risk / Lost Customers
14129.0,1467.48,4,2010-11-05 09:59:00,34,7.291983131206469,1.6094379124341003,0,Champions/VIPs
14130.0,1377.86,3,2010-11-29 17:11:00,10,7.22901234979687,1.3862943611198906,0,Champions/VIPs
14131.0,168.22,1,2010-03-01 11:59:00,283,5.1311996434963545,0.6931471805599453,1,At-Risk / Lost Customers
14133.0,305.5,1,2009-12-06 12:10:00,368,5.725217755376266,0.6931471805599453,1,At-Risk / Lost Customers
14136.0,1570.81,5,2010-11-04 11:53:00,35,7.359983100544423,1.791759469228055,0,Champions/VIPs
14137.0,332.7,1,2010-01-13 12:30:00,330,5.810242385757328,0.6931471805599453,1,At-Risk / Lost Customers
14139.0,670.98,3,2010-08-06 14:00:00,125,6.510228578175494,1.3862943611198906,0,Champions/VIPs
14142.0,671.34,2,2010-12-01 16:33:00,8,6.510764164953352,1.0986122886681098,2,New / Promising Customers
14144.0,30.599999999999998,1,2010-08-10 15:17:00,121,3.4531571205928664,0.6931471805599453,1,At-Risk / Lost Customers
14147.0,2106.8,7,2010-11-16 08:11:00,23,7.653400028499837,2.0794415416798357,0,Champions/VIPs
14148.0,309.09000000000003,1,2010-10-21 14:08:00,49,5.736862577924392,0.6931471805599453,2,New / Promising Customers
14151.0,679.45,2,2010-02-04 15:35:00,308,6.5227543440063265,1.0986122886681098,1,At-Risk / Lost Customers
14152.0,1376.05,5,2010-11-17 14:20:00,22,7.227698808890057,1.791759469228055,0,Champions/VIPs
14153.0,233.4,1,2010-08-13 14:35:00,118,5.457029057702858,0.6931471805599453,2,New / Promising Customers
14157.0,553.8000000000001,3,2010-11-15 15:10:00,24,6.318607688440677,1.3862943611198906,2,New / Promising Customers
14159.0,3221.6,9,2010-11-25 13:32:00,14,8.07794376613947,2.302585092994046,0,Champions/VIPs
14161.0,2182.46,5,2010-12-05 13:18:00,4,7.688666053545543,1.791759469228055,0,Champions/VIPs
14163.0,148.71,1,2010-09-03 17:15:00,97,5.008700089461746,0.6931471805599453,2,New / Promising Customers
14166.0,251.15,2,2010-07-22 19:42:00,140,5.530024148522735,1.0986122886681098,2,New / Promising Customers
14167.0,711.7,4,2010-09-01 17:15:00,99,6.569060574507825,1.6094379124341003,0,Champions/VIPs
14168.0,370.45,2,2010-10-15 10:49:00,55,5.917414265597815,1.0986122886681098,2,New / Promising Customers
14169.0,613.11,2,2010-10-05 08:45:00,65,6.420174065195606,1.0986122886681098,2,New / Promising Customers
14170.0,570.18,3,2010-11-29 13:10:00,10,6.347704396406768,1.3862943611198906,2,New / Promising Customers
14171.0,135.0,1,2009-12-09 13:50:00,365,4.912654885736052,0.6931471805599453,1,At-Risk / Lost Customers
14172.0,369.02,3,2010-04-13 13:26:00,240,5.913557058231456,1.3862943611198906,1,At-Risk / Lost Customers
14173.0,135.16,2,2010-03-08 13:24:00,276,4.913830664825064,1.0986122886681098,1,At-Risk / Lost Customers
14176.0,339.11,2,2010-12-07 11:45:00,2,5.829269094697617,1.0986122886681098,2,New / Promising Customers
14177.0,1660.23,9,2010-11-23 14:23:00,16,7.415313570827821,2.302585092994046,0,Champions/VIPs
14180.0,1570.73,9,2010-12-02 13:08:00,7,7.359932202512257,2.302585092994046,0,Champions/VIPs
14181.0,308.35,2,2010-10-25 08:27:00,45,5.734473321976997,1.0986122886681098,2,New / Promising Customers
14182.0,678.77,4,2010-09-22 11:45:00,78,6.521754505661576,1.6094379124341003,0,Champions/VIPs
14183.0,278.34000000000003,2,2010-10-24 14:45:00,46,5.632429677877625,1.0986122886681098,2,New / Promising Customers
14186.0,1550.63,5,2010-10-08 13:30:00,62,7.34706127025902,1.791759469228055,0,Champions/VIPs
14187.0,123.5,1,2010-08-23 12:06:00,108,4.824305715904762,0.6931471805599453,2,New / Promising Customers
14189.0,1160.31,2,2010-12-06 11:42:00,3,7.05730395725399,1.0986122886681098,0,Champions/VIPs
14190.0,79.9,1,2010-02-11 14:27:00,301,4.393213824064446,0.6931471805599453,1,At-Risk / Lost Customers
14191.0,132.9,2,2010-11-10 12:27:00,29,4.897093252697127,1.0986122886681098,2,New / Promising Customers
14192.0,293.74,1,2010-11-16 17:44:00,23,5.686093611785117,0.6931471805599453,2,New / Promising Customers
14193.0,356.8,1,2010-11-08 12:31:00,31,5.879974171074619,0.6931471805599453,2,New / Promising Customers
14195.0,1270.4,3,2010-09-26 14:06:00,74,7.147873934502308,1.3862943611198906,0,Champions/VIPs
14197.0,390.05,1,2010-10-25 10:01:00,45,5.968835429047621,0.6931471805599453,2,New / Promising Customers
14198.0,868.33,5,2010-11-04 13:50:00,35,6.767722800015255,1.791759469228055,0,Champions/VIPs
14199.0,906.3,3,2010-10-12 08:25:00,58,6.810473156175584,1.3862943611198906,0,Champions/VIPs
14200.0,379.2,1,2010-04-01 13:01:00,252,5.940697430054329,0.6931471805599453,1,At-Risk / Lost Customers
14201.0,446.1,3,2010-10-26 18:51:00,44,6.102782283239935,1.3862943611198906,2,New / Promising Customers
14202.0,847.76,3,2010-11-23 17:13:00,16,6.743776460835899,1.3862943611198906,0,Champions/VIPs
14203.0,339.34,1,2010-11-07 13:35:00,32,5.82994511794329,0.6931471805599453,2,New / Promising Customers
14204.0,874.22,3,2010-10-13 13:32:00,57,6.7744752833261765,1.3862943611198906,0,Champions/VIPs
14205.0,1947.5,7,2010-11-10 14:37:00,29,7.574815124778764,2.0794415416798357,0,Champions/VIPs
14206.0,856.85,2,2010-11-16 18:20:00,23,6.754429259029435,1.0986122886681098,2,New / Promising Customers
14207.0,157.8,1,2010-01-21 09:33:00,322,5.067645548813036,0.6931471805599453,1,At-Risk / Lost Customers
14208.0,415.31,1,2010-06-06 13:11:00,186,6.031430175051029,0.6931471805599453,1,At-Risk / Lost Customers
14209.0,2919.84,9,2010-11-19 13:58:00,20,7.979626525125769,2.302585092994046,0,Champions/VIPs
14211.0,2161.19,9,2010-10-24 12:54:00,46,7.678876875928912,2.302585092994046,0,Champions/VIPs
14212.0,1119.6599999999999,1,2010-09-20 11:48:00,80,7.021673076442781,0.6931471805599453,2,New / Promising Customers
14213.0,1192.2,1,2010-10-31 10:37:00,39,7.084394052640594,0.6931471805599453,2,New / Promising Customers
14215.0,1626.61,4,2010-12-06 15:34:00,3,7.394867960124389,1.6094379124341003,0,Champions/VIPs
14216.0,310.74,1,2010-10-21 15:07:00,49,5.742169507060905,0.6931471805599453,2,New / Promising Customers
14217.0,1411.91,7,2010-12-08 13:28:00,1,7.253406686388446,2.0794415416798357,0,Champions/VIPs
14219.0,543.89,2,2010-10-26 10:34:00,44,6.300583939429462,1.0986122886681098,2,New / Promising Customers
14220.0,882.5999999999999,2,2010-05-21 13:29:00,202,6.784004471545962,1.0986122886681098,1,At-Risk / Lost Customers
14221.0,3084.69,8,2010-09-16 14:41:00,84,8.034530574215601,2.1972245773362196,0,Champions/VIPs
14224.0,831.98,5,2010-11-14 13:53:00,25,6.725009632274766,1.791759469228055,0,Champions/VIPs
14225.0,2031.07,4,2010-10-01 10:32:00,69,7.616810256923923,1.6094379124341003,0,Champions/VIPs
14226.0,770.34,1,2010-09-24 14:32:00,76,6.648129262090512,0.6931471805599453,2,New / Promising Customers
14227.0,3015.2000000000003,5,2010-10-21 10:49:00,49,8.011753039926585,1.791759469228055,0,Champions/VIPs
14228.0,745.5,3,2010-09-28 09:45:00,72,6.615395616979245,1.3862943611198906,0,Champions/VIPs
14229.0,1046.84,4,2010-11-01 13:04:00,38,6.954486181469743,1.6094379124341003,0,Champions/VIPs
14230.0,979.8000000000001,3,2010-09-30 09:07:00,70,6.888368565181947,1.3862943611198906,0,Champions/VIPs
14231.0,309.91,1,2010-09-15 09:52:00,85,5.739503481230614,0.6931471805599453,2,New / Promising Customers
14233.0,1441.55,3,2010-08-31 15:03:00,100,7.274167659826601,1.3862943611198906,0,Champions/VIPs
14235.0,1573.1299999999999,4,2010-07-29 17:24:00,133,7.361458017688789,1.6094379124341003,0,Champions/VIPs
14236.0,1253.78,4,2010-12-02 18:49:00,7,7.134715537394472,1.6094379124341003,0,Champions/VIPs
14237.0,471.14,2,2010-12-01 13:20:00,8,6.157275551774947,1.0986122886681098,2,New / Promising Customers
14238.0,287.38,2,2010-02-15 11:39:00,297,5.6642790548785005,1.0986122886681098,1,At-Risk / Lost Customers
14239.0,1882.3200000000002,10,2010-10-04 15:01:00,66,7.5407914558012985,2.3978952727983707,0,Champions/VIPs
14240.0,357.15,1,2010-10-12 12:48:00,58,5.88095189306046,0.6931471805599453,2,New / Promising Customers
14241.0,120.0,1,2010-01-12 15:11:00,331,4.795790545596741,0.6931471805599453,1,At-Risk / Lost Customers
14244.0,366.41999999999996,1,2010-02-17 11:40:00,295,5.906505607880791,0.6931471805599453,1,At-Risk / Lost Customers
14247.0,616.79,4,2010-10-31 13:58:00,39,6.426148593885366,1.6094379124341003,0,Champions/VIPs
14248.0,730.37,2,2010-09-06 14:04:00,94,6.594919487646816,1.0986122886681098,2,New / Promising Customers
14252.0,350.99,1,2010-11-23 13:36:00,16,5.863602766103642,0.6931471805599453,2,New / Promising Customers
14253.0,363.40000000000003,2,2010-08-03 14:55:00,128,5.898252165385803,1.0986122886681098,2,New / Promising Customers
14254.0,601.03,1,2010-10-03 11:52:00,67,6.400307277954197,0.6931471805599453,2,New / Promising Customers
14256.0,1491.73,3,2010-08-05 09:30:00,126,7.308361937246574,1.3862943611198906,0,Champions/VIPs
14257.0,2854.73,4,2010-11-24 16:00:00,15,7.957082781175368,1.6094379124341003,0,Champions/VIPs
14260.0,824.28,3,2010-08-25 14:55:00,106,6.71572272269298,1.3862943611198906,0,Champions/VIPs
14263.0,322.93,1,2010-10-12 14:09:00,58,5.780527443067584,0.6931471805599453,2,New / Promising Customers
14264.0,1183.39,4,2010-11-25 17:42:00,14,7.076983153098244,1.6094379124341003,0,Champions/VIPs
14265.0,843.17,2,2010-09-01 12:20:00,99,6.7383538961142575,1.0986122886681098,2,New / Promising Customers
14266.0,40.56,1,2010-10-07 13:32:00,63,3.727138166231027,0.6931471805599453,2,New / Promising Customers
14268.0,354.85,1,2010-08-26 10:45:00,105,5.87450929374528,0.6931471805599453,2,New / Promising Customers
14269.0,295.73,1,2010-09-26 12:53:00,74,5.692822634419859,0.6931471805599453,2,New / Promising Customers
14271.0,101.86,1,2010-10-26 17:01:00,44,4.63336884034677,0.6931471805599453,2,New / Promising Customers
14272.0,482.85,2,2010-05-26 09:49:00,197,6.181774941326951,1.0986122886681098,1,At-Risk / Lost Customers
14274.0,256.6,1,2010-01-22 12:51:00,321,5.551407994230199,0.6931471805599453,1,At-Risk / Lost Customers
14275.0,1189.3799999999999,6,2010-11-09 09:06:00,30,7.082027862862419,1.9459101490553132,0,Champions/VIPs
14276.0,982.94,4,2010-10-28 17:13:00,42,6.891564919583409,1.6094379124341003,0,Champions/VIPs
14277.0,990.08,5,2010-10-24 12:44:00,46,6.898795257610626,1.791759469228055,0,Champions/VIPs
14278.0,205.83,1,2010-10-26 12:07:00,44,5.331897199811232,0.6931471805599453,2,New / Promising Customers
14279.0,191.86,2,2010-07-07 08:42:00,155,5.261964537082238,1.0986122886681098,1,At-Risk / Lost Customers
14281.0,245.15,1,2010-10-27 14:45:00,43,5.50594110620421,0.6931471805599453,2,New / Promising Customers
14283.0,628.4399999999999,4,2010-09-02 14:46:00,98,6.444830535200694,1.6094379124341003,0,Champions/VIPs
14284.0,704.4,1,2010-02-24 12:06:00,288,6.558765017801951,0.6931471805599453,1,At-Risk / Lost Customers
14285.0,1374.41,4,2010-07-14 14:07:00,148,7.226507147471491,1.6094379124341003,0,Champions/VIPs
14290.0,2201.91,3,2010-10-22 12:03:00,48,7.697534492586069,1.3862943611198906,0,Champions/VIPs
14293.0,2221.37,6,2010-12-06 10:18:00,3,7.706329472988882,1.9459101490553132,0,Champions/VIPs
14294.0,375.34,1,2010-10-28 16:25:00,42,5.930492990116498,0.6931471805599453,2,New / Promising Customers
14295.0,2186.71,3,2010-09-27 09:48:00,73,7.690610613624065,1.3862943611198906,0,Champions/VIPs
14296.0,456.40000000000003,2,2010-10-14 14:14:00,56,6.125558281588681,1.0986122886681098,2,New / Promising Customers
14301.0,1352.04,3,2010-10-19 14:09:00,51,7.2101091916657865,1.3862943611198906,0,Champions/VIPs
14302.0,742.9000000000001,3,2010-10-05 08:10:00,65,6.611906617197296,1.3862943611198906,0,Champions/VIPs
14303.0,277.94,2,2010-10-28 15:37:00,42,5.630996704930548,1.0986122886681098,2,New / Promising Customers
14304.0,1341.56,2,2010-11-25 10:20:00,14,7.202333518121759,1.0986122886681098,0,Champions/VIPs
14306.0,1058.0800000000002,4,2010-11-26 10:44:00,13,6.965155885713242,1.6094379124341003,0,Champions/VIPs
14307.0,2075.31,5,2010-12-01 11:41:00,8,7.638347558764022,1.791759469228055,0,Champions/VIPs
14309.0,1428.28,2,2010-10-22 13:18:00,48,7.264926099953529,1.0986122886681098,0,Champions/VIPs
14310.0,492.1,1,2010-10-03 12:34:00,67,6.2007119932300805,0.6931471805599453,2,New / Promising Customers
14311.0,206.19,1,2010-05-21 10:28:00,202,5.333636246672391,0.6931471805599453,1,At-Risk / Lost Customers
14312.0,1478.7,5,2010-11-26 11:40:00,13,7.299594643508488,1.791759469228055,0,Champions/VIPs
14314.0,109.80000000000001,1,2010-10-05 08:00:00,65,4.707726774313183,0.6931471805599453,2,New / Promising Customers
14315.0,716.69,2,2010-05-24 13:56:00,199,6.5760377209406,1.0986122886681098,1,At-Risk / Lost Customers
14316.0,886.5,5,2010-10-13 16:31:00,57,6.788408521349571,1.791759469228055,0,Champions/VIPs
14318.0,158.02,1,2010-09-05 15:32:00,95,5.069029980473338,0.6931471805599453,2,New / Promising Customers
14319.0,494.85,1,2010-10-11 13:38:00,59,6.206273461632134,0.6931471805599453,2,New / Promising Customers
14320.0,868.96,3,2010-06-11 12:45:00,181,6.76844723358016,1.3862943611198906,0,Champions/VIPs
14321.0,687.3100000000001,2,2010-10-04 12:48:00,66,6.534239317847378,1.0986122886681098,2,New / Promising Customers
14322.0,474.1,4,2010-10-06 15:17:00,64,6.163525308192876,1.6094379124341003,0,Champions/VIPs
14324.0,701.61,2,2010-10-26 11:44:00,44,6.554801972579857,1.0986122886681098,2,New / Promising Customers
14325.0,245.48000000000002,1,2010-05-19 09:20:00,204,5.507280854288412,0.6931471805599453,1,At-Risk / Lost Customers
14326.0,757.13,2,2010-09-02 13:29:00,98,6.630854874895033,1.0986122886681098,2,New / Promising Customers
14327.0,1583.28,5,2010-11-22 15:24:00,17,7.367885324429574,1.791759469228055,0,Champions/VIPs
14330.0,200.63,1,2010-03-26 09:10:00,258,5.3064343346499845,0.6931471805599453,1,At-Risk / Lost Customers
14332.0,1077.2,2,2010-11-23 15:24:00,16,6.983048263017569,1.0986122886681098,2,New / Promising Customers
14334.0,1766.27,4,2010-10-10 10:33:00,60,7.477191262004992,1.6094379124341003,0,Champions/VIPs
14338.0,339.88,1,2010-06-21 10:32:00,171,5.831530509191657,0.6931471805599453,1,At-Risk / Lost Customers
14339.0,310.75,1,2010-10-07 08:50:00,63,5.742201584560146,0.6931471805599453,2,New / Promising Customers
14341.0,2285.04,10,2010-10-15 15:52:00,55,7.734576342014444,2.3978952727983707,0,Champions/VIPs
14342.0,249.88,2,2010-10-03 12:46:00,67,5.524974737162043,1.0986122886681098,2,New / Promising Customers
14343.0,1079.66,4,2010-10-14 13:05:00,56,6.985327244577022,1.6094379124341003,0,Champions/VIPs
14346.0,1294.17,3,2010-10-10 14:19:00,60,7.166397239649218,1.3862943611198906,0,Champions/VIPs
14347.0,82.6,1,2009-12-03 10:49:00,371,4.426043520090656,0.6931471805599453,1,At-Risk / Lost Customers
14350.0,689.1,2,2010-11-24 12:01:00,15,6.536836514626557,1.0986122886681098,2,New / Promising Customers
14353.0,285.9,2,2010-10-25 14:46:00,45,5.659133722987319,1.0986122886681098,2,New / Promising Customers
14355.0,840.0500000000001,3,2010-12-09 12:16:00,0,6.734651111237791,1.3862943611198906,0,Champions/VIPs
14358.0,400.06,2,2010-11-15 15:51:00,24,5.994111042048887,1.0986122886681098,2,New / Promising Customers
14361.0,214.70999999999998,1,2010-05-10 12:29:00,213,5.373934913006625,0.6931471805599453,1,At-Risk / Lost Customers
14363.0,227.47000000000003,2,2010-11-02 17:01:00,37,5.431404910686392,1.0986122886681098,2,New / Promising Customers
14365.0,634.68,2,2010-11-10 09:52:00,29,6.454695292066289,1.0986122886681098,2,New / Promising Customers
14366.0,136.0,1,2010-07-02 17:23:00,160,4.919980925828125,0.6931471805599453,1,At-Risk / Lost Customers
14369.0,469.13,2,2010-03-07 15:47:00,277,6.153009252203234,1.0986122886681098,1,At-Risk / Lost Customers
14370.0,1175.78,6,2010-09-15 10:53:00,85,7.070537173901474,1.9459101490553132,0,Champions/VIPs
14372.0,860.08,2,2010-09-22 16:17:00,78,6.758187415326246,1.0986122886681098,2,New / Promising Customers
14374.0,108.0,1,2010-06-16 14:25:00,176,4.6913478822291435,0.6931471805599453,1,At-Risk / Lost Customers
14375.0,871.26,2,2010-09-15 14:45:00,85,6.771087544604203,1.0986122886681098,2,New / Promising Customers
14376.0,215.46,1,2010-01-25 15:36:00,318,5.377405772867,0.6931471805599453,1,At-Risk / Lost Customers
14378.0,131.25,1,2010-03-28 12:22:00,256,4.8846940707384086,0.6931471805599453,1,At-Risk / Lost Customers
14379.0,917.06,2,2010-11-11 16:29:00,28,6.822262747961777,1.0986122886681098,2,New / Promising Customers
14381.0,423.26,1,2010-09-14 16:15:00,86,6.050346474844204,0.6931471805599453,2,New / Promising Customers
14382.0,578.14,1,2010-11-14 16:32:00,25,6.3615442445453505,0.6931471805599453,2,New / Promising Customers
14384.0,58.5,1,2010-07-27 09:53:00,135,4.085976312551584,0.6931471805599453,1,At-Risk / Lost Customers
14388.0,3488.16,9,2010-12-02 11:02:00,7,8.157416298547462,2.302585092994046,0,Champions/VIPs
14389.0,854.55,3,2010-10-11 10:04:00,59,6.751744536977979,1.3862943611198906,0,Champions/VIPs
14390.0,1731.16,5,2010-12-02 11:57:00,7,7.457124463608613,1.791759469228055,0,Champions/VIPs
14391.0,135.6,1,2010-05-12 09:42:00,211,4.91705694713669,0.6931471805599453,1,At-Risk / Lost Customers
14392.0,266.4,1,2010-10-03 12:56:00,67,5.588745664667843,0.6931471805599453,2,New / Promising Customers
14394.0,93.8,1,2010-05-24 10:43:00,199,4.551769409260976,0.6931471805599453,1,At-Risk / Lost Customers
14396.0,1591.74,6,2010-12-03 15:19:00,6,7.373211082527665,1.9459101490553132,0,Champions/VIPs
14398.0,707.79,2,2010-11-03 13:46:00,36,6.563559290839203,1.0986122886681098,2,New / Promising Customers
14399.0,2108.21,8,2010-11-10 13:23:00,29,7.654068748779155,2.1972245773362196,0,Champions/VIPs
14400.0,1157.77,2,2010-10-27 13:59:00,43,7.055114376709538,1.0986122886681098,2,New / Promising Customers
14401.0,2744.42,9,2010-10-11 15:25:00,59,7.91768934770397,2.302585092994046,0,Champions/VIPs
14402.0,285.6,1,2010-02-25 13:20:00,287,5.6580875153940715,0.6931471805599453,1,At-Risk / Lost Customers
14403.0,404.7,2,2010-04-29 08:47:00,224,6.005613970212401,1.0986122886681098,1,At-Risk / Lost Customers
14404.0,1404.04,8,2010-12-05 16:00:00,4,7.24782105111348,2.1972245773362196,0,Champions/VIPs
14405.0,195.0,1,2010-11-18 11:40:00,21,5.278114659230517,0.6931471805599453,2,New / Promising Customers
14408.0,1503.2400000000002,4,2010-08-25 13:08:00,106,7.316043066247219,1.6094379124341003,0,Champions/VIPs
14409.0,1696.64,5,2010-12-06 15:06:00,3,7.436994330258844,1.791759469228055,0,Champions/VIPs
14410.0,1531.63,2,2010-11-28 14:57:00,11,7.334740492923871,1.0986122886681098,0,Champions/VIPs
14412.0,656.16,1,2010-10-11 12:33:00,59,6.487927520038136,0.6931471805599453,2,New / Promising Customers
14413.0,300.67,2,2010-10-25 14:41:00,45,5.709333704694526,1.0986122886681098,2,New / Promising Customers
14414.0,902.35,1,2010-11-30 10:12:00,9,6.806110075219936,0.6931471805599453,2,New / Promising Customers
14417.0,524.65,1,2010-11-17 10:55:00,22,6.26463559202184,0.6931471805599453,2,New / Promising Customers
14419.0,202.85,1,2010-11-22 11:09:00,17,5.317384429265262,0.6931471805599453,2,New / Promising Customers
14420.0,1251.65,3,2010-11-08 10:49:00,31,7.133016586267348,1.3862943611198906,0,Champions/VIPs
14421.0,1656.26,4,2010-07-15 12:30:00,147,7.412920915195919,1.6094379124341003,0,Champions/VIPs
14423.0,651.41,2,2010-09-28 10:42:00,72,6.480673198649006,1.0986122886681098,2,New / Promising Customers
14425.0,661.39,3,2010-10-01 10:24:00,69,6.495854506338738,1.3862943611198906,0,Champions/VIPs
14427.0,900.1800000000001,2,2010-08-02 11:25:00,129,6.803705015679784,1.0986122886681098,2,New / Promising Customers
14429.0,516.28,1,2010-11-01 10:08:00,38,6.248584313977123,0.6931471805599453,2,New / Promising Customers
14430.0,1220.9,3,2010-07-16 11:35:00,146,7.108162303322477,1.3862943611198906,0,Champions/VIPs
14431.0,2143.84,3,2010-11-25 14:03:00,14,7.670820236505398,1.3862943611198906,0,Champions/VIPs
14433.0,280.7,1,2010-08-31 12:35:00,100,5.640842674882327,0.6931471805599453,2,New / Promising Customers
14435.0,90.42,1,2010-07-26 12:33:00,136,4.515464272903598,0.6931471805599453,1,At-Risk / Lost Customers
14436.0,182.64000000000001,1,2010-06-04 11:32:00,188,5.212977319381022,0.6931471805599453,1,At-Risk / Lost Customers
14437.0,873.34,5,2010-12-09 09:27:00,0,6.773469316026729,1.791759469228055,0,Champions/VIPs
14441.0,2898.8,7,2010-11-30 19:35:00,9,7.9723970480790936,2.0794415416798357,0,Champions/VIPs
14443.0,966.27,2,2010-12-06 11:03:00,3,6.874477670544418,1.0986122886681098,2,New / Promising Customers
14444.0,120.44,1,2010-09-09 18:56:00,91,4.79942031364732,0.6931471805599453,2,New / Promising Customers
14445.0,221.65,1,2010-09-10 11:09:00,90,5.405601031767711,0.6931471805599453,2,New / Promising Customers
14446.0,189.93,1,2010-11-18 12:08:00,21,5.251906868725373,0.6931471805599453,2,New / Promising Customers
14447.0,548.5,1,2010-11-04 13:32:00,35,6.309008773843676,0.6931471805599453,2,New / Promising Customers
14449.0,1555.4,5,2010-12-02 14:09:00,7,7.350130741110399,1.791759469228055,0,Champions/VIPs
14450.0,645.19,4,2010-11-25 11:58:00,14,6.4710935781855445,1.6094379124341003,0,Champions/VIPs
14451.0,2614.78,10,2010-11-15 14:09:00,24,7.869317611181339,2.3978952727983707,0,Champions/VIPs
14452.0,399.9,2,2010-11-09 14:13:00,30,5.993712019648461,1.0986122886681098,2,New / Promising Customers
14454.0,977.3,5,2010-11-28 13:26:00,11,6.885816371463383,1.791759469228055,0,Champions/VIPs
14455.0,617.72,4,2010-10-03 15:48:00,67,6.427652827858987,1.6094379124341003,0,Champions/VIPs
14458.0,219.26999999999998,1,2010-11-24 12:43:00,15,5.394854066596066,0.6931471805599453,2,New / Promising Customers
14459.0,3537.82,1,2010-02-26 13:26:00,286,8.171548617226582,0.6931471805599453,1,At-Risk / Lost Customers
14460.0,659.16,6,2010-11-08 15:00:00,31,6.492482229882887,1.9459101490553132,0,Champions/VIPs
14462.0,262.24,1,2010-10-03 14:13:00,67,5.573066163587918,0.6931471805599453,2,New / Promising Customers
14463.0,256.95,1,2010-07-28 11:35:00,134,5.5527657676906585,0.6931471805599453,2,New / Promising Customers
14464.0,111.0,2,2010-05-20 18:00:00,203,4.718498871295094,1.0986122886681098,1,At-Risk / Lost Customers
14465.0,2395.89,8,2010-10-07 15:09:00,63,7.78192734268467,2.1972245773362196,0,Champions/VIPs
14466.0,2374.5,7,2010-12-02 13:36:00,7,7.772963220626976,2.0794415416798357,0,Champions/VIPs
14467.0,1606.98,8,2010-11-15 11:01:00,24,7.382734011850617,2.1972245773362196,0,Champions/VIPs
14468.0,204.24,1,2009-12-06 12:21:00,368,5.324180026073764,0.6931471805599453,1,At-Risk / Lost Customers
14469.0,2093.46,4,2010-10-19 14:30:00,51,7.64705104256806,1.6094379124341003,0,Champions/VIPs
14470.0,250.85,1,2010-10-05 12:39:00,65,5.528833672191659,0.6931471805599453,2,New / Promising Customers
14471.0,400.95,2,2010-04-27 17:12:00,226,5.99632770277397,1.0986122886681098,1,At-Risk / Lost Customers
14472.0,266.05,1,2010-01-19 13:09:00,324,5.587435906785779,0.6931471805599453,1,At-Risk / Lost Customers
14474.0,711.23,1,2010-05-09 12:12:00,214,6.568400892955687,0.6931471805599453,1,At-Risk / Lost Customers
14475.0,225.3,1,2010-10-27 09:20:00,43,5.421861552639491,0.6931471805599453,2,New / Promising Customers
14477.0,660.0,3,2010-09-29 14:05:00,71,6.493753839851686,1.3862943611198906,0,Champions/VIPs
14478.0,1276.66,4,2010-11-22 15:29:00,17,7.152785558853802,1.6094379124341003,0,Champions/VIPs
14479.0,982.86,3,2010-12-09 12:59:00,0,6.891483610507239,1.3862943611198906,0,Champions/VIPs
14480.0,1020.47,3,2010-11-02 12:35:00,37,6.928998045250788,1.3862943611198906,0,Champions/VIPs
14481.0,1648.18,3,2010-10-28 19:20:00,42,7.408033473667288,1.3862943611198906,0,Champions/VIPs
14482.0,2283.91,6,2010-11-25 15:26:00,14,7.7340819152440705,1.9459101490553132,0,Champions/VIPs
14483.0,120.0,1,2009-12-03 10:16:00,371,4.795790545596741,0.6931471805599453,1,At-Risk / Lost Customers
14484.0,749.0600000000001,3,2010-11-03 13:50:00,36,6.620153203330527,1.3862943611198906,0,Champions/VIPs
14486.0,175.5,2,2010-07-16 09:42:00,146,5.173320876373351,1.0986122886681098,2,New / Promising Customers
14487.0,225.89000000000001,2,2010-12-06 13:22:00,3,5.424465318536048,1.0986122886681098,2,New / Promising Customers
14489.0,1111.55,3,2010-09-28 15:26:00,72,7.014409956850677,1.3862943611198906,0,Champions/VIPs
14490.0,1273.47,2,2010-10-29 15:04:00,41,7.150285684896527,1.0986122886681098,0,Champions/VIPs
14491.0,127.2,1,2010-12-02 12:10:00,7,4.853591544486569,0.6931471805599453,2,New / Promising Customers
14492.0,1921.91,7,2010-10-05 13:21:00,65,7.561594942621463,2.0794415416798357,0,Champions/VIPs
14493.0,2704.62,5,2010-11-14 16:16:00,25,7.903086370192689,1.791759469228055,0,Champions/VIPs
14494.0,261.9,2,2010-11-03 13:13:00,36,5.571773731735836,1.0986122886681098,2,New / Promising Customers
14495.0,51.0,1,2010-02-18 08:49:00,294,3.9512437185814275,0.6931471805599453,1,At-Risk / Lost Customers
14496.0,2129.42,6,2010-12-01 15:35:00,8,7.66407442236403,1.9459101490553132,0,Champions/VIPs
14497.0,221.69,1,2010-02-04 09:59:00,308,5.405780669797565,0.6931471805599453,1,At-Risk / Lost Customers
14498.0,1943.51,5,2010-11-03 11:11:00,36,7.572765296292786,1.791759469228055,0,Champions/VIPs
14499.0,1293.3500000000001,4,2010-11-30 14:28:00,9,7.165763917622426,1.6094379124341003,0,Champions/VIPs
14506.0,1256.6000000000001,3,2010-12-05 14:25:00,4,7.136960421674942,1.3862943611198906,0,Champions/VIPs
14507.0,1848.8600000000001,5,2010-11-26 11:24:00,13,7.522865239533147,1.791759469228055,0,Champions/VIPs
14508.0,554.87,3,2010-11-28 13:21:00,11,6.320534453962433,1.3862943611198906,2,New / Promising Customers
14509.0,110.95,1,2010-06-23 13:21:00,169,4.718052343044764,0.6931471805599453,1,At-Risk / Lost Customers
14510.0,979.85,3,2010-11-29 12:46:00,10,6.888419542675394,1.3862943611198906,0,Champions/VIPs
14512.0,940.69,5,2010-11-21 13:00:00,18,6.847676133366505,1.791759469228055,0,Champions/VIPs
14513.0,332.42,3,2010-09-29 12:11:00,71,5.809402956519885,1.3862943611198906,2,New / Promising Customers
14514.0,3389.84,6,2010-09-29 13:14:00,71,8.128832957290836,1.9459101490553132,0,Champions/VIPs
14515.0,1647.17,6,2010-11-17 12:24:00,22,7.4074208604890766,1.9459101490553132,0,Champions/VIPs
14516.0,151.17,1,2010-07-11 14:07:00,151,5.024998316932023,0.6931471805599453,1,At-Risk / Lost Customers
14519.0,203.14,2,2010-01-25 11:18:00,318,5.318806032975353,1.0986122886681098,1,At-Risk / Lost Customers
14521.0,199.45000000000002,1,2010-08-05 16:35:00,126,5.300564839088516,0.6931471805599453,2,New / Promising Customers
14522.0,773.8800000000001,4,2010-04-23 10:45:00,230,6.652708178654919,1.6094379124341003,1,At-Risk / Lost Customers
14524.0,1066.03,4,2010-10-26 11:21:00,44,6.972634367120183,1.6094379124341003,0,Champions/VIPs
14526.0,258.65,1,2010-11-15 13:32:00,24,5.559334570290328,0.6931471805599453,2,New / Promising Customers
14530.0,3226.76,10,2010-11-08 13:05:00,31,8.079543677183404,2.3978952727983707,0,Champions/VIPs
14531.0,376.34,1,2010-08-17 10:16:00,114,5.933146637783467,0.6931471805599453,2,New / Promising Customers
14532.0,2912.93,7,2010-10-24 12:24:00,46,7.97725796450368,2.0794415416798357,0,Champions/VIPs
14533.0,1263.21,4,2010-10-28 16:42:00,42,7.142202700147714,1.6094379124341003,0,Champions/VIPs
14534.0,1787.41,8,2010-11-07 10:44:00,32,7.489082235934441,2.1972245773362196,0,Champions/VIPs
14535.0,3107.05,6,2010-11-09 16:03:00,30,8.041750798874222,1.9459101490553132,0,Champions/VIPs
14537.0,285.84000000000003,1,2010-03-26 13:44:00,258,5.658924569014374,0.6931471805599453,1,At-Risk / Lost Customers
14538.0,982.59,3,2010-06-27 10:23:00,165,6.891209143555911,1.3862943611198906,0,Champions/VIPs
14540.0,2756.98,8,2010-11-25 10:51:00,14,7.922253806695337,2.1972245773362196,0,Champions/VIPs
14541.0,1038.03,6,2010-10-19 15:07:00,51,6.946042864599612,1.9459101490553132,0,Champions/VIPs
14544.0,934.23,1,2010-08-26 16:00:00,105,6.840792488343092,0.6931471805599453,2,New / Promising Customers
14545.0,349.25,1,2010-02-03 15:23:00,309,5.858647185217117,0.6931471805599453,1,At-Risk / Lost Customers
14546.0,2610.91,6,2010-11-28 12:15:00,11,7.867837033447405,1.9459101490553132,0,Champions/VIPs
14548.0,1888.49,7,2010-08-12 15:48:00,119,7.544062230370141,2.0794415416798357,0,Champions/VIPs
14549.0,624.36,3,2010-10-15 08:26:00,55,6.438327483912075,1.3862943611198906,0,Champions/VIPs
14550.0,587.69,2,2010-11-16 14:05:00,23,6.377899729309341,1.0986122886681098,2,New / Promising Customers
14551.0,691.86,5,2010-10-24 14:45:00,46,6.540827958579054,1.791759469228055,0,Champions/VIPs
14552.0,343.71,2,2010-11-24 12:36:00,15,5.842703483835988,1.0986122886681098,2,New / Promising Customers
14553.0,959.33,4,2010-10-24 12:00:00,46,6.867276975393387,1.6094379124341003,0,Champions/VIPs
14555.0,1991.49,4,2010-11-23 11:35:00,16,7.597140391831199,1.6094379124341003,0,Champions/VIPs
14556.0,815.69,3,2010-04-22 14:57:00,231,6.705259585891079,1.3862943611198906,1,At-Risk / Lost Customers
14558.0,655.5,3,2010-02-23 12:51:00,289,6.486922693742851,1.3862943611198906,1,At-Risk / Lost Customers
14559.0,75.6,1,2010-11-14 16:05:00,25,4.338597076746545,0.6931471805599453,2,New / Promising Customers
14562.0,1631.38,8,2010-11-14 11:10:00,25,7.397794351557551,2.1972245773362196,0,Champions/VIPs
14563.0,625.42,2,2010-07-18 12:01:00,144,6.440021072647094,1.0986122886681098,2,New / Promising Customers
14564.0,2605.62,2,2010-10-01 09:02:00,69,7.86580964189769,1.0986122886681098,0,Champions/VIPs
14565.0,760.1,1,2010-08-23 09:48:00,108,6.634764755273346,0.6931471805599453,2,New / Promising Customers
14566.0,2660.0,3,2010-10-18 14:57:00,52,7.886457270977689,1.3862943611198906,0,Champions/VIPs
14568.0,919.7,1,2010-09-30 17:15:00,70,6.8251342502938,0.6931471805599453,2,New / Promising Customers
14569.0,369.94,3,2010-09-13 10:51:00,87,5.916040324461141,1.3862943611198906,2,New / Promising Customers
14570.0,295.19,1,2010-09-22 13:07:00,78,5.691001140291468,0.6931471805599453,2,New / Promising Customers
14571.0,160.0,1,2010-10-10 15:06:00,60,5.081404364984463,0.6931471805599453,2,New / Promising Customers
14572.0,2716.44,4,2010-10-18 17:11:00,52,7.907445539634782,1.6094379124341003,0,Champions/VIPs
14573.0,925.3,5,2010-12-02 19:59:00,7,6.8311981562599815,1.791759469228055,0,Champions/VIPs
14574.0,143.70000000000002,1,2009-12-07 12:42:00,367,4.974662633637438,0.6931471805599453,1,At-Risk / Lost Customers
14575.0,420.22,1,2010-08-08 14:51:00,123,6.043155262513337,0.6931471805599453,2,New / Promising Customers
14576.0,35.400000000000006,1,2010-12-02 17:51:00,7,3.594568774642695,0.6931471805599453,2,New / Promising Customers
14577.0,504.44,3,2010-11-10 12:19:00,29,6.225429337053775,1.3862943611198906,2,New / Promising Customers
14579.0,105.56,1,2010-10-03 14:36:00,67,4.668708206792079,0.6931471805599453,2,New / Promising Customers
14580.0,14.850000000000001,1,2010-07-09 15:20:00,153,2.76316950032329,0.6931471805599453,1,At-Risk / Lost Customers
14581.0,271.05,1,2010-06-13 15:48:00,179,5.605985872931934,0.6931471805599453,1,At-Risk / Lost Customers
14583.0,673.33,3,2010-11-21 15:28:00,18,6.513719605333686,1.3862943611198906,0,Champions/VIPs
14584.0,705.1,4,2010-10-14 13:48:00,56,6.5597568705223015,1.6094379124341003,0,Champions/VIPs
14585.0,986.22,4,2010-11-22 12:44:00,17,6.894892912265193,1.6094379124341003,0,Champions/VIPs
14588.0,135.39,1,2010-05-10 15:08:00,213,4.915518428938784,0.6931471805599453,1,At-Risk / Lost Customers
14589.0,39.75,1,2010-12-03 11:42:00,6,3.7074558396868715,0.6931471805599453,2,New / Promising Customers
14593.0,3040.88,9,2010-11-07 12:51:00,32,8.0202310243094,2.302585092994046,0,Champions/VIPs
14594.0,255.0,1,2010-12-01 13:54:00,8,5.545177444479562,0.6931471805599453,2,New / Promising Customers
14595.0,423.85,2,2010-09-12 12:47:00,88,6.05173616544955,1.0986122886681098,2,New / Promising Customers
14596.0,222.22000000000003,1,2010-03-23 12:13:00,261,5.408157832227569,0.6931471805599453,1,At-Risk / Lost Customers
14597.0,1318.3899999999999,4,2010-11-25 13:38:00,14,7.18492478755738,1.6094379124341003,0,Champions/VIPs
14598.0,162.07,1,2010-05-19 13:07:00,204,5.094179556473186,0.6931471805599453,1,At-Risk / Lost Customers
14599.0,457.89,2,2010-11-14 14:49:00,25,6.128810529923434,1.0986122886681098,2,New / Promising Customers
14600.0,471.84000000000003,1,2010-11-11 15:56:00,28,6.158757064882177,0.6931471805599453,2,New / Promising Customers
14602.0,205.35999999999999,1,2010-02-21 15:47:00,291,5.329622216376449,0.6931471805599453,1,At-Risk / Lost Customers
14604.0,136.35999999999999,1,2010-03-16 13:00:00,268,4.92260521658922,0.6931471805599453,1,At-Risk / Lost Customers
14605.0,920.71,4,2010-11-30 14:07:00,9,6.826230640457959,1.6094379124341003,0,Champions/VIPs
14608.0,1557.79,6,2010-11-25 15:52:00,14,7.351665158252804,1.9459101490553132,0,Champions/VIPs
14609.0,174.24,3,2010-07-06 09:53:00,156,5.166156462945698,1.3862943611198906,1,At-Risk / Lost Customers
14610.0,24.35,2,2010-11-09 10:58:00,30,3.232778730037192,1.0986122886681098,2,New / Promising Customers
14611.0,604.3299999999999,2,2010-09-22 09:19:00,78,6.405773763870038,1.0986122886681098,2,New / Promising Customers
14612.0,877.7,1,2010-10-20 16:01:00,50,6.7784435425017975,0.6931471805599453,2,New / Promising Customers
14613.0,76.32000000000001,1,2010-01-28 13:02:00,315,4.34795265434013,0.6931471805599453,1,At-Risk / Lost Customers
14614.0,295.13,1,2010-11-18 13:04:00,21,5.690798547097907,0.6931471805599453,2,New / Promising Customers
14615.0,951.76,5,2010-11-10 13:36:00,29,6.859363035631714,1.791759469228055,0,Champions/VIPs
14616.0,121.7,2,2010-11-19 16:33:00,20,4.809742351716865,1.0986122886681098,2,New / Promising Customers
14617.0,190.47000000000003,2,2010-11-02 11:41:00,37,5.254731138385114,1.0986122886681098,2,New / Promising Customers
14618.0,788.88,4,2010-11-28 10:24:00,11,6.6718810351891085,1.6094379124341003,0,Champions/VIPs
14619.0,896.8000000000001,1,2010-06-16 14:41:00,176,6.799947326347832,0.6931471805599453,1,At-Risk / Lost Customers
14621.0,1212.21,4,2010-07-16 07:50:00,146,7.101025018444484,1.6094379124341003,0,Champions/VIPs
14623.0,1130.28,5,2010-11-24 15:26:00,15,7.031105013999521,1.791759469228055,0,Champions/VIPs
14624.0,588.22,4,2010-10-20 15:16:00,50,6.3787996283436765,1.6094379124341003,0,Champions/VIPs
14625.0,3598.25,9,2010-11-30 12:33:00,9,8.188480769406464,2.302585092994046,0,Champions/VIPs
14626.0,2619.65,7,2010-11-09 09:23:00,30,7.8711776575885635,2.0794415416798357,0,Champions/VIPs
14627.0,462.75,1,2010-11-25 16:32:00,14,6.139345613921645,0.6931471805599453,2,New / Promising Customers
14628.0,1326.04,3,2010-09-23 18:24:00,77,7.190706177058017,1.3862943611198906,0,Champions/VIPs
14630.0,338.65,1,2010-08-12 16:38:00,119,5.8279156756373105,0.6931471805599453,2,New / Promising Customers
14631.0,1018.71,3,2010-11-18 10:37:00,21,6.927273552128017,1.3862943611198906,0,Champions/VIPs
14634.0,2124.46,4,2010-09-28 10:40:00,72,7.661743528520375,1.6094379124341003,0,Champions/VIPs
14635.0,215.22,1,2010-09-12 10:47:00,88,5.376296407864626,0.6931471805599453,2,New / Promising Customers
14637.0,106.67999999999999,1,2010-01-31 15:52:00,312,4.679163865896418,0.6931471805599453,1,At-Risk / Lost Customers
14639.0,1994.47,3,2010-10-27 13:47:00,43,7.598634890549671,1.3862943611198906,0,Champions/VIPs
14640.0,1541.98,4,2010-10-26 09:45:00,44,7.341470890516357,1.6094379124341003,0,Champions/VIPs
14643.0,986.08,3,2010-04-01 08:33:00,252,6.894751089846883,1.3862943611198906,1,At-Risk / Lost Customers
14644.0,1416.96,5,2010-10-21 10:10:00,49,7.2569744979494875,1.791759469228055,0,Champions/VIPs
14645.0,279.8,1,2010-03-15 11:33:00,269,5.637642672151656,0.6931471805599453,1,At-Risk / Lost Customers
14647.0,270.0,1,2010-07-04 13:27:00,158,5.602118820879701,0.6931471805599453,1,At-Risk / Lost Customers
14649.0,2248.6,5,2010-11-22 13:59:00,17,7.718507701616346,1.791759469228055,0,Champions/VIPs
14650.0,62.5,1,2010-04-29 20:27:00,223,4.151039905898646,0.6931471805599453,1,At-Risk / Lost Customers
14651.0,1371.77,7,2010-11-10 16:05:00,29,7.224585875348061,2.0794415416798357,0,Champions/VIPs
14653.0,1488.1,4,2010-07-14 12:19:00,148,7.30592718959616,1.6094379124341003,0,Champions/VIPs
14654.0,246.86,1,2009-12-01 12:57:00,373,5.512864070636728,0.6931471805599453,1,At-Risk / Lost Customers
14655.0,1946.28,3,2010-11-16 12:28:00,23,7.574188806023659,1.3862943611198906,0,Champions/VIPs
14656.0,498.95,3,2010-10-20 13:26:00,50,6.214508093421858,1.3862943611198906,2,New / Promising Customers
14657.0,601.97,2,2010-10-06 15:33:00,64,6.40186744424577,1.0986122886681098,2,New / Promising Customers
14662.0,635.06,3,2010-10-08 13:31:00,62,6.455292898513061,1.3862943611198906,0,Champions/VIPs
14663.0,490.6,2,2010-10-05 13:21:00,65,6.19766537769188,1.0986122886681098,2,New / Promising Customers
14665.0,913.95,2,2010-10-08 14:40:00,62,6.818869418973696,1.0986122886681098,2,New / Promising Customers
14668.0,111.63,1,2010-09-20 15:03:00,80,4.724108110059605,0.6931471805599453,2,New / Promising Customers
14669.0,1957.54,4,2010-03-16 09:39:00,268,7.579954576691043,1.6094379124341003,0,Champions/VIPs
14670.0,190.47,1,2009-12-07 13:59:00,367,5.254731138385114,0.6931471805599453,1,At-Risk / Lost Customers
14671.0,1127.45,2,2010-06-08 13:39:00,184,7.02860028867434,1.0986122886681098,1,At-Risk / Lost Customers
14672.0,347.59,2,2010-07-12 10:23:00,150,5.8538964465012,1.0986122886681098,2,New / Promising Customers
14673.0,1674.41,3,2010-12-07 12:49:00,2,7.423813190425784,1.3862943611198906,0,Champions/VIPs
14674.0,173.66,1,2010-07-18 14:25:00,144,5.162841226985587,0.6931471805599453,1,At-Risk / Lost Customers
14675.0,419.22,1,2010-11-16 12:22:00,23,6.0407783836609035,0.6931471805599453,2,New / Promising Customers
14677.0,184.91,1,2010-04-26 09:48:00,227,5.225262685642126,0.6931471805599453,1,At-Risk / Lost Customers
14678.0,403.39,1,2010-05-09 14:32:00,214,6.0023797588484875,0.6931471805599453,1,At-Risk / Lost Customers
14679.0,1289.44,3,2010-11-23 11:51:00,16,7.1627385244706785,1.3862943611198906,0,Champions/VIPs
14681.0,376.20000000000005,3,2010-11-17 15:42:00,22,5.9327755507593025,1.3862943611198906,2,New / Promising Customers
14682.0,1462.81,4,2010-10-07 09:53:00,63,7.288797904678154,1.6094379124341003,0,Champions/VIPs
14683.0,146.56,1,2010-04-30 17:18:00,223,4.994234872728475,0.6931471805599453,1,At-Risk / Lost Customers
14684.0,228.52,1,2010-11-14 14:07:00,25,5.43599017167311,0.6931471805599453,2,New / Promising Customers
14686.0,852.53,5,2010-10-21 18:31:00,49,6.749380691001656,1.791759469228055,0,Champions/VIPs
14687.0,773.6800000000001,2,2010-11-04 18:56:00,35,6.652450040859531,1.0986122886681098,2,New / Promising Customers
14688.0,2056.3,8,2010-12-01 09:37:00,8,7.629149722480185,2.1972245773362196,0,Champions/VIPs
14690.0,422.63,2,2010-11-12 14:51:00,27,6.0488604327492705,1.0986122886681098,2,New / Promising Customers
14692.0,1123.59,8,2010-11-24 12:40:00,15,7.02517380376806,2.1972245773362196,0,Champions/VIPs
14693.0,992.46,6,2010-10-10 13:26:00,60,6.901193799480291,1.9459101490553132,0,Champions/VIPs
14694.0,244.31,1,2010-04-01 19:46:00,252,5.5025227168419955,0.6931471805599453,1,At-Risk / Lost Customers
14695.0,1534.22,3,2010-07-08 14:18:00,154,7.336428972227183,1.3862943611198906,0,Champions/VIPs
14696.0,688.95,2,2010-12-01 15:37:00,8,6.536619131197564,1.0986122886681098,2,New / Promising Customers
14699.0,593.47,3,2010-09-30 15:14:00,70,6.387670252283967,1.3862943611198906,2,New / Promising Customers
14700.0,880.96,2,2010-10-20 12:26:00,50,6.782146703504459,1.0986122886681098,2,New / Promising Customers
14701.0,1961.02,6,2010-09-23 11:46:00,77,7.581729833753272,1.9459101490553132,0,Champions/VIPs
14704.0,258.96,2,2010-10-11 11:53:00,59,5.560527773026148,1.0986122886681098,2,New / Promising Customers
14706.0,367.54,1,2010-03-31 11:09:00,253,5.9095492539067145,0.6931471805599453,1,At-Risk / Lost Customers
14707.0,139.2,2,2010-09-30 11:37:00,70,4.94306997460049,1.0986122886681098,2,New / Promising Customers
14708.0,1085.91,3,2010-12-06 12:23:00,3,6.9910940870052425,1.3862943611198906,0,Champions/VIPs
14710.0,1300.31,9,2010-11-25 13:29:00,14,7.1711267283762545,2.302585092994046,0,Champions/VIPs
14712.0,411.0,1,2010-10-17 14:49:00,53,6.021023349349527,0.6931471805599453,2,New / Promising Customers
14713.0,2752.11,11,2010-12-09 18:58:00,0,7.920486460755559,2.4849066497880004,0,Champions/VIPs
14714.0,746.05,3,2010-10-28 17:46:00,42,6.616132117297094,1.3862943611198906,0,Champions/VIPs
14715.0,942.17,4,2010-09-23 13:04:00,77,6.849246542101544,1.6094379124341003,0,Champions/VIPs
14716.0,235.77,1,2010-09-21 12:07:00,79,5.467089205794908,0.6931471805599453,2,New / Promising Customers
14717.0,81.3,1,2009-12-06 13:05:00,368,4.410371107683024,0.6931471805599453,1,At-Risk / Lost Customers
14718.0,226.42,1,2010-10-25 13:07:00,45,5.426798528196577,0.6931471805599453,2,New / Promising Customers
14721.0,109.07,1,2010-11-25 13:08:00,14,4.701116527035301,0.6931471805599453,2,New / Promising Customers
14722.0,309.1,2,2010-08-19 14:34:00,112,5.736894826106403,1.0986122886681098,2,New / Promising Customers
14723.0,926.19,7,2010-12-03 14:26:00,6,6.832158506807762,2.0794415416798357,0,Champions/VIPs
14724.0,341.9,1,2010-04-28 13:26:00,225,5.837438859468874,0.6931471805599453,1,At-Risk / Lost Customers
14725.0,591.28,3,2010-11-10 11:47:00,29,6.383979496040518,1.3862943611198906,0,Champions/VIPs
14726.0,116.5,1,2010-02-23 12:35:00,289,4.7664383335842135,0.6931471805599453,1,At-Risk / Lost Customers
14727.0,192.45,2,2010-06-11 13:30:00,181,5.265019081146522,1.0986122886681098,1,At-Risk / Lost Customers
14728.0,190.58,1,2010-10-22 15:57:00,48,5.255305475954746,0.6931471805599453,2,New / Promising Customers
14729.0,586.24,3,2010-12-01 12:43:00,8,6.37543359487126,1.3862943611198906,0,Champions/VIPs
14732.0,2814.58,11,2010-11-12 16:42:00,27,7.942923558427032,2.4849066497880004,0,Champions/VIPs
14734.0,1056.42,4,2010-10-10 12:04:00,60,6.963587257940615,1.6094379124341003,0,Champions/VIPs
14736.0,374.05,2,2010-08-11 15:21:00,120,5.927059350415646,1.0986122886681098,2,New / Promising Customers
14737.0,2389.62,1,2010-11-04 11:29:00,35,7.779308025509446,0.6931471805599453,2,New / Promising Customers
14738.0,507.45,2,2010-05-27 20:31:00,195,6.231366882237147,1.0986122886681098,1,At-Risk / Lost Customers
14740.0,2712.85,8,2010-10-26 09:47:00,44,7.906123569891746,2.1972245773362196,0,Champions/VIPs
14741.0,497.25,2,2010-12-02 08:43:00,7,6.211101959092904,1.0986122886681098,2,New / Promising Customers
14742.0,579.85,1,2010-09-30 14:07:00,70,6.364492547959484,0.6931471805599453,2,New / Promising Customers
14743.0,50.48,1,2010-04-26 10:26:00,227,3.941193382727926,0.6931471805599453,1,At-Risk / Lost Customers
14744.0,2785.1,8,2010-12-08 10:21:00,1,7.932398047450072,2.1972245773362196,0,Champions/VIPs
14745.0,1331.15,7,2010-07-26 13:07:00,136,7.194549457372623,2.0794415416798357,0,Champions/VIPs
14746.0,593.5,4,2010-10-29 14:44:00,41,6.387720716130836,1.6094379124341003,0,Champions/VIPs
14748.0,1736.57,7,2010-12-06 10:24:00,3,7.460242864397201,2.0794415416798357,0,Champions/VIPs
14749.0,310.15,1,2010-08-17 12:36:00,114,5.740275111015227,0.6931471805599453,2,New / Promising Customers
14750.0,112.03,1,2009-12-03 17:57:00,371,4.72765327020264,0.6931471805599453,1,At-Risk / Lost Customers
14751.0,126.45,2,2010-01-24 13:37:00,319,4.847724130822124,1.0986122886681098,1,At-Risk / Lost Customers
14753.0,306.36,1,2010-09-05 11:04:00,95,5.728019699020247,0.6931471805599453,2,New / Promising Customers
14754.0,909.88,4,2010-10-10 10:22:00,60,6.814411165202772,1.6094379124341003,0,Champions/VIPs
14756.0,1864.8,2,2010-11-22 09:22:00,17,7.531445194526861,1.0986122886681098,0,Champions/VIPs
14758.0,1380.9099999999999,3,2010-11-08 09:42:00,31,7.231221879196889,1.3862943611198906,0,Champions/VIPs
14761.0,192.02,1,2010-09-21 14:22:00,79,5.26279381047899,0.6931471805599453,2,New / Promising Customers
14762.0,117.05000000000001,1,2010-03-23 15:36:00,261,4.771108263531522,0.6931471805599453,1,At-Risk / Lost Customers
14767.0,382.81,1,2010-08-22 14:54:00,109,5.950147638471271,0.6931471805599453,2,New / Promising Customers
14770.0,2761.2200000000003,6,2010-08-29 10:45:00,102,7.92378998322293,1.9459101490553132,0,Champions/VIPs
14771.0,594.62,2,2010-03-28 12:52:00,256,6.3896028798296856,1.0986122886681098,1,At-Risk / Lost Customers
14773.0,140.55,1,2010-04-26 10:29:00,227,4.952653011557909,0.6931471805599453,1,At-Risk / Lost Customers
14774.0,241.45,1,2010-06-29 12:26:00,163,5.490795503551361,0.6931471805599453,1,At-Risk / Lost Customers
14775.0,406.56,1,2010-12-02 16:38:00,7,6.010188161106084,0.6931471805599453,2,New / Promising Customers
14776.0,1170.0,4,2010-11-17 09:53:00,22,7.065613363597717,1.6094379124341003,0,Champions/VIPs
14777.0,307.56,1,2010-11-01 12:50:00,38,5.731916313899973,0.6931471805599453,2,New / Promising Customers
14783.0,307.3,1,2010-02-18 16:16:00,294,5.731073334892105,0.6931471805599453,1,At-Risk / Lost Customers
14784.0,159.94,1,2010-11-15 09:49:00,24,5.081031624717987,0.6931471805599453,2,New / Promising Customers
14786.0,90.96,1,2010-06-07 13:42:00,185,4.521353699894981,0.6931471805599453,1,At-Risk / Lost Customers
14787.0,110.65,1,2010-08-25 14:38:00,106,4.7153689782861665,0.6931471805599453,2,New / Promising Customers
14788.0,476.88,1,2010-04-22 18:16:00,231,6.169359654949023,0.6931471805599453,1,At-Risk / Lost Customers
14790.0,1781.56,6,2010-11-30 17:45:00,9,7.485805812311006,1.9459101490553132,0,Champions/VIPs
14791.0,303.63,1,2010-04-12 10:24:00,241,5.719097925433975,0.6931471805599453,1,At-Risk / Lost Customers
14793.0,396.91,1,2010-06-22 16:54:00,170,5.98622584905978,0.6931471805599453,1,At-Risk / Lost Customers
14794.0,633.99,3,2010-11-02 09:06:00,37,6.453609250737194,1.3862943611198906,0,Champions/VIPs
14796.0,2865.05,11,2010-12-08 10:40:00,1,7.960690054153594,2.4849066497880004,0,Champions/VIPs
14797.0,300.31,1,2010-07-20 14:07:00,142,5.70813963509761,0.6931471805599453,2,New / Promising Customers
14798.0,550.5699999999999,5,2010-11-23 15:59:00,16,6.312768757202979,1.791759469228055,0,Champions/VIPs
14799.0,180.45,1,2009-12-02 11:18:00,372,5.200980133659079,0.6931471805599453,1,At-Risk / Lost Customers
14800.0,3404.13,6,2010-12-05 11:10:00,4,8.13303839700312,1.9459101490553132,0,Champions/VIPs
14805.0,536.15,3,2010-10-31 14:50:00,39,6.286277385112552,1.3862943611198906,2,New / Promising Customers
14806.0,110.03999999999999,1,2010-09-26 15:50:00,74,4.7098904967584945,0.6931471805599453,2,New / Promising Customers
14807.0,504.14,2,2010-11-14 12:47:00,25,6.224835618577628,1.0986122886681098,2,New / Promising Customers
14809.0,686.76,2,2010-03-28 15:44:00,256,6.533439939866189,1.0986122886681098,1,At-Risk / Lost Customers
14810.0,446.59,3,2010-12-05 12:08:00,4,6.103877634811969,1.3862943611198906,2,New / Promising Customers
14811.0,170.5,1,2010-11-17 13:09:00,22,5.144583266605995,0.6931471805599453,2,New / Promising Customers
14812.0,178.85,1,2010-04-20 12:13:00,233,5.192123170141633,0.6931471805599453,1,At-Risk / Lost Customers
14813.0,888.91,4,2010-12-05 11:57:00,4,6.791120334017345,1.6094379124341003,0,Champions/VIPs
14814.0,152.96,1,2010-05-07 14:10:00,216,5.036692828415545,0.6931471805599453,1,At-Risk / Lost Customers
14817.0,2599.52,5,2010-11-09 12:15:00,30,7.8634667040122395,1.791759469228055,0,Champions/VIPs
14818.0,495.76,3,2010-09-07 14:16:00,93,6.208107012079831,1.3862943611198906,2,New / Promising Customers
14819.0,184.34,2,2010-08-02 17:19:00,129,5.222191976158546,1.0986122886681098,2,New / Promising Customers
14820.0,767.47,5,2010-11-24 17:15:00,15,6.644401525131453,1.791759469228055,0,Champions/VIPs
14821.0,1230.15,7,2010-12-08 08:43:00,1,7.115703970913804,2.0794415416798357,0,Champions/VIPs
14822.0,157.70000000000002,1,2010-08-11 12:52:00,120,5.0670156275323635,0.6931471805599453,2,New / Promising Customers
14824.0,2895.2000000000003,6,2010-11-25 12:40:00,14,7.971154811894502,1.9459101490553132,0,Champions/VIPs
14826.0,385.2,2,2010-05-07 09:00:00,216,5.956355369994414,1.0986122886681098,1,At-Risk / Lost Customers
14829.0,995.29,4,2010-12-02 16:12:00,7,6.90403837986303,1.6094379124341003,0,Champions/VIPs
14831.0,1676.57,3,2010-01-28 14:31:00,315,7.425101596738257,1.3862943611198906,1,At-Risk / Lost Customers
14833.0,94.8,1,2010-07-29 10:06:00,133,4.562262684976814,0.6931471805599453,1,At-Risk / Lost Customers
14834.0,485.86,1,2010-10-28 17:37:00,42,6.187976607421274,0.6931471805599453,2,New / Promising Customers
14835.0,297.0,2,2010-06-29 10:08:00,163,5.697093486505405,1.0986122886681098,1,At-Risk / Lost Customers
14837.0,1810.82,5,2010-09-23 09:11:00,77,7.502087143920259,1.791759469228055,0,Champions/VIPs
14838.0,769.9200000000001,2,2010-10-12 15:46:00,58,6.647584606830851,1.0986122886681098,2,New / Promising Customers
14839.0,915.28,3,2010-10-17 13:01:00,53,6.8203219948203735,1.3862943611198906,0,Champions/VIPs
14840.0,299.86,1,2010-06-18 15:42:00,174,5.706645040269677,0.6931471805599453,1,At-Risk / Lost Customers
14843.0,211.79999999999998,1,2010-09-29 12:39:00,71,5.360352757467489,0.6931471805599453,2,New / Promising Customers
14844.0,3512.62,6,2010-10-05 11:54:00,65,8.164402124026534,1.9459101490553132,0,Champions/VIPs
14846.0,437.4,1,2010-10-08 17:07:00,62,6.083131735633806,0.6931471805599453,2,New / Promising Customers
14847.0,1039.55,2,2010-10-28 09:45:00,42,6.9475046984994195,1.0986122886681098,2,New / Promising Customers
14848.0,310.56,1,2010-10-31 12:22:00,39,5.741591936051748,0.6931471805599453,2,New / Promising Customers
14850.0,1445.21,6,2010-10-18 15:52:00,52,7.276701620389881,1.9459101490553132,0,Champions/VIPs
14851.0,318.06,1,2010-03-19 11:52:00,265,5.765379172872851,0.6931471805599453,1,At-Risk / Lost Customers
14853.0,901.0699999999999,3,2010-10-12 17:17:00,58,6.804692122372995,1.3862943611198906,0,Champions/VIPs
14854.0,1563.03,4,2010-11-14 14:37:00,25,7.35502110250697,1.6094379124341003,0,Champions/VIPs
14857.0,2478.73,5,2010-09-23 14:09:00,77,7.815904962264412,1.791759469228055,0,Champions/VIPs
14858.0,180.75,1,2010-07-22 10:51:00,140,5.202632116413628,0.6931471805599453,2,New / Promising Customers
14859.0,351.9,1,2010-06-03 10:26:00,189,5.8661847306812245,0.6931471805599453,1,At-Risk / Lost Customers
14861.0,1254.94,9,2010-11-24 11:18:00,15,7.135639575186451,2.302585092994046,0,Champions/VIPs
14865.0,77.52000000000001,3,2010-12-02 18:23:00,7,4.3633533694082605,1.3862943611198906,2,New / Promising Customers
14868.0,1230.42,4,2010-11-24 13:53:00,15,7.115923254021356,1.6094379124341003,0,Champions/VIPs
14869.0,2056.69,4,2010-11-16 14:09:00,23,7.62933927336666,1.6094379124341003,0,Champions/VIPs
14870.0,1511.7,5,2010-10-22 14:58:00,48,7.321651412568154,1.791759469228055,0,Champions/VIPs
14871.0,726.89,5,2010-08-03 14:18:00,128,6.590149937878998,1.791759469228055,0,Champions/VIPs
14872.0,816.6,3,2010-08-13 12:34:00,118,6.70637321944944,1.3862943611198906,0,Champions/VIPs
14873.0,334.45,1,2010-03-16 10:51:00,268,5.815472914008897,0.6931471805599453,1,At-Risk / Lost Customers
14874.0,116.18,1,2010-06-22 14:58:00,170,4.7637112141166424,0.6931471805599453,1,At-Risk / Lost Customers
14875.0,1397.08,1,2010-09-24 10:29:00,76,7.242855145763071,0.6931471805599453,2,New / Promising Customers
14876.0,256.7,2,2010-07-06 14:57:00,156,5.551796117658319,1.0986122886681098,1,At-Risk / Lost Customers
14877.0,425.85,2,2010-10-17 13:09:00,53,6.056432663456316,1.0986122886681098,2,New / Promising Customers
14879.0,185.06,1,2010-01-24 11:35:00,319,5.226069202340413,0.6931471805599453,1,At-Risk / Lost Customers
14884.0,120.6,1,2010-02-08 12:56:00,304,4.800736969532067,0.6931471805599453,1,At-Risk / Lost Customers
14885.0,832.8,2,2010-10-08 12:08:00,62,6.7259935654466965,1.0986122886681098,2,New / Promising Customers
14890.0,691.6,2,2010-03-31 09:40:00,253,6.540452631968321,1.0986122886681098,1,At-Risk / Lost Customers
14891.0,552.35,2,2010-10-19 12:10:00,51,6.315990712710795,1.0986122886681098,2,New / Promising Customers
14892.0,202.35000000000002,1,2010-01-18 08:58:00,325,5.314928632353234,0.6931471805599453,1,At-Risk / Lost Customers
14893.0,571.76,1,2010-04-01 09:03:00,252,6.350466780805806,0.6931471805599453,1,At-Risk / Lost Customers
14894.0,837.0600000000001,2,2010-09-22 15:23:00,78,6.7310896969643395,1.0986122886681098,2,New / Promising Customers
14896.0,1614.45,7,2010-12-09 12:24:00,0,7.38736883461536,2.0794415416798357,0,Champions/VIPs
14897.0,1774.16,4,2010-10-26 11:17:00,44,7.4816458386921445,1.6094379124341003,0,Champions/VIPs
14898.0,2195.14,9,2010-12-03 15:25:00,6,7.694456552874199,2.302585092994046,0,Champions/VIPs
14899.0,1331.38,1,2010-11-09 15:20:00,30,7.194722095699511,0.6931471805599453,2,New / Promising Customers
14900.0,13.919999999999998,1,2010-07-05 15:09:00,157,2.7027025947756145,0.6931471805599453,1,At-Risk / Lost Customers
14901.0,860.11,5,2010-12-08 10:46:00,1,6.758222254687761,1.791759469228055,0,Champions/VIPs
14902.0,702.96,2,2010-11-09 10:29:00,30,6.55672153636201,1.0986122886681098,2,New / Promising Customers
14904.0,605.05,2,2010-10-27 15:40:00,43,6.406962490916521,1.0986122886681098,2,New / Promising Customers
14905.0,1355.24,6,2010-11-30 11:07:00,9,7.212471443989697,1.9459101490553132,0,Champions/VIPs
14907.0,2664.69,10,2010-12-07 10:14:00,2,7.888218214907951,2.3978952727983707,0,Champions/VIPs
14908.0,104.10000000000001,1,2010-09-02 16:39:00,98,4.6549122778829055,0.6931471805599453,2,New / Promising Customers
14909.0,1404.68,3,2010-09-28 16:56:00,72,7.248276450449636,1.3862943611198906,0,Champions/VIPs
14912.0,981.7299999999999,3,2010-11-03 09:51:00,36,6.890334413039173,1.3862943611198906,0,Champions/VIPs
14913.0,2845.7,4,2010-11-16 16:50:00,23,7.953915707647822,1.6094379124341003,0,Champions/VIPs
14915.0,1503.77,9,2010-11-29 08:23:00,10,7.316395341583945,2.302585092994046,0,Champions/VIPs
14916.0,1773.97,4,2010-10-04 14:33:00,66,7.481538800358235,1.6094379124341003,0,Champions/VIPs
14917.0,1123.75,2,2010-04-22 11:28:00,231,7.025316067721282,1.0986122886681098,1,At-Risk / Lost Customers
14919.0,359.35,1,2010-06-18 13:06:00,174,5.88707578137045,0.6931471805599453,1,At-Risk / Lost Customers
14920.0,629.4,1,2010-05-23 15:25:00,200,6.44635453854367,0.6931471805599453,1,At-Risk / Lost Customers
14922.0,843.74,2,2010-11-11 11:14:00,28,6.739028887702491,1.0986122886681098,2,New / Promising Customers
14924.0,620.96,2,2010-04-08 15:40:00,245,6.432875781989615,1.0986122886681098,1,At-Risk / Lost Customers
14926.0,359.4,2,2010-11-23 07:13:00,16,5.887214525734183,1.0986122886681098,2,New / Promising Customers
14927.0,308.2,1,2010-11-08 12:30:00,31,5.733988316713267,0.6931471805599453,2,New / Promising Customers
14928.0,223.91000000000003,1,2010-03-22 09:14:00,262,5.41570032218308,0.6931471805599453,1,At-Risk / Lost Customers
14929.0,612.8100000000001,1,2010-10-14 12:22:00,56,6.419685434004699,0.6931471805599453,2,New / Promising Customers
14930.0,2873.77,3,2010-08-26 11:43:00,105,7.96372795003128,1.3862943611198906,0,Champions/VIPs
14932.0,566.13,2,2010-12-09 11:48:00,0,6.340588554343765,1.0986122886681098,2,New / Promising Customers
14933.0,1770.0,4,2010-09-22 10:47:00,78,7.479299637782834,1.6094379124341003,0,Champions/VIPs
14934.0,1512.56,3,2010-11-26 11:24:00,13,7.322219770887102,1.3862943611198906,0,Champions/VIPs
14935.0,1065.12,1,2010-03-30 11:48:00,254,6.971781168746696,0.6931471805599453,1,At-Risk / Lost Customers
14938.0,2322.43,2,2010-05-26 13:38:00,197,7.750799821107575,1.0986122886681098,0,Champions/VIPs
14940.0,531.49,2,2010-10-18 10:47:00,52,6.277564118064523,1.0986122886681098,2,New / Promising Customers
14941.0,182.1,1,2010-05-10 11:30:00,213,5.210032451680465,0.6931471805599453,1,At-Risk / Lost Customers
14942.0,746.56,4,2010-11-03 10:51:00,36,6.616814569602102,1.6094379124341003,0,Champions/VIPs
14943.0,107.62,1,2010-02-14 16:04:00,298,4.687855552606699,0.6931471805599453,1,At-Risk / Lost Customers
14945.0,179.4,1,2010-10-22 11:26:00,48,5.1951766076285235,0.6931471805599453,2,New / Promising Customers
14947.0,758.97,4,2010-11-16 18:30:00,23,6.63327895881706,1.6094379124341003,0,Champions/VIPs
14949.0,515.0,4,2010-08-27 15:38:00,104,6.246106765481563,1.6094379124341003,0,Champions/VIPs
14953.0,683.15,3,2010-10-17 12:52:00,53,6.528177191825819,1.3862943611198906,0,Champions/VIPs
14954.0,167.27,1,2010-01-05 16:38:00,338,5.125569832188355,0.6931471805599453,1,At-Risk / Lost Customers
14955.0,163.77,1,2009-12-07 11:35:00,367,5.10455056206934,0.6931471805599453,1,At-Risk / Lost Customers
14957.0,203.2,1,2010-03-05 10:50:00,279,5.319099905730565,0.6931471805599453,1,At-Risk / Lost Customers
14958.0,458.26,3,2010-04-23 14:31:00,230,6.129616498490725,1.3862943611198906,1,At-Risk / Lost Customers
14962.0,240.21000000000004,3,2010-06-18 15:57:00,174,5.485667923363432,1.3862943611198906,1,At-Risk / Lost Customers
14963.0,1651.23,7,2010-11-25 11:19:00,14,7.409881169571595,2.0794415416798357,0,Champions/VIPs
14966.0,881.24,5,2010-11-17 13:14:00,22,6.782464127835432,1.791759469228055,0,Champions/VIPs
14967.0,1518.81,5,2010-09-24 11:11:00,76,7.326340606027171,1.791759469228055,0,Champions/VIPs
14968.0,349.9,1,2010-09-07 13:28:00,93,5.860501282589169,0.6931471805599453,2,New / Promising Customers
14969.0,906.23,1,2010-01-05 12:43:00,338,6.810396001209797,0.6931471805599453,1,At-Risk / Lost Customers
14970.0,3327.29,8,2010-10-26 16:35:00,44,8.110213937567757,2.1972245773362196,0,Champions/VIPs
14972.0,30.300000000000004,1,2010-11-23 16:17:00,16,3.4436180975461075,0.6931471805599453,2,New / Promising Customers
14975.0,192.45,1,2010-10-14 14:11:00,56,5.265019081146522,0.6931471805599453,2,New / Promising Customers
14977.0,31.929999999999996,1,2009-12-14 10:37:00,360,3.4943840963882726,0.6931471805599453,1,At-Risk / Lost Customers
14978.0,1190.82,5,2010-10-05 13:52:00,65,7.0832368295112245,1.791759469228055,0,Champions/VIPs
14979.0,429.66,1,2009-12-04 12:54:00,370,6.065318915678462,0.6931471805599453,1,At-Risk / Lost Customers
14980.0,150.68,1,2009-12-02 14:09:00,372,5.021773038506712,0.6931471805599453,1,At-Risk / Lost Customers
14981.0,270.8,1,2010-10-12 11:04:00,58,5.605066501717044,0.6931471805599453,2,New / Promising Customers
14982.0,234.88,1,2010-05-16 15:52:00,207,5.463323201132304,0.6931471805599453,1,At-Risk / Lost Customers
14983.0,183.20000000000002,1,2010-01-19 17:32:00,324,5.216022123821206,0.6931471805599453,1,At-Risk / Lost Customers
14984.0,1058.1399999999999,4,2010-11-16 10:36:00,23,6.965212537052589,1.6094379124341003,0,Champions/VIPs
14986.0,563.1,2,2010-11-28 15:25:00,11,6.33523154074593,1.0986122886681098,2,New / Promising Customers
14987.0,1387.4499999999998,7,2010-12-09 12:13:00,0,7.235943296015653,2.0794415416798357,0,Champions/VIPs
14988.0,1704.11,6,2010-11-24 12:53:00,15,7.441384903765574,1.9459101490553132,0,Champions/VIPs
14989.0,342.4,1,2010-02-16 10:40:00,296,5.838895948463375,0.6931471805599453,1,At-Risk / Lost Customers
14990.0,304.17,2,2010-04-06 13:54:00,247,5.7208689983797,1.0986122886681098,1,At-Risk / Lost Customers
14991.0,314.67,1,2010-10-05 13:01:00,65,5.754697364124307,0.6931471805599453,2,New / Promising Customers
14992.0,210.5,1,2010-09-23 17:48:00,77,5.354224998486333,0.6931471805599453,2,New / Promising Customers
14993.0,36.13,1,2010-05-25 12:47:00,198,3.6144252681889886,0.6931471805599453,1,At-Risk / Lost Customers
14994.0,942.77,5,2010-11-22 12:59:00,17,6.849882492391666,1.791759469228055,0,Champions/VIPs
14996.0,442.28999999999996,2,2010-08-15 13:44:00,116,6.094224183409496,1.0986122886681098,2,New / Promising Customers
14997.0,230.4,1,2010-02-22 12:11:00,290,5.444147814759576,0.6931471805599453,1,At-Risk / Lost Customers
14998.0,338.31,2,2010-10-07 18:48:00,63,5.826914143799146,1.0986122886681098,2,New / Promising Customers
14999.0,129.48000000000002,1,2010-04-26 10:47:00,227,4.871219958312759,0.6931471805599453,1,At-Risk / Lost Customers
15001.0,197.10999999999999,2,2010-11-10 13:51:00,29,5.288822431986235,1.0986122886681098,2,New / Promising Customers
15002.0,3127.9700000000003,6,2010-12-07 13:16:00,2,8.04845915589521,1.9459101490553132,0,Champions/VIPs
15003.0,1027.03,6,2010-08-23 15:44:00,108,6.935399628468676,1.9459101490553132,0,Champions/VIPs
15006.0,277.4,1,2010-09-12 13:03:00,88,5.629058928460265,0.6931471805599453,2,New / Promising Customers
15008.0,360.0,2,2010-08-16 13:09:00,115,5.8888779583328805,1.0986122886681098,2,New / Promising Customers
15011.0,416.6,2,2010-11-09 11:10:00,30,6.034524036568429,1.0986122886681098,2,New / Promising Customers
15012.0,429.78,2,2010-12-01 12:49:00,8,6.065597518949209,1.0986122886681098,2,New / Promising Customers
15013.0,1610.82,10,2010-08-09 12:05:00,122,7.3851192543008315,2.3978952727983707,0,Champions/VIPs
15016.0,450.85,4,2010-11-11 16:30:00,28,6.113350266347965,1.6094379124341003,0,Champions/VIPs
15018.0,111.25,1,2010-12-07 10:47:00,2,4.720728526622364,0.6931471805599453,2,New / Promising Customers
15020.0,198.47,1,2010-11-25 13:29:00,14,5.295663849082473,0.6931471805599453,2,New / Promising Customers
15021.0,826.91,4,2010-12-08 12:17:00,1,6.718904452825285,1.6094379124341003,0,Champions/VIPs
15022.0,281.05,1,2010-01-31 16:02:00,312,5.642084360185986,0.6931471805599453,1,At-Risk / Lost Customers
15024.0,2414.18,8,2010-12-07 17:05:00,2,7.7895290974706315,2.1972245773362196,0,Champions/VIPs
15025.0,609.88,1,2010-05-20 13:28:00,203,6.414900540537383,0.6931471805599453,1,At-Risk / Lost Customers
15026.0,579.89,2,2010-11-29 13:50:00,10,6.364561410183416,1.0986122886681098,2,New / Promising Customers
15027.0,1922.09,6,2010-11-09 16:53:00,30,7.561688546365681,1.9459101490553132,0,Champions/VIPs
15028.0,521.78,3,2010-12-06 12:47:00,3,6.259160725471251,1.3862943611198906,2,New / Promising Customers
15029.0,365.1,1,2010-03-30 12:16:00,254,5.902906520126191,0.6931471805599453,1,At-Risk / Lost Customers
15030.0,1461.63,6,2010-11-24 14:57:00,15,7.287991464044517,1.9459101490553132,0,Champions/VIPs
15031.0,2449.75,10,2010-11-10 16:14:00,29,7.804149379141836,2.3978952727983707,0,Champions/VIPs
15037.0,397.76,2,2010-11-28 13:05:00,11,5.988359732154503,1.0986122886681098,2,New / Promising Customers
15038.0,579.67,4,2010-12-05 10:54:00,4,6.36418260925599,1.6094379124341003,0,Champions/VIPs
15040.0,7.49,1,2010-06-16 11:40:00,176,2.138889000323256,0.6931471805599453,1,At-Risk / Lost Customers
15041.0,109.05,1,2010-09-21 13:16:00,79,4.70093480797247,0.6931471805599453,2,New / Promising Customers
15042.0,179.52,1,2010-04-23 14:01:00,230,5.1958415749588,0.6931471805599453,1,At-Risk / Lost Customers
15043.0,2318.3199999999997,5,2010-09-02 15:09:00,98,7.749029318248868,1.791759469228055,0,Champions/VIPs
15046.0,2533.37,10,2010-10-10 12:09:00,60,7.837700364428835,2.3978952727983707,0,Champions/VIPs
15048.0,98.7,1,2010-12-06 12:15:00,3,4.602165676967792,0.6931471805599453,2,New / Promising Customers
15050.0,2349.5,2,2010-10-14 14:18:00,56,7.7623833504641855,1.0986122886681098,0,Champions/VIPs
15051.0,2543.55,6,2010-11-25 16:46:00,14,7.841709096061802,1.9459101490553132,0,Champions/VIPs
15055.0,549.12,3,2010-08-22 11:06:00,109,6.310136436246507,1.3862943611198906,2,New / Promising Customers
15056.0,113.64999999999999,1,2010-07-07 15:58:00,155,4.741884009303913,0.6931471805599453,1,At-Risk / Lost Customers
15057.0,1766.46,3,2010-09-22 14:22:00,78,7.477298766680135,1.3862943611198906,0,Champions/VIPs
15058.0,1285.04,5,2010-11-28 10:42:00,11,7.159323008512906,1.791759469228055,0,Champions/VIPs
15059.0,2152.68,10,2010-11-28 11:14:00,11,7.674933285862998,2.3978952727983707,0,Champions/VIPs
15062.0,1597.76,4,2010-10-12 10:38:00,58,7.3769836077601205,1.6094379124341003,0,Champions/VIPs
15064.0,1154.41,4,2010-10-25 14:32:00,45,7.052210538320963,1.6094379124341003,0,Champions/VIPs
15065.0,168.73,1,2010-10-25 09:13:00,45,5.13420893917344,0.6931471805599453,2,New / Promising Customers
15067.0,2118.12,2,2010-10-22 14:30:00,48,7.6587561871509315,1.0986122886681098,0,Champions/VIPs
15068.0,621.54,2,2010-10-17 16:08:00,53,6.43380788330258,1.0986122886681098,2,New / Promising Customers
15070.0,737.0500000000001,3,2010-12-02 11:23:00,7,6.604011572983006,1.3862943611198906,0,Champions/VIPs
15071.0,473.49,2,2010-11-18 13:30:00,21,6.16224054301231,1.0986122886681098,2,New / Promising Customers
15072.0,187.51999999999998,1,2010-08-17 15:46:00,114,5.23920410205553,0.6931471805599453,2,New / Promising Customers
15073.0,1744.61,5,2010-11-04 10:26:00,35,7.464859343751673,1.791759469228055,0,Champions/VIPs
15074.0,817.46,2,2010-10-06 15:49:00,64,6.707424525733084,1.0986122886681098,2,New / Promising Customers
15076.0,566.89,2,2010-08-04 13:37:00,127,6.3419277379944194,1.0986122886681098,2,New / Promising Customers
15077.0,2428.08,2,2010-08-02 11:13:00,129,7.795267863824162,1.0986122886681098,0,Champions/VIPs
15079.0,2871.74,8,2010-12-09 09:25:00,0,7.963021557146566,2.1972245773362196,0,Champions/VIPs
15080.0,546.25,2,2010-10-08 11:52:00,62,6.304905736402972,1.0986122886681098,2,New / Promising Customers
15081.0,1460.92,8,2010-12-07 16:20:00,2,7.287505919250311,2.1972245773362196,0,Champions/VIPs
15082.0,93.35000000000001,1,2010-02-09 10:23:00,303,4.54701127181456,0.6931471805599453,1,At-Risk / Lost Customers
15084.0,965.2,2,2010-11-25 11:58:00,14,6.873370852120306,1.0986122886681098,2,New / Promising Customers
15085.0,347.54,1,2009-12-10 11:47:00,364,5.853753001232496,0.6931471805599453,1,At-Risk / Lost Customers
15086.0,218.53,2,2010-05-24 12:27:00,199,5.391488897435831,1.0986122886681098,1,At-Risk / Lost Customers
15091.0,565.9,2,2010-02-03 11:50:00,309,6.340182921330258,1.0986122886681098,1,At-Risk / Lost Customers
15092.0,318.65,1,2010-09-03 12:33:00,97,5.767226647212736,0.6931471805599453,2,New / Promising Customers
15094.0,83.0,2,2010-09-02 16:55:00,98,4.430816798843313,1.0986122886681098,2,New / Promising Customers
15095.0,1771.04,6,2010-10-15 11:47:00,55,7.4798867042736825,1.9459101490553132,0,Champions/VIPs
15097.0,660.27,2,2010-05-05 14:33:00,218,6.494162228461808,1.0986122886681098,1,At-Risk / Lost Customers
15100.0,2018.6999999999998,6,2010-12-08 12:09:00,1,7.610704264514343,1.9459101490553132,0,Champions/VIPs
15101.0,1160.41,4,2010-07-12 10:46:00,150,7.057390063198797,1.6094379124341003,0,Champions/VIPs
15102.0,554.67,2,2010-06-27 12:16:00,165,6.320174592864931,1.0986122886681098,2,New / Promising Customers
15105.0,795.98,2,2010-10-05 14:12:00,65,6.680829584372467,1.0986122886681098,2,New / Promising Customers
15107.0,620.85,4,2010-12-02 13:45:00,7,6.43269890609975,1.6094379124341003,0,Champions/VIPs
15109.0,498.15000000000003,2,2010-05-09 13:44:00,214,6.2129066517824345,1.0986122886681098,1,At-Risk / Lost Customers
15110.0,509.75,2,2010-11-01 10:31:00,38,6.235880233697731,1.0986122886681098,2,New / Promising Customers
15111.0,1163.39,3,2010-12-02 11:45:00,7,7.05995262372054,1.3862943611198906,0,Champions/VIPs
15112.0,209.4,1,2010-04-07 14:17:00,246,5.349010480863555,0.6931471805599453,1,At-Risk / Lost Customers
15114.0,639.56,2,2010-11-21 16:14:00,18,6.462342793764378,1.0986122886681098,2,New / Promising Customers
15115.0,191.74,1,2009-12-07 11:20:00,367,5.261342130423142,0.6931471805599453,1,At-Risk / Lost Customers
15117.0,774.19,3,2010-09-17 14:45:00,83,6.653108160596552,1.3862943611198906,0,Champions/VIPs
15122.0,2853.4900000000002,8,2010-10-13 09:42:00,57,7.9566484721576805,2.1972245773362196,0,Champions/VIPs
15123.0,2456.86,3,2010-10-14 16:30:00,56,7.807046331628367,1.3862943611198906,0,Champions/VIPs
15124.0,266.63,2,2010-08-20 12:31:00,111,5.589605429593802,1.0986122886681098,2,New / Promising Customers
15126.0,449.49,2,2010-06-21 12:31:00,171,6.110335879243754,1.0986122886681098,1,At-Risk / Lost Customers
15127.0,304.97,1,2010-07-08 10:07:00,154,5.723487057930536,0.6931471805599453,1,At-Risk / Lost Customers
15128.0,312.68,1,2010-10-05 16:46:00,65,5.748373357984076,0.6931471805599453,2,New / Promising Customers
15131.0,80.28,1,2010-11-10 12:07:00,29,4.397899983830172,0.6931471805599453,2,New / Promising Customers
15133.0,824.48,2,2010-11-22 15:16:00,17,6.715965035325923,1.0986122886681098,2,New / Promising Customers
15134.0,208.3,2,2010-11-23 14:59:00,16,5.343768629451954,1.0986122886681098,2,New / Promising Customers
15135.0,166.63,1,2010-06-01 13:33:00,191,5.121759169643187,0.6931471805599453,1,At-Risk / Lost Customers
15137.0,823.4,2,2010-07-07 09:41:00,155,6.714655849016304,1.0986122886681098,2,New / Promising Customers
15138.0,502.52,1,2010-11-11 09:16:00,28,6.221623433316097,0.6931471805599453,2,New / Promising Customers
15140.0,889.44,1,2010-09-23 13:07:00,77,6.791715722582128,0.6931471805599453,2,New / Promising Customers
15141.0,1388.47,7,2010-09-08 11:33:00,92,7.236677658449301,2.0794415416798357,0,Champions/VIPs
15142.0,2121.18,5,2010-10-25 15:36:00,45,7.66019914121263,1.791759469228055,0,Champions/VIPs
15143.0,304.18,1,2010-10-03 13:58:00,67,5.72090176646359,0.6931471805599453,2,New / Promising Customers
15149.0,1003.8100000000001,3,2010-05-11 13:51:00,212,6.9125537478937105,1.3862943611198906,1,At-Risk / Lost Customers
15150.0,3686.61,3,2010-09-09 17:19:00,91,8.21273383071163,1.3862943611198906,0,Champions/VIPs
15151.0,2085.61,2,2010-10-12 16:37:00,58,7.643296018507768,1.0986122886681098,0,Champions/VIPs
15152.0,518.14,1,2010-01-07 15:15:00,336,6.252173596308333,0.6931471805599453,1,At-Risk / Lost Customers
15154.0,1089.44,2,2010-08-18 17:43:00,113,6.994336563495256,1.0986122886681098,2,New / Promising Customers
15155.0,383.96999999999997,1,2010-11-21 12:59:00,18,5.95316540917378,0.6931471805599453,2,New / Promising Customers
15157.0,718.04,2,2010-05-19 13:29:00,204,6.577916988996964,1.0986122886681098,1,At-Risk / Lost Customers
15158.0,204.62,1,2010-11-03 13:46:00,36,5.3260298051145725,0.6931471805599453,2,New / Promising Customers
15159.0,3475.7200000000003,4,2010-11-09 11:11:00,30,8.15384459957338,1.6094379124341003,0,Champions/VIPs
15160.0,431.11,3,2010-11-30 15:41:00,9,6.068680185461118,1.3862943611198906,2,New / Promising Customers
15161.0,119.92,1,2010-11-16 16:08:00,23,4.795129169911258,0.6931471805599453,2,New / Promising Customers
15162.0,312.9,1,2009-12-08 13:14:00,366,5.749074463847908,0.6931471805599453,1,At-Risk / Lost Customers
15164.0,1203.53,6,2010-11-15 17:11:00,24,7.093844728345011,1.9459101490553132,0,Champions/VIPs
15165.0,487.75,1,2010-12-01 14:03:00,8,6.1918511112995755,0.6931471805599453,2,New / Promising Customers
15166.0,167.16,1,2010-08-29 12:31:00,102,5.124915907128641,0.6931471805599453,2,New / Promising Customers
15167.0,1468.82,4,2010-10-28 14:19:00,42,7.292895223295702,1.6094379124341003,0,Champions/VIPs
15169.0,569.22,2,2010-11-22 13:04:00,17,6.3460222512755795,1.0986122886681098,2,New / Promising Customers
15170.0,81.15,1,2010-10-29 10:34:00,41,4.408546844483277,0.6931471805599453,2,New / Promising Customers
15173.0,1494.6,7,2010-11-24 10:21:00,15,7.310282743102959,2.0794415416798357,0,Champions/VIPs
15174.0,345.71,1,2010-10-25 09:40:00,45,5.848488695655459,0.6931471805599453,2,New / Promising Customers
15176.0,988.04,1,2010-02-10 10:36:00,302,6.896734775698672,0.6931471805599453,1,At-Risk / Lost Customers
15177.0,948.93,1,2010-10-10 12:48:00,60,6.856388297669246,0.6931471805599453,2,New / Promising Customers
15180.0,816.9300000000001,3,2010-12-07 14:57:00,2,6.706776758368908,1.3862943611198906,0,Champions/VIPs
15181.0,510.72,2,2010-10-15 11:47:00,55,6.237777600448834,1.0986122886681098,2,New / Promising Customers
15182.0,2376.1,9,2010-11-19 10:31:00,20,7.773636536311211,2.302585092994046,0,Champions/VIPs
15183.0,639.93,3,2010-06-10 10:43:00,182,6.462920246589264,1.3862943611198906,1,At-Risk / Lost Customers
15184.0,283.19,2,2010-11-17 12:41:00,22,5.649643028555553,1.0986122886681098,2,New / Promising Customers
15186.0,991.7900000000001,3,2010-08-22 15:00:00,109,6.90051916131751,1.3862943611198906,0,Champions/VIPs
15188.0,310.43,1,2009-12-14 13:30:00,360,5.7411745938732635,0.6931471805599453,1,At-Risk / Lost Customers
15189.0,1298.99,5,2010-11-23 18:47:00,16,7.17011185111235,1.791759469228055,0,Champions/VIPs
15190.0,834.4399999999999,1,2010-10-01 13:09:00,69,6.727958532171293,0.6931471805599453,2,New / Promising Customers
15191.0,588.05,3,2010-09-02 15:37:00,98,6.378511069692128,1.3862943611198906,2,New / Promising Customers
15192.0,937.07,3,2010-12-09 14:56:00,0,6.84382457308745,1.3862943611198906,0,Champions/VIPs
15196.0,313.7,2,2010-10-03 10:50:00,67,5.751619804070361,1.0986122886681098,2,New / Promising Customers
15197.0,797.9,3,2010-11-10 11:55:00,29,6.683235781487996,1.3862943611198906,0,Champions/VIPs
15198.0,377.71,3,2010-10-27 10:32:00,43,5.9367707406853345,1.3862943611198906,2,New / Promising Customers
15199.0,1853.7,6,2010-11-30 10:56:00,9,7.525478236895241,1.9459101490553132,0,Champions/VIPs
15200.0,549.05,1,2010-08-02 09:38:00,129,6.310009183185445,0.6931471805599453,2,New / Promising Customers
15201.0,606.4100000000001,2,2010-09-26 10:50:00,74,6.409204016091534,1.0986122886681098,2,New / Promising Customers
15203.0,2572.38,9,2010-11-14 12:14:00,25,7.852975488901306,2.302585092994046,0,Champions/VIPs
15207.0,683.9200000000001,3,2010-10-19 13:29:00,51,6.5293020431207704,1.3862943611198906,0,Champions/VIPs
15208.0,100.4,1,2010-10-12 12:17:00,58,4.619073091157083,0.6931471805599453,2,New / Promising Customers
15209.0,178.98000000000002,1,2009-12-09 17:26:00,365,5.192845733605803,0.6931471805599453,1,At-Risk / Lost Customers
15210.0,845.01,2,2010-11-26 09:09:00,13,6.740531179867333,1.0986122886681098,2,New / Promising Customers
15211.0,383.07,1,2010-12-09 16:08:00,0,5.950824827641287,0.6931471805599453,2,New / Promising Customers
15212.0,106.47999999999999,1,2010-11-28 10:45:00,11,4.6773047837472905,0.6931471805599453,2,New / Promising Customers
15215.0,1687.49,4,2010-11-11 10:50:00,28,7.431589917391739,1.6094379124341003,0,Champions/VIPs
15216.0,389.49,1,2010-03-31 09:52:00,253,5.967402360757223,0.6931471805599453,1,At-Risk / Lost Customers
15217.0,426.24,1,2010-05-25 13:51:00,198,6.057345916221495,0.6931471805599453,1,At-Risk / Lost Customers
15219.0,379.7,1,2010-03-01 11:33:00,283,5.942011663388452,0.6931471805599453,1,At-Risk / Lost Customers
15221.0,2062.2000000000003,4,2010-12-08 13:08:00,1,7.632013454567135,1.6094379124341003,0,Champions/VIPs
15222.0,2965.91,10,2010-08-24 10:39:00,107,7.995276286160372,2.3978952727983707,0,Champions/VIPs
15223.0,662.2,3,2010-04-09 11:34:00,244,6.497076603821085,1.3862943611198906,1,At-Risk / Lost Customers
15224.0,549.28,3,2010-07-15 09:08:00,147,6.310427239592795,1.3862943611198906,2,New / Promising Customers
15227.0,1269.0900000000001,4,2010-11-08 13:31:00,31,7.146843043083483,1.6094379124341003,0,Champions/VIPs
15228.0,2193.56,2,2010-10-07 14:24:00,63,7.693736849834501,1.0986122886681098,0,Champions/VIPs
15229.0,160.5,1,2010-05-02 13:50:00,221,5.084505142662711,0.6931471805599453,1,At-Risk / Lost Customers
15231.0,250.26,1,2010-03-28 15:12:00,256,5.526488259576272,0.6931471805599453,1,At-Risk / Lost Customers
15233.0,59.400000000000006,1,2010-11-03 13:36:00,36,4.100989104940769,0.6931471805599453,2,New / Promising Customers
15235.0,690.3000000000001,6,2010-12-05 15:02:00,4,6.538573882951219,1.9459101490553132,0,Champions/VIPs
15240.0,2753.41,7,2010-11-30 11:51:00,9,7.920958542572472,2.0794415416798357,0,Champions/VIPs
15241.0,1293.72,3,2010-10-05 08:50:00,65,7.166049734539326,1.3862943611198906,0,Champions/VIPs
15242.0,302.04,1,2010-10-13 15:33:00,57,5.713864809997713,0.6931471805599453,2,New / Promising Customers
15243.0,610.6,1,2010-09-30 17:28:00,70,6.416078474054907,0.6931471805599453,2,New / Promising Customers
15244.0,280.51,1,2010-02-11 14:48:00,301,5.640167970927469,0.6931471805599453,1,At-Risk / Lost Customers
15245.0,2095.0,5,2010-11-02 12:58:00,37,7.647786045440933,1.791759469228055,0,Champions/VIPs
15246.0,266.25,1,2010-06-02 11:28:00,190,5.588184549905154,0.6931471805599453,1,At-Risk / Lost Customers
15247.0,620.06,2,2010-08-19 10:13:00,112,6.4314276956237135,1.0986122886681098,2,New / Promising Customers
15248.0,1893.93,3,2010-10-24 13:09:00,46,7.546937177520269,1.3862943611198906,0,Champions/VIPs
15249.0,2577.54,5,2010-10-05 16:34:00,65,7.854978626265784,1.791759469228055,0,Champions/VIPs
15250.0,60.0,1,2010-03-09 07:35:00,275,4.110873864173311,0.6931471805599453,1,At-Risk / Lost Customers
15252.0,1362.63,3,2010-10-14 12:05:00,56,7.217905540608421,1.3862943611198906,0,Champions/VIPs
15253.0,1136.89,3,2010-11-01 13:46:00,38,7.036930949205884,1.3862943611198906,0,Champions/VIPs
15254.0,787.99,2,2010-06-11 10:30:00,181,6.670753646494326,1.0986122886681098,1,At-Risk / Lost Customers
15255.0,2815.17,8,2010-11-08 15:12:00,31,7.943133084773961,2.1972245773362196,0,Champions/VIPs
15256.0,71.95,1,2010-05-27 11:41:00,196,4.289774274968795,0.6931471805599453,1,At-Risk / Lost Customers
15257.0,368.75,1,2010-10-21 14:03:00,49,5.912827101590909,0.6931471805599453,2,New / Promising Customers
15259.0,1182.3799999999999,4,2010-07-15 08:47:00,147,7.076130029643467,1.6094379124341003,0,Champions/VIPs
15261.0,1253.18,3,2010-11-23 09:13:00,16,7.134237251561746,1.3862943611198906,0,Champions/VIPs
15262.0,239.87,2,2010-11-24 13:21:00,15,5.484257368864703,1.0986122886681098,2,New / Promising Customers
15264.0,454.66,1,2010-06-27 13:29:00,165,6.1217469173709045,0.6931471805599453,1,At-Risk / Lost Customers
15265.0,1839.52,2,2010-04-14 11:20:00,239,7.517803419372369,1.0986122886681098,1,At-Risk / Lost Customers
15266.0,732.91,4,2010-11-25 16:36:00,14,6.598386405292769,1.6094379124341003,0,Champions/VIPs
15268.0,961.9000000000001,3,2010-08-18 10:33:00,113,6.869949564246238,1.3862943611198906,0,Champions/VIPs
15269.0,816.56,2,2010-11-24 15:32:00,15,6.706324294573577,1.0986122886681098,2,New / Promising Customers
15271.0,2146.95,10,2010-12-09 13:47:00,0,7.672269177890419,2.3978952727983707,0,Champions/VIPs
15272.0,1309.01,4,2010-09-15 17:07:00,85,7.177790049753848,1.6094379124341003,0,Champions/VIPs
15273.0,228.96,1,2010-04-19 11:31:00,234,5.43790538075509,0.6931471805599453,1,At-Risk / Lost Customers
15276.0,491.17,3,2010-11-10 16:07:00,29,6.198824185266384,1.3862943611198906,2,New / Promising Customers
15277.0,220.44,1,2010-10-10 16:02:00,60,5.400151672429304,0.6931471805599453,2,New / Promising Customers
15278.0,496.15999999999997,4,2010-05-27 10:03:00,196,6.208911905877311,1.6094379124341003,1,At-Risk / Lost Customers
15279.0,1290.03,4,2010-11-24 13:03:00,15,7.163195628376804,1.6094379124341003,0,Champions/VIPs
15280.0,284.4,2,2010-08-08 12:21:00,123,5.653891705042736,1.0986122886681098,2,New / Promising Customers
15282.0,348.59,1,2010-05-18 16:27:00,205,5.856761039253281,0.6931471805599453,1,At-Risk / Lost Customers
15283.0,148.33,3,2010-11-14 14:54:00,25,5.006158622069178,1.3862943611198906,2,New / Promising Customers
15284.0,24.75,1,2010-07-27 13:25:00,135,3.248434627109745,0.6931471805599453,1,At-Risk / Lost Customers
15285.0,94.92,1,2010-10-28 09:46:00,42,4.5635145107192585,0.6931471805599453,2,New / Promising Customers
15287.0,369.34000000000003,3,2010-11-25 10:29:00,14,5.91442150260967,1.3862943611198906,2,New / Promising Customers
15288.0,1565.66,6,2010-12-09 13:59:00,0,7.3567012437018375,1.9459101490553132,0,Champions/VIPs
15289.0,653.3100000000001,2,2010-09-07 12:38:00,93,6.483581245267995,1.0986122886681098,2,New / Promising Customers
15290.0,2553.06,8,2010-11-11 12:04:00,28,7.845439528877228,2.1972245773362196,0,Champions/VIPs
15293.0,247.5,1,2010-02-12 11:54:00,300,5.5154428455366835,0.6931471805599453,1,At-Risk / Lost Customers
15294.0,233.35,1,2010-10-25 11:45:00,45,5.456815724368715,0.6931471805599453,2,New / Promising Customers
15295.0,207.04,1,2010-02-23 13:03:00,289,5.337730368904872,0.6931471805599453,1,At-Risk / Lost Customers
15299.0,2481.33,5,2010-12-02 16:51:00,7,7.816952914219021,1.791759469228055,0,Champions/VIPs
15301.0,2533.09,6,2010-12-06 12:21:00,3,7.837589877219591,1.9459101490553132,0,Champions/VIPs
15302.0,308.0,1,2009-12-09 13:11:00,365,5.733341276897746,0.6931471805599453,1,At-Risk / Lost Customers
15303.0,650.16,2,2010-05-23 12:14:00,200,6.478755387740309,1.0986122886681098,1,At-Risk / Lost Customers
15304.0,225.15,2,2010-12-06 11:42:00,3,5.421198495923853,1.0986122886681098,2,New / Promising Customers
15305.0,93.6,1,2010-06-02 13:50:00,190,4.549657476057832,0.6931471805599453,1,At-Risk / Lost Customers
15306.0,2310.38,6,2010-07-27 14:39:00,135,7.745600027739347,1.9459101490553132,0,Champions/VIPs
15309.0,797.96,4,2010-04-08 11:11:00,245,6.683310881934879,1.6094379124341003,1,At-Risk / Lost Customers
15310.0,1634.64,1,2010-08-18 11:38:00,113,7.399789444048626,0.6931471805599453,2,New / Promising Customers
15312.0,2005.3400000000001,8,2010-11-21 15:10:00,18,7.604067445685239,2.1972245773362196,0,Champions/VIPs
15314.0,492.47999999999996,2,2010-10-22 12:19:00,48,6.201482331203263,1.0986122886681098,2,New / Promising Customers
15317.0,129.75,1,2010-01-31 15:55:00,312,4.873287102945032,0.6931471805599453,1,At-Risk / Lost Customers
15322.0,711.18,1,2010-08-20 13:10:00,111,6.568330688449932,0.6931471805599453,2,New / Promising Customers
15323.0,434.6,3,2010-05-26 10:01:00,197,6.076724391058805,1.3862943611198906,1,At-Risk / Lost Customers
15324.0,140.22000000000003,1,2010-01-07 14:37:00,336,4.950318958088201,0.6931471805599453,1,At-Risk / Lost Customers
15325.0,1439.72,7,2010-11-09 13:14:00,30,7.272898267611698,2.0794415416798357,0,Champions/VIPs
15326.0,1388.81,4,2010-04-09 15:22:00,244,7.236922326134238,1.6094379124341003,0,Champions/VIPs
15328.0,107.24,1,2010-10-28 09:05:00,42,4.684350983862532,0.6931471805599453,2,New / Promising Customers
15329.0,1909.13,8,2010-11-30 11:24:00,9,7.554926581551731,2.1972245773362196,0,Champions/VIPs
15331.0,767.91,3,2010-07-28 09:42:00,134,6.644973927545967,1.3862943611198906,0,Champions/VIPs
15336.0,240.5,1,2010-11-03 12:39:00,36,5.486869473092628,0.6931471805599453,2,New / Promising Customers
15337.0,373.02,1,2010-10-24 15:29:00,46,5.924309271920574,0.6931471805599453,2,New / Promising Customers
15338.0,277.93,1,2010-01-31 14:25:00,312,5.630960854284337,0.6931471805599453,1,At-Risk / Lost Customers
15339.0,1246.95,5,2010-10-14 14:04:00,56,7.1292574840242215,1.791759469228055,0,Champions/VIPs
15340.0,105.5,1,2010-05-27 10:27:00,196,4.66814498514948,0.6931471805599453,1,At-Risk / Lost Customers
15341.0,382.2,1,2010-09-16 16:41:00,84,5.948557046096705,0.6931471805599453,2,New / Promising Customers
15346.0,343.7,2,2010-10-10 13:55:00,60,5.84267447352282,1.0986122886681098,2,New / Promising Customers
15347.0,1162.0,4,2010-12-08 15:25:00,1,7.0587581525186645,1.6094379124341003,0,Champions/VIPs
15350.0,547.6,2,2010-12-01 13:33:00,8,6.307369578503503,1.0986122886681098,2,New / Promising Customers
15351.0,1770.23,4,2010-12-05 11:49:00,4,7.479429499480308,1.6094379124341003,0,Champions/VIPs
15352.0,111.15,1,2010-06-09 11:28:00,183,4.719837260966218,0.6931471805599453,1,At-Risk / Lost Customers
15353.0,2336.0,6,2010-12-07 11:49:00,2,7.756623334538858,1.9459101490553132,0,Champions/VIPs
15356.0,664.66,4,2010-12-06 14:05:00,3,6.500779029675021,1.6094379124341003,0,Champions/VIPs
15359.0,181.35,8,2010-02-15 10:47:00,297,5.205927917254689,2.1972245773362196,1,At-Risk / Lost Customers
15361.0,270.15000000000003,3,2010-07-01 14:15:00,161,5.60267217328707,1.3862943611198906,1,At-Risk / Lost Customers
15362.0,613.08,2,2010-09-17 10:37:00,83,6.420125212819335,1.0986122886681098,2,New / Promising Customers
15363.0,678.11,2,2010-12-02 12:28:00,7,6.520783117383144,1.0986122886681098,2,New / Promising Customers
15365.0,2242.81,6,2010-11-01 10:44:00,38,7.7159305928261315,1.9459101490553132,0,Champions/VIPs
15366.0,1786.57,5,2010-10-26 09:52:00,44,7.488612434640558,1.791759469228055,0,Champions/VIPs
15367.0,3203.74,7,2010-10-17 15:05:00,53,8.072386242819173,2.0794415416798357,0,Champions/VIPs
15368.0,275.8,1,2010-11-10 15:52:00,29,5.623295223743515,0.6931471805599453,2,New / Promising Customers
15370.0,1352.96,1,2010-10-25 12:08:00,45,7.210788910938355,0.6931471805599453,2,New / Promising Customers
15371.0,59.400000000000006,1,2010-02-15 13:14:00,297,4.100989104940769,0.6931471805599453,1,At-Risk / Lost Customers
15372.0,3406.78,7,2010-09-15 14:52:00,85,8.133816331874897,2.0794415416798357,0,Champions/VIPs
15373.0,1002.9300000000001,6,2010-12-03 14:40:00,6,6.9116775767055065,1.9459101490553132,0,Champions/VIPs
15374.0,139.32,1,2010-03-25 12:03:00,259,4.943925528623873,0.6931471805599453,1,At-Risk / Lost Customers
15375.0,60.959999999999994,1,2010-01-18 15:38:00,325,4.1264890155486675,0.6931471805599453,1,At-Risk / Lost Customers
15377.0,1211.75,4,2010-11-22 08:55:00,17,7.100645787125326,1.6094379124341003,0,Champions/VIPs
15378.0,246.5,2,2010-09-03 11:30:00,97,5.511410582008745,1.0986122886681098,2,New / Promising Customers
15379.0,1174.55,1,2010-11-04 11:59:00,35,7.0694914021669835,0.6931471805599453,2,New / Promising Customers
15380.0,1788.8,7,2010-12-09 15:01:00,0,7.4898591607487575,2.0794415416798357,0,Champions/VIPs
15381.0,1293.72,3,2010-10-12 13:32:00,58,7.166049734539326,1.3862943611198906,0,Champions/VIPs
15384.0,1385.38,2,2010-11-23 12:04:00,16,7.234451312446217,1.0986122886681098,0,Champions/VIPs
15385.0,625.2,2,2010-11-12 12:28:00,27,6.4396698088923054,1.0986122886681098,2,New / Promising Customers
15387.0,468.65,1,2010-08-04 16:05:00,127,6.151987736440525,0.6931471805599453,2,New / Promising Customers
15389.0,625.0,2,2010-05-26 16:02:00,197,6.439350371100098,1.0986122886681098,1,At-Risk / Lost Customers
15390.0,1216.66,2,2010-11-08 15:19:00,31,7.104686263160091,1.0986122886681098,0,Champions/VIPs
15391.0,289.87,1,2010-05-04 15:04:00,219,5.672876431960318,0.6931471805599453,1,At-Risk / Lost Customers
15392.0,1376.0900000000001,3,2010-11-30 09:50:00,9,7.227727856069942,1.3862943611198906,0,Champions/VIPs
15393.0,659.48,3,2010-05-21 11:34:00,202,6.492966843413089,1.3862943611198906,1,At-Risk / Lost Customers
15394.0,3103.26,7,2010-11-09 12:26:00,30,8.040530640681792,2.0794415416798357,0,Champions/VIPs
15396.0,508.20000000000005,1,2010-05-05 09:04:00,218,6.232840866683252,0.6931471805599453,1,At-Risk / Lost Customers
15400.0,586.1,3,2010-10-15 12:00:00,55,6.37519516307014,1.3862943611198906,2,New / Promising Customers
15401.0,216.95000000000002,2,2010-09-13 13:42:00,87,5.384265678684402,1.0986122886681098,2,New / Promising Customers
15402.0,1203.77,4,2010-11-17 12:58:00,22,7.094043956337202,1.6094379124341003,0,Champions/VIPs
15403.0,170.88,2,2010-08-05 12:21:00,126,5.146796558906795,1.0986122886681098,2,New / Promising Customers
15404.0,257.06,1,2010-11-29 11:03:00,10,5.5531921160237,0.6931471805599453,2,New / Promising Customers
15405.0,310.74,1,2010-05-12 15:56:00,211,5.742169507060905,0.6931471805599453,1,At-Risk / Lost Customers
15406.0,465.15999999999997,2,2010-09-12 13:10:00,88,6.1445289228348186,1.0986122886681098,2,New / Promising Customers
15409.0,131.25,1,2009-12-18 15:35:00,356,4.8846940707384086,0.6931471805599453,1,At-Risk / Lost Customers
15410.0,1234.88,2,2010-05-20 09:53:00,203,7.11953854592571,1.0986122886681098,1,At-Risk / Lost Customers
15416.0,588.5,3,2010-08-18 09:48:00,113,6.379274719977426,1.3862943611198906,2,New / Promising Customers
15418.0,449.42,2,2010-10-10 13:38:00,60,6.110180480812966,1.0986122886681098,2,New / Promising Customers
15420.0,743.0,6,2010-10-01 15:46:00,69,6.612041034833092,1.9459101490553132,0,Champions/VIPs
15421.0,2854.98,6,2010-11-19 13:21:00,20,7.957170320633835,1.9459101490553132,0,Champions/VIPs
15422.0,1522.27,5,2010-11-25 17:00:00,14,7.328614618863514,1.791759469228055,0,Champions/VIPs
15423.0,223.39,2,2010-05-07 09:21:00,216,5.413385609375712,1.0986122886681098,1,At-Risk / Lost Customers
15424.0,214.44,1,2010-09-02 17:17:00,98,5.372682448503343,0.6931471805599453,2,New / Promising Customers
15425.0,1941.1200000000001,4,2010-11-04 18:13:00,35,7.57153543890927,1.6094379124341003,0,Champions/VIPs
15426.0,1134.85,5,2010-12-05 13:55:00,4,7.03513654830923,1.791759469228055,0,Champions/VIPs
15428.0,668.97,3,2010-11-17 13:46:00,22,6.507232935263128,1.3862943611198906,0,Champions/VIPs
15430.0,954.75,2,2010-08-29 10:42:00,102,6.862496372576522,1.0986122886681098,2,New / Promising Customers
15431.0,153.24,1,2010-07-25 12:44:00,137,5.038509830862235,0.6931471805599453,2,New / Promising Customers
15432.0,149.57,1,2010-06-16 14:34:00,176,5.014428092334952,0.6931471805599453,1,At-Risk / Lost Customers
15434.0,1525.5800000000002,6,2010-11-30 15:46:00,9,7.3307852182697735,1.9459101490553132,0,Champions/VIPs
15437.0,193.29000000000002,1,2010-03-09 10:45:00,275,5.269351888255022,0.6931471805599453,1,At-Risk / Lost Customers
15439.0,1269.05,4,2010-10-31 10:38:00,39,7.1468115487563955,1.6094379124341003,0,Champions/VIPs
15441.0,1254.21,3,2010-11-08 15:50:00,31,7.135058168244959,1.3862943611198906,0,Champions/VIPs
15443.0,1900.64,7,2010-08-22 12:45:00,109,7.550471950742717,2.0794415416798357,0,Champions/VIPs
15445.0,171.0,1,2010-04-28 15:00:00,225,5.147494476813453,0.6931471805599453,1,At-Risk / Lost Customers
15446.0,396.75,3,2010-11-28 11:59:00,11,5.985823667217896,1.3862943611198906,2,New / Promising Customers
15447.0,337.71000000000004,4,2010-06-30 13:06:00,162,5.8251442840409675,1.6094379124341003,2,New / Promising Customers
15448.0,294.17,1,2010-02-03 13:29:00,309,5.687551461545784,0.6931471805599453,1,At-Risk / Lost Customers
15451.0,226.86,2,2010-10-01 13:40:00,69,5.42873140526997,1.0986122886681098,2,New / Promising Customers
15452.0,1256.63,3,2010-11-14 15:14:00,25,7.1369842763522495,1.3862943611198906,0,Champions/VIPs
15454.0,124.79,1,2010-03-31 13:15:00,253,4.834613849850781,0.6931471805599453,1,At-Risk / Lost Customers
15455.0,38.25,1,2010-04-21 12:43:00,232,3.6699514442284173,0.6931471805599453,1,At-Risk / Lost Customers
15456.0,1656.93,7,2010-11-01 17:05:00,38,7.413325115262354,2.0794415416798357,0,Champions/VIPs
15458.0,208.79999999999998,1,2010-11-02 19:50:00,37,5.346154695962197,0.6931471805599453,2,New / Promising Customers
15459.0,202.82999999999998,2,2010-10-18 15:25:00,52,5.3172863130956385,1.0986122886681098,2,New / Promising Customers
15461.0,429.7,2,2010-09-05 12:31:00,95,6.065411792060065,1.0986122886681098,2,New / Promising Customers
15462.0,502.45,1,2010-09-20 10:23:00,80,6.221484402361624,0.6931471805599453,2,New / Promising Customers
15466.0,1225.93,3,2010-11-15 12:50:00,24,7.112270393368763,1.3862943611198906,0,Champions/VIPs
15468.0,962.97,1,2010-11-12 09:39:00,27,6.871060173794348,0.6931471805599453,2,New / Promising Customers
15469.0,335.7,1,2010-09-27 10:09:00,73,5.819192326167029,0.6931471805599453,2,New / Promising Customers
15470.0,63.419999999999995,1,2010-05-13 09:35:00,210,4.165424143903053,0.6931471805599453,1,At-Risk / Lost Customers
15471.0,837.53,2,2010-11-24 14:39:00,15,6.731650358798553,1.0986122886681098,2,New / Promising Customers
15473.0,274.8,1,2010-09-21 09:14:00,79,5.619675965359201,0.6931471805599453,2,New / Promising Customers
15474.0,150.35,1,2010-04-23 11:14:00,230,5.019595035467727,0.6931471805599453,1,At-Risk / Lost Customers
15476.0,2209.98,4,2010-11-24 15:17:00,15,7.701191135135846,1.6094379124341003,0,Champions/VIPs
15477.0,368.4,1,2010-02-28 10:37:00,284,5.911880067765139,0.6931471805599453,1,At-Risk / Lost Customers
15478.0,541.06,1,2010-05-13 18:49:00,210,6.2953766964197415,0.6931471805599453,1,At-Risk / Lost Customers
15479.0,147.4,1,2009-12-06 15:08:00,368,4.99991133073328,0.6931471805599453,1,At-Risk / Lost Customers
15480.0,2686.75,2,2010-08-27 15:14:00,104,7.8964596913653375,1.0986122886681098,0,Champions/VIPs
15481.0,1993.34,1,2010-11-03 14:52:00,36,7.598068447520948,0.6931471805599453,2,New / Promising Customers
15482.0,3537.6,7,2010-11-18 11:02:00,21,8.171486447678902,2.0794415416798357,0,Champions/VIPs
15483.0,585.42,6,2010-11-19 13:24:00,20,6.374036256402837,1.9459101490553132,0,Champions/VIPs
15484.0,1061.69,2,2010-06-17 16:16:00,175,6.968558708340963,1.0986122886681098,2,New / Promising Customers
15485.0,3186.01,5,2010-12-01 13:23:00,8,8.066838452159512,1.791759469228055,0,Champions/VIPs
15486.0,102.0,1,2010-06-30 13:15:00,162,4.634728988229636,0.6931471805599453,1,At-Risk / Lost Customers
15487.0,231.32,1,2010-01-29 12:07:00,314,5.448115731636431,0.6931471805599453,1,At-Risk / Lost Customers
15488.0,340.6,4,2010-09-09 11:59:00,91,5.833640461914415,1.6094379124341003,2,New / Promising Customers
15489.0,1285.3300000000002,5,2010-11-04 11:48:00,35,7.159548481521243,1.791759469228055,0,Champions/VIPs
15490.0,210.85,1,2010-10-05 13:11:00,65,5.355878477072568,0.6931471805599453,2,New / Promising Customers
15493.0,2159.78,4,2010-11-15 12:43:00,24,7.678224546604397,1.6094379124341003,0,Champions/VIPs
15494.0,2422.02,3,2010-08-18 16:54:00,113,7.792769975012753,1.3862943611198906,0,Champions/VIPs
15495.0,246.5,1,2010-11-25 13:46:00,14,5.511410582008745,0.6931471805599453,2,New / Promising Customers
15496.0,146.14000000000001,1,2010-03-18 13:16:00,266,4.9913845145041185,0.6931471805599453,1,At-Risk / Lost Customers
15499.0,158.65,1,2009-12-16 12:17:00,358,5.072983919160791,0.6931471805599453,1,At-Risk / Lost Customers
15501.0,399.95,2,2010-10-31 11:15:00,39,5.993836731253038,1.0986122886681098,2,New / Promising Customers
15502.0,3548.34,5,2010-12-06 14:55:00,3,8.174516949692077,1.791759469228055,0,Champions/VIPs
15503.0,116.26,1,2009-12-13 11:34:00,361,4.764393691536069,0.6931471805599453,1,At-Risk / Lost Customers
15504.0,338.62,3,2010-07-07 12:02:00,155,5.8278273455181555,1.3862943611198906,2,New / Promising Customers
15506.0,1058.25,3,2010-11-23 12:48:00,16,6.965316389506668,1.3862943611198906,0,Champions/VIPs
15509.0,152.41,1,2010-11-24 14:48:00,15,5.033114075856682,0.6931471805599453,2,New / Promising Customers
15512.0,210.58,2,2010-11-14 12:39:00,25,5.354603177558628,1.0986122886681098,2,New / Promising Customers
15514.0,2209.04,7,2010-11-25 14:53:00,14,7.700765893895515,2.0794415416798357,0,Champions/VIPs
15515.0,171.81,1,2010-11-17 13:39:00,22,5.1521927250659,0.6931471805599453,2,New / Promising Customers
15518.0,2268.44,7,2010-11-25 19:36:00,14,7.727288384005734,2.0794415416798357,0,Champions/VIPs
15519.0,344.61,2,2010-11-21 14:35:00,18,5.845310971696471,1.0986122886681098,2,New / Promising Customers
15524.0,151.4,1,2010-04-12 09:19:00,241,5.026508643252546,0.6931471805599453,1,At-Risk / Lost Customers
15525.0,430.78,2,2010-12-01 13:17:00,8,6.067916199268313,1.0986122886681098,2,New / Promising Customers
15529.0,1116.72,2,2010-12-08 12:24:00,1,7.019046175120709,1.0986122886681098,2,New / Promising Customers
15530.0,311.37,1,2010-07-15 11:10:00,147,5.7441883826244515,0.6931471805599453,2,New / Promising Customers
15532.0,2162.37,6,2010-11-28 15:18:00,11,7.679422470038933,1.9459101490553132,0,Champions/VIPs
15534.0,162.25,1,2009-12-14 12:48:00,360,5.09528276815654,0.6931471805599453,1,At-Risk / Lost Customers
15535.0,541.47,2,2010-10-31 14:09:00,39,6.296132784346368,1.0986122886681098,2,New / Promising Customers
15536.0,259.09,1,2010-10-26 16:31:00,44,5.561027724964261,0.6931471805599453,2,New / Promising Customers
15538.0,2338.4,6,2010-06-20 10:49:00,172,7.757649765216606,1.9459101490553132,0,Champions/VIPs
15540.0,247.38,1,2010-11-29 11:10:00,10,5.514959831519887,0.6931471805599453,2,New / Promising Customers
15542.0,855.71,3,2010-07-15 13:32:00,147,6.753099471599433,1.3862943611198906,0,Champions/VIPs
15543.0,114.4,1,2010-09-06 11:28:00,94,4.748404354073999,0.6931471805599453,2,New / Promising Customers
15545.0,135.32999999999998,1,2010-12-03 17:28:00,6,4.915078417198038,0.6931471805599453,2,New / Promising Customers
15546.0,1079.1000000000001,2,2010-04-12 11:51:00,241,6.984808908424428,1.0986122886681098,1,At-Risk / Lost Customers
15548.0,158.09,1,2010-04-23 12:20:00,230,5.069470079817148,0.6931471805599453,1,At-Risk / Lost Customers
15549.0,652.7,5,2010-10-14 16:54:00,56,6.482648530618684,1.791759469228055,0,Champions/VIPs
15550.0,1635.42,8,2010-11-26 11:14:00,13,7.400266207931179,2.1972245773362196,0,Champions/VIPs
15551.0,1243.75,6,2010-11-10 14:04:00,29,7.126689985522292,1.9459101490553132,0,Champions/VIPs
15552.0,162.4,1,2010-03-26 16:17:00,258,5.096201182425903,0.6931471805599453,1,At-Risk / Lost Customers
15558.0,202.68,1,2010-03-10 15:25:00,274,5.316550134809097,0.6931471805599453,1,At-Risk / Lost Customers
15559.0,1109.4,1,2010-05-20 14:06:00,203,7.01247558975254,0.6931471805599453,1,At-Risk / Lost Customers
15560.0,153.52,2,2010-11-07 10:15:00,32,5.040323537798081,1.0986122886681098,2,New / Promising Customers
15561.0,1133.8,4,2010-11-21 10:40:00,18,7.034211702934696,1.6094379124341003,0,Champions/VIPs
15562.0,536.88,2,2010-10-11 10:33:00,59,6.287635486955669,1.0986122886681098,2,New / Promising Customers
15563.0,1459.02,3,2010-07-13 11:57:00,149,7.286205413238694,1.3862943611198906,0,Champions/VIPs
15564.0,70.74000000000001,2,2010-09-02 15:52:00,98,4.273048472104136,1.0986122886681098,2,New / Promising Customers
15566.0,227.87,2,2010-11-12 12:11:00,27,5.4331541567702475,1.0986122886681098,2,New / Promising Customers
15569.0,2207.74,5,2010-11-14 10:46:00,25,7.700177496176006,1.791759469228055,0,Champions/VIPs
15571.0,3241.92,10,2010-11-18 14:25:00,21,8.08422943748624,2.3978952727983707,0,Champions/VIPs
15572.0,1431.78,3,2010-11-24 13:16:00,15,7.2673718919667785,1.3862943611198906,0,Champions/VIPs
15573.0,597.23,3,2010-03-31 13:40:00,253,6.39397529538971,1.3862943611198906,1,At-Risk / Lost Customers
15574.0,774.84,3,2010-12-02 15:46:00,7,6.653946313357042,1.3862943611198906,0,Champions/VIPs
15575.0,30.1,1,2010-03-30 12:50:00,254,3.4372078191851885,0.6931471805599453,1,At-Risk / Lost Customers
15577.0,137.15,2,2009-12-16 14:54:00,358,4.9283400513694255,1.0986122886681098,1,At-Risk / Lost Customers
15579.0,923.03,3,2010-11-21 15:38:00,18,6.828744538647093,1.3862943611198906,0,Champions/VIPs
15580.0,1375.39,8,2010-11-28 11:00:00,11,7.227219408567087,2.1972245773362196,0,Champions/VIPs
15583.0,95.96,1,2010-11-28 15:04:00,11,4.574298522321004,0.6931471805599453,2,New / Promising Customers
15584.0,547.34,2,2010-11-05 11:34:00,34,6.306895532512165,1.0986122886681098,2,New / Promising Customers
15586.0,1139.1,3,2010-04-26 11:00:00,227,7.038871256839674,1.3862943611198906,1,At-Risk / Lost Customers
15587.0,608.4000000000001,3,2010-11-12 12:07:00,27,6.412474866551609,1.3862943611198906,0,Champions/VIPs
15588.0,579.6,1,2010-01-31 12:19:00,312,6.36406205159053,0.6931471805599453,1,At-Risk / Lost Customers
15590.0,1496.6,5,2010-11-22 14:49:00,17,7.311619105723327,1.791759469228055,0,Champions/VIPs
15591.0,217.9,3,2010-05-06 09:23:00,217,5.388615004528817,1.3862943611198906,1,At-Risk / Lost Customers
15595.0,357.6,1,2010-08-09 12:27:00,122,5.8822075611710325,0.6931471805599453,2,New / Promising Customers
15596.0,1723.45,5,2010-12-09 16:10:00,0,7.452663438045286,1.791759469228055,0,Champions/VIPs
15597.0,238.8,1,2010-05-13 13:10:00,210,5.479805242593414,0.6931471805599453,1,At-Risk / Lost Customers
15598.0,307.34,1,2010-10-08 09:20:00,62,5.731203070232193,0.6931471805599453,2,New / Promising Customers
15599.0,488.32,1,2010-09-20 10:15:00,80,6.193016672178715,0.6931471805599453,2,New / Promising Customers
15600.0,1199.31,4,2010-10-07 14:30:00,63,7.090335135747115,1.6094379124341003,0,Champions/VIPs
15602.0,1932.64,8,2010-12-06 15:35:00,3,7.567159515977125,2.1972245773362196,0,Champions/VIPs
15603.0,40.0,1,2010-03-01 16:02:00,283,3.713572066704308,0.6931471805599453,1,At-Risk / Lost Customers
15605.0,738.57,5,2010-12-01 13:38:00,8,6.6060689362240925,1.791759469228055,0,Champions/VIPs
15606.0,2310.83,8,2010-11-14 15:27:00,25,7.745794697677083,2.1972245773362196,0,Champions/VIPs
15607.0,1604.21,8,2010-06-14 11:55:00,178,7.381009868126658,2.1972245773362196,0,Champions/VIPs
15608.0,692.3,1,2010-10-20 10:10:00,50,6.541462805948445,0.6931471805599453,2,New / Promising Customers
15613.0,433.71999999999997,1,2010-04-08 12:51:00,245,6.074702145678038,0.6931471805599453,1,At-Risk / Lost Customers
15614.0,3147.36,4,2010-09-28 10:46:00,72,8.054636961321624,1.6094379124341003,0,Champions/VIPs
15616.0,317.11,1,2010-09-27 13:10:00,73,5.762397234916117,0.6931471805599453,2,New / Promising Customers
15617.0,828.5500000000001,3,2010-11-08 16:07:00,31,6.720883385089365,1.3862943611198906,0,Champions/VIPs
15620.0,389.18,1,2010-10-26 11:32:00,44,5.966608171109115,0.6931471805599453,2,New / Promising Customers
15623.0,2136.02,7,2010-11-11 10:19:00,28,7.66716761418972,2.0794415416798357,0,Champions/VIPs
15625.0,1702.1399999999999,5,2010-11-28 12:23:00,11,7.4402288851522735,1.791759469228055,0,Champions/VIPs
15626.0,391.72,1,2010-10-14 17:16:00,56,5.973096889749797,0.6931471805599453,2,New / Promising Customers
15627.0,566.9,2,2010-09-08 14:14:00,92,6.341945346883387,1.0986122886681098,2,New / Promising Customers
15628.0,2782.02,9,2010-12-08 09:51:00,1,7.931291947989468,2.302585092994046,0,Champions/VIPs
15629.0,2240.9,4,2010-09-15 13:46:00,85,7.715078999604354,1.6094379124341003,0,Champions/VIPs
15630.0,295.05,1,2010-03-05 14:30:00,279,5.690528358977785,0.6931471805599453,1,At-Risk / Lost Customers
15631.0,596.67,1,2010-03-07 14:52:00,277,6.393038762166311,0.6931471805599453,1,At-Risk / Lost Customers
15634.0,311.1,1,2010-11-21 15:30:00,18,5.743323649276734,0.6931471805599453,2,New / Promising Customers
15635.0,100.35,1,2010-11-09 08:58:00,30,4.618579872898009,0.6931471805599453,2,New / Promising Customers
15636.0,719.82,2,2010-09-28 15:10:00,72,6.580389452857024,1.0986122886681098,2,New / Promising Customers
15637.0,574.23,4,2010-10-22 08:24:00,48,6.354769960818677,1.6094379124341003,0,Champions/VIPs
15638.0,2265.2,6,2010-11-26 11:52:00,13,7.725859698946466,1.9459101490553132,0,Champions/VIPs
15639.0,639.76,2,2010-09-14 09:05:00,86,6.462654971833283,1.0986122886681098,2,New / Promising Customers
15641.0,3458.35,8,2010-11-08 14:05:00,31,8.148835989131955,2.1972245773362196,0,Champions/VIPs
15642.0,105.78000000000002,1,2009-12-10 11:51:00,364,4.67077064307204,0.6931471805599453,1,At-Risk / Lost Customers
15645.0,443.16,2,2010-10-21 18:36:00,49,6.096184857878385,1.0986122886681098,2,New / Promising Customers
15646.0,526.97,3,2010-12-02 16:59:00,7,6.26903946391023,1.3862943611198906,2,New / Promising Customers
15647.0,169.0,1,2010-10-20 15:09:00,50,5.135798437050262,0.6931471805599453,2,New / Promising Customers
15649.0,1354.35,3,2010-12-07 10:06:00,2,7.211815002542458,1.3862943611198906,0,Champions/VIPs
15650.0,553.88,2,2010-07-06 10:41:00,156,6.318751874152122,1.0986122886681098,2,New / Promising Customers
15651.0,612.76,2,2010-10-15 13:42:00,55,6.419603972255019,1.0986122886681098,2,New / Promising Customers
15652.0,1068.2,4,2010-11-17 15:14:00,22,6.974665984264764,1.6094379124341003,0,Champions/VIPs
15658.0,1399.3700000000001,4,2010-12-02 10:53:00,7,7.244491766400318,1.6094379124341003,0,Champions/VIPs
15659.0,226.04,2,2010-11-18 10:51:00,21,5.425126213411732,1.0986122886681098,2,New / Promising Customers
15660.0,1212.13,7,2010-12-09 09:49:00,0,7.100959075501592,2.0794415416798357,0,Champions/VIPs
15661.0,906.15,6,2010-11-25 08:21:00,14,6.810307816816172,1.9459101490553132,0,Champions/VIPs
15662.0,283.73,2,2010-02-16 16:47:00,296,5.6515413628105104,1.0986122886681098,1,At-Risk / Lost Customers
15664.0,845.1,3,2010-09-16 18:09:00,84,6.740637555930455,1.3862943611198906,0,Champions/VIPs
15665.0,1764.86,3,2010-10-24 14:08:00,46,7.476393102823272,1.3862943611198906,0,Champions/VIPs
15666.0,632.9399999999999,2,2010-08-24 16:14:00,107,6.451954312734866,1.0986122886681098,2,New / Promising Customers
15670.0,152.15,1,2010-06-01 15:34:00,191,5.031417833278784,0.6931471805599453,1,At-Risk / Lost Customers
15672.0,45.300000000000004,1,2009-12-14 16:52:00,360,3.8351419610921886,0.6931471805599453,1,At-Risk / Lost Customers
15673.0,3478.09,5,2010-09-14 11:08:00,86,8.154526044320063,1.791759469228055,0,Champions/VIPs
15675.0,218.35,1,2010-10-31 14:14:00,39,5.390668627612223,0.6931471805599453,2,New / Promising Customers
15677.0,648.4,2,2010-10-14 15:19:00,56,6.4760488596687455,1.0986122886681098,2,New / Promising Customers
15678.0,1473.24,2,2010-11-09 14:38:00,30,7.295897881747552,1.0986122886681098,0,Champions/VIPs
15680.0,3173.9,8,2010-12-08 14:43:00,1,8.063031414767789,2.1972245773362196,0,Champions/VIPs
15681.0,1563.54,9,2010-11-25 15:07:00,14,7.355347130055989,2.302585092994046,0,Champions/VIPs
15682.0,318.24,2,2010-04-19 15:30:00,234,5.765943171007808,1.0986122886681098,1,At-Risk / Lost Customers
15683.0,330.79,1,2010-08-23 12:01:00,108,5.8045022386644325,0.6931471805599453,2,New / Promising Customers
15684.0,173.95,3,2010-06-10 18:51:00,182,5.164500218813697,1.3862943611198906,1,At-Risk / Lost Customers
15685.0,55.980000000000004,1,2010-09-15 13:43:00,85,4.0427003290697625,0.6931471805599453,2,New / Promising Customers
15686.0,90.0,1,2010-10-15 13:50:00,55,4.51085950651685,0.6931471805599453,2,New / Promising Customers
15688.0,190.57,1,2010-10-17 12:06:00,53,5.25525327707701,0.6931471805599453,2,New / Promising Customers
15689.0,266.93,1,2010-04-01 09:53:00,252,5.5907257523639045,0.6931471805599453,1,At-Risk / Lost Customers
15691.0,434.5,3,2010-11-10 12:26:00,29,6.0764947962925575,1.3862943611198906,2,New / Promising Customers
15693.0,37.5,1,2010-02-18 14:37:00,294,3.6506582412937387,0.6931471805599453,1,At-Risk / Lost Customers
15695.0,721.06,2,2010-04-21 10:36:00,232,6.58210823793308,1.0986122886681098,1,At-Risk / Lost Customers
15696.0,1170.1100000000001,5,2010-10-12 10:24:00,58,7.06570729599208,1.791759469228055,0,Champions/VIPs
15697.0,246.75,1,2010-01-19 09:10:00,324,5.5124201732100975,0.6931471805599453,1,At-Risk / Lost Customers
15698.0,46.2,1,2010-03-25 17:38:00,259,3.8543938925915096,0.6931471805599453,1,At-Risk / Lost Customers
15702.0,112.57000000000001,1,2010-08-20 14:50:00,111,4.732419386903555,0.6931471805599453,2,New / Promising Customers
15704.0,1441.04,2,2010-07-25 15:00:00,137,7.273814056711209,1.0986122886681098,0,Champions/VIPs
15708.0,969.19,3,2010-12-05 11:12:00,4,6.877491928604833,1.3862943611198906,0,Champions/VIPs
15709.0,194.6,1,2010-04-29 18:31:00,224,5.276071757600717,0.6931471805599453,1,At-Risk / Lost Customers
15710.0,898.87,1,2010-10-18 17:05:00,52,6.802250308446763,0.6931471805599453,2,New / Promising Customers
15711.0,420.25,2,2010-06-01 12:14:00,191,6.043226481666571,1.0986122886681098,1,At-Risk / Lost Customers
15712.0,2400.05,7,2010-11-25 18:04:00,14,7.783661420660816,2.0794415416798357,0,Champions/VIPs
15713.0,654.09,3,2010-12-08 15:16:00,1,6.48477263077626,1.3862943611198906,0,Champions/VIPs
15714.0,453.93,3,2010-09-12 14:22:00,88,6.120143560961571,1.3862943611198906,2,New / Promising Customers
15715.0,658.02,5,2010-06-02 09:56:00,190,6.490753883055643,1.791759469228055,0,Champions/VIPs
15716.0,1911.03,8,2010-12-05 12:26:00,4,7.555920783864823,2.1972245773362196,0,Champions/VIPs
15717.0,456.70000000000005,4,2010-10-14 18:02:00,56,6.126213947659597,1.6094379124341003,0,Champions/VIPs
15718.0,293.79,1,2010-06-17 16:20:00,175,5.686263238437263,0.6931471805599453,1,At-Risk / Lost Customers
15720.0,140.49,1,2010-06-07 15:40:00,185,4.952229043207861,0.6931471805599453,1,At-Risk / Lost Customers
15722.0,3022.79,6,2010-09-20 16:48:00,80,8.014266290443603,1.9459101490553132,0,Champions/VIPs
15723.0,740.0,3,2010-10-24 12:44:00,46,6.608000625296087,1.3862943611198906,0,Champions/VIPs
15724.0,92.6,1,2010-11-04 10:22:00,35,4.539030383483547,0.6931471805599453,2,New / Promising Customers
15726.0,321.91,1,2010-11-14 16:12:00,25,5.777373646625042,0.6931471805599453,2,New / Promising Customers
15728.0,544.6,2,2010-11-25 10:39:00,14,6.301886106529253,1.0986122886681098,2,New / Promising Customers
15729.0,107.55000000000001,2,2010-11-04 16:07:00,35,4.687210896324301,1.0986122886681098,2,New / Promising Customers
15730.0,605.7,2,2010-11-23 10:41:00,16,6.408034434948252,1.0986122886681098,2,New / Promising Customers
15731.0,125.3,1,2010-06-04 10:10:00,188,4.838660029356445,0.6931471805599453,1,At-Risk / Lost Customers
15732.0,1387.95,9,2010-12-02 15:00:00,7,7.236303344986202,2.302585092994046,0,Champions/VIPs
15734.0,923.85,2,2010-09-29 11:40:00,71,6.829631562200558,1.0986122886681098,2,New / Promising Customers
15735.0,327.68,1,2010-10-14 13:38:00,56,5.795084633062987,0.6931471805599453,2,New / Promising Customers
15736.0,1767.12,2,2010-09-30 14:20:00,70,7.477672114197468,1.0986122886681098,0,Champions/VIPs
15741.0,208.62,2,2010-09-07 16:21:00,93,5.345296367742031,1.0986122886681098,2,New / Promising Customers
15742.0,156.87,1,2010-03-30 15:25:00,254,5.061771909543635,0.6931471805599453,1,At-Risk / Lost Customers
15747.0,1553.17,6,2010-11-29 10:50:00,10,7.348696920053779,1.9459101490553132,0,Champions/VIPs
15748.0,465.45000000000005,2,2010-09-16 16:55:00,84,6.14515083340697,1.0986122886681098,2,New / Promising Customers
15751.0,1380.44,11,2010-09-05 12:44:00,95,7.230881712367113,2.4849066497880004,0,Champions/VIPs
15752.0,1557.96,3,2010-12-02 09:43:00,7,7.351774211255879,1.3862943611198906,0,Champions/VIPs
15754.0,2579.04,6,2010-08-03 09:15:00,128,7.855560181671448,1.9459101490553132,0,Champions/VIPs
15755.0,3628.87,11,2010-11-25 14:25:00,14,8.19695211394543,2.4849066497880004,0,Champions/VIPs
15757.0,2225.94,4,2010-11-18 10:45:00,21,7.708383724819884,1.6094379124341003,0,Champions/VIPs
15759.0,577.8900000000001,4,2010-07-16 10:37:00,146,6.361112476795148,1.6094379124341003,0,Champions/VIPs
15761.0,143.05,1,2010-09-23 09:33:00,77,4.970160461530537,0.6931471805599453,2,New / Promising Customers
15764.0,1223.1100000000001,2,2010-10-01 14:07:00,69,7.109969328315315,1.0986122886681098,0,Champions/VIPs
15765.0,370.63,1,2010-02-11 10:25:00,301,5.917898735650893,0.6931471805599453,1,At-Risk / Lost Customers
15766.0,516.0,2,2010-09-09 13:51:00,91,6.248042874508429,1.0986122886681098,2,New / Promising Customers
15770.0,321.45,1,2010-04-06 11:47:00,247,5.7759480854563865,0.6931471805599453,1,At-Risk / Lost Customers
15771.0,1006.54,3,2010-04-14 13:56:00,239,6.915266995265976,1.3862943611198906,1,At-Risk / Lost Customers
15772.0,280.88,1,2010-10-17 13:33:00,53,5.641481448458822,0.6931471805599453,2,New / Promising Customers
15773.0,138.84,1,2010-10-26 15:27:00,44,4.940498911907225,0.6931471805599453,2,New / Promising Customers
15774.0,1016.29,5,2010-10-17 12:59:00,53,6.924897507809385,1.791759469228055,0,Champions/VIPs
15775.0,45.6,1,2010-03-18 07:32:00,266,3.8416005411316,0.6931471805599453,1,At-Risk / Lost Customers
15777.0,715.5,3,2010-11-08 14:37:00,31,6.574378247268227,1.3862943611198906,0,Champions/VIPs
15778.0,307.95,1,2010-10-04 15:10:00,66,5.733179451506989,0.6931471805599453,2,New / Promising Customers
15779.0,124.08000000000001,2,2010-09-02 16:40:00,98,4.82895353258964,1.0986122886681098,2,New / Promising Customers
15782.0,1399.36,1,2010-10-05 15:43:00,65,7.244484625404935,0.6931471805599453,2,New / Promising Customers
15784.0,848.3299999999999,2,2010-08-29 10:38:00,102,6.744447803369461,1.0986122886681098,2,New / Promising Customers
15785.0,3640.96,11,2010-11-25 16:55:00,14,8.200277277250853,2.4849066497880004,0,Champions/VIPs
15786.0,3582.62,2,2010-10-18 08:11:00,52,8.18412874168787,1.0986122886681098,0,Champions/VIPs
15788.0,221.82999999999998,1,2010-07-19 12:48:00,143,5.406409148898876,0.6931471805599453,2,New / Promising Customers
15789.0,1610.71,5,2010-10-04 14:42:00,66,7.3850510061380765,1.791759469228055,0,Champions/VIPs
15791.0,1995.65,3,2010-06-28 12:04:00,164,7.599226055161138,1.3862943611198906,0,Champions/VIPs
15792.0,933.84,2,2010-11-05 08:21:00,34,6.8403753916508245,1.0986122886681098,2,New / Promising Customers
15793.0,1433.96,5,2010-11-26 10:36:00,13,7.268892253240758,1.791759469228055,0,Champions/VIPs
15794.0,777.0,2,2009-12-03 13:04:00,371,6.656726524178391,1.0986122886681098,1,At-Risk / Lost Customers
15795.0,1369.8600000000001,7,2010-10-05 15:17:00,65,7.2231935591038505,2.0794415416798357,0,Champions/VIPs
15796.0,2463.02,9,2010-11-30 10:40:00,9,7.809549441503585,2.302585092994046,0,Champions/VIPs
15797.0,613.6800000000001,2,2010-05-07 15:09:00,216,6.4211018071871315,1.0986122886681098,1,At-Risk / Lost Customers
15798.0,1535.37,3,2010-08-04 09:13:00,127,7.3371777701160505,1.3862943611198906,0,Champions/VIPs
15799.0,537.1999999999999,1,2010-10-17 14:26:00,53,6.2882302382928055,0.6931471805599453,2,New / Promising Customers
15800.0,530.18,5,2010-09-12 16:17:00,88,6.275100946851013,1.791759469228055,0,Champions/VIPs
15803.0,1513.84,3,2010-09-20 13:08:00,80,7.323065101805225,1.3862943611198906,0,Champions/VIPs
15807.0,913.62,2,2010-10-27 13:04:00,43,6.818508678467918,1.0986122886681098,2,New / Promising Customers
15809.0,758.67,2,2010-09-06 13:20:00,94,6.6328841284573725,1.0986122886681098,2,New / Promising Customers
15810.0,1607.06,4,2010-11-18 10:44:00,21,7.3827837624756185,1.6094379124341003,0,Champions/VIPs
15811.0,1463.78,2,2010-12-09 15:29:00,0,7.289460339525963,1.0986122886681098,0,Champions/VIPs
15812.0,2484.4900000000002,7,2010-09-30 13:30:00,70,7.818225102191289,2.0794415416798357,0,Champions/VIPs
15814.0,689.11,2,2010-11-11 17:55:00,28,6.536851005175096,1.0986122886681098,2,New / Promising Customers
15816.0,144.14999999999998,2,2010-06-15 13:36:00,177,4.977767690470639,1.0986122886681098,1,At-Risk / Lost Customers
15817.0,2766.4,3,2010-10-15 11:07:00,55,7.925663530235284,1.3862943611198906,0,Champions/VIPs
15818.0,340.5,1,2010-04-30 12:58:00,223,5.833347679010845,0.6931471805599453,1,At-Risk / Lost Customers
15819.0,2029.34,6,2010-10-04 15:14:00,66,7.615958545696066,1.9459101490553132,0,Champions/VIPs
15822.0,954.59,4,2010-08-03 16:08:00,128,6.862328950767348,1.6094379124341003,0,Champions/VIPs
15824.0,890.94,2,2010-09-12 13:20:00,88,6.793398865743655,1.0986122886681098,2,New / Promising Customers
15826.0,943.97,1,2010-05-20 17:00:00,203,6.851153180958081,0.6931471805599453,1,At-Risk / Lost Customers
15828.0,1108.82,1,2010-11-29 16:41:00,10,7.011953118994513,0.6931471805599453,2,New / Promising Customers
15833.0,80.4,1,2009-12-02 11:59:00,372,4.399375273008495,0.6931471805599453,1,At-Risk / Lost Customers
15834.0,1539.24,3,2010-11-28 12:05:00,11,7.33969352742108,1.3862943611198906,0,Champions/VIPs
15837.0,385.03000000000003,1,2010-08-11 10:16:00,120,5.955915086652026,0.6931471805599453,2,New / Promising Customers
15841.0,1518.35,5,2010-11-18 18:14:00,21,7.326037890800916,1.791759469228055,0,Champions/VIPs
15842.0,548.8,2,2010-11-11 14:08:00,28,6.309554575731145,1.0986122886681098,2,New / Promising Customers
15845.0,714.51,3,2010-06-21 11:40:00,171,6.57299557513923,1.3862943611198906,0,Champions/VIPs
15846.0,107.01,1,2010-11-19 14:40:00,20,4.682223815430383,0.6931471805599453,2,New / Promising Customers
15847.0,433.3,3,2010-10-07 18:19:00,63,6.073735539540777,1.3862943611198906,2,New / Promising Customers
15848.0,137.99,1,2010-03-28 10:54:00,256,4.934401988096667,0.6931471805599453,1,At-Risk / Lost Customers
15850.0,771.87,4,2010-11-28 12:32:00,11,6.650110858506359,1.6094379124341003,0,Champions/VIPs
15851.0,109.73,1,2010-07-01 12:34:00,161,4.707094805710017,0.6931471805599453,1,At-Risk / Lost Customers
15852.0,96.55,1,2010-07-01 10:16:00,161,4.5803650670691205,0.6931471805599453,1,At-Risk / Lost Customers
15854.0,2609.16,9,2010-11-28 10:42:00,11,7.867166801119799,2.302585092994046,0,Champions/VIPs
15855.0,340.48,1,2010-08-20 17:15:00,111,5.833289112142106,0.6931471805599453,2,New / Promising Customers
15857.0,273.48,1,2010-10-05 16:43:00,65,5.614878398550195,0.6931471805599453,2,New / Promising Customers
15858.0,2508.77,9,2010-12-07 14:31:00,2,7.827946394461091,2.302585092994046,0,Champions/VIPs
15859.0,438.46,1,2010-10-03 12:52:00,67,6.085546700469121,0.6931471805599453,2,New / Promising Customers
15860.0,1496.3,10,2010-12-06 11:38:00,3,7.3114187651436735,2.3978952727983707,0,Champions/VIPs
15861.0,1213.98,4,2010-09-09 19:56:00,91,7.102482894733817,1.6094379124341003,0,Champions/VIPs
15862.0,2028.49,10,2010-12-01 11:21:00,8,7.6155398089448125,2.3978952727983707,0,Champions/VIPs
15863.0,286.26,3,2010-04-01 15:40:00,252,5.660387729003677,1.3862943611198906,1,At-Risk / Lost Customers
15864.0,244.44000000000003,1,2010-11-23 15:02:00,16,5.503052518178891,0.6931471805599453,2,New / Promising Customers
15865.0,1346.29,2,2010-10-22 15:24:00,48,7.205850446482346,1.0986122886681098,0,Champions/VIPs
15868.0,94.53,1,2010-05-05 14:11:00,218,4.559440334281917,0.6931471805599453,1,At-Risk / Lost Customers
15869.0,171.47,1,2010-03-23 16:50:00,261,5.1502233083033095,0.6931471805599453,1,At-Risk / Lost Customers
15870.0,506.02,3,2010-11-08 10:57:00,31,6.228550450544898,1.3862943611198906,2,New / Promising Customers
15871.0,33.099999999999994,1,2010-09-28 14:16:00,72,3.529297384289471,0.6931471805599453,2,New / Promising Customers
15872.0,413.0,2,2010-11-26 12:05:00,13,6.025865973825314,1.0986122886681098,2,New / Promising Customers
15873.0,313.91999999999996,4,2010-07-28 12:41:00,134,5.752318638316266,1.6094379124341003,2,New / Promising Customers
15875.0,108.52,1,2010-03-03 16:51:00,281,4.696107180980193,0.6931471805599453,1,At-Risk / Lost Customers
15876.0,1449.1399999999999,2,2010-10-26 18:58:00,44,7.27941538247794,1.0986122886681098,0,Champions/VIPs
15878.0,330.77,2,2010-05-27 12:17:00,196,5.804441957755378,1.0986122886681098,1,At-Risk / Lost Customers
15879.0,1137.8,4,2010-10-31 16:21:00,39,7.037730355403882,1.6094379124341003,0,Champions/VIPs
15880.0,329.03000000000003,1,2010-12-05 13:00:00,4,5.799183559419454,0.6931471805599453,2,New / Promising Customers
15882.0,977.34,6,2010-12-06 13:12:00,3,6.885857257880921,1.9459101490553132,0,Champions/VIPs
15884.0,244.60000000000002,2,2010-10-03 15:55:00,67,5.503704196272987,1.0986122886681098,2,New / Promising Customers
15886.0,871.78,3,2010-10-19 12:01:00,51,6.77168351949921,1.3862943611198906,0,Champions/VIPs
15887.0,1027.15,3,2010-10-29 08:36:00,41,6.935516349767528,1.3862943611198906,0,Champions/VIPs
15888.0,260.85,2,2010-11-04 09:59:00,35,5.567771820725497,1.0986122886681098,2,New / Promising Customers
15889.0,1274.95,7,2010-12-05 15:12:00,4,7.1514462781840065,2.0794415416798357,0,Champions/VIPs
15890.0,535.65,5,2010-11-10 12:46:00,29,6.285346112927534,1.791759469228055,0,Champions/VIPs
15892.0,128.2,1,2010-02-08 16:23:00,304,4.861361591348501,0.6931471805599453,1,At-Risk / Lost Customers
15893.0,305.28000000000003,1,2010-08-15 11:12:00,116,5.724499716244923,0.6931471805599453,2,New / Promising Customers
15894.0,150.79000000000002,1,2010-12-05 14:06:00,4,5.022497986638768,0.6931471805599453,2,New / Promising Customers
15899.0,56.25,1,2010-12-06 10:36:00,3,4.047427642434349,0.6931471805599453,2,New / Promising Customers
15900.0,549.29,3,2010-10-22 10:44:00,48,6.310445411994369,1.3862943611198906,2,New / Promising Customers
15901.0,318.14,3,2010-09-14 13:37:00,86,5.765629877982281,1.3862943611198906,2,New / Promising Customers
15902.0,145.01,1,2010-11-24 16:57:00,15,4.983675112513472,0.6931471805599453,2,New / Promising Customers
15905.0,114.69,1,2010-06-14 16:00:00,178,4.750914200040797,0.6931471805599453,1,At-Risk / Lost Customers
15906.0,962.5,3,2010-11-30 13:26:00,9,6.870572487854421,1.3862943611198906,0,Champions/VIPs
15908.0,758.62,2,2010-08-06 11:56:00,125,6.6328183082386944,1.0986122886681098,2,New / Promising Customers
15910.0,1432.29,7,2010-11-04 12:18:00,35,7.267727779998392,2.0794415416798357,0,Champions/VIPs
15911.0,1683.79,8,2010-03-26 12:06:00,258,7.4293962059394945,2.1972245773362196,0,Champions/VIPs
15912.0,810.08,7,2010-09-29 13:20:00,71,6.698366692900263,2.0794415416798357,0,Champions/VIPs
15913.0,6.300000000000001,1,2010-06-23 16:31:00,169,1.9878743481543455,0.6931471805599453,1,At-Risk / Lost Customers
15914.0,205.99,2,2010-11-26 16:10:00,13,5.332670482919699,1.0986122886681098,2,New / Promising Customers
15915.0,364.24,1,2010-11-03 11:13:00,36,5.900554671748139,0.6931471805599453,2,New / Promising Customers
15916.0,1874.83,7,2010-12-08 13:14:00,1,7.5368065071231936,2.0794415416798357,0,Champions/VIPs
15917.0,407.07,4,2010-04-12 15:01:00,241,6.011438728315399,1.6094379124341003,1,At-Risk / Lost Customers
15918.0,248.65,1,2010-03-18 11:40:00,266,5.520059936946618,0.6931471805599453,1,At-Risk / Lost Customers
15919.0,214.07999999999998,1,2010-12-06 11:26:00,3,5.371010051941477,0.6931471805599453,2,New / Promising Customers
15920.0,401.64,5,2010-10-11 13:57:00,59,5.998042862468105,1.791759469228055,0,Champions/VIPs
15921.0,442.58,3,2010-11-08 10:24:00,31,6.094878168797064,1.3862943611198906,2,New / Promising Customers
15922.0,369.5,1,2010-12-01 13:51:00,8,5.914853444736141,0.6931471805599453,2,New / Promising Customers
15923.0,127.08,1,2010-12-02 12:16:00,7,4.852655068688459,0.6931471805599453,2,New / Promising Customers
15924.0,102.82,1,2009-12-08 15:00:00,366,4.642658630399083,0.6931471805599453,1,At-Risk / Lost Customers
15926.0,134.44,1,2010-06-15 15:23:00,177,4.90852873782488,0.6931471805599453,1,At-Risk / Lost Customers
15927.0,106.54,1,2010-03-02 13:25:00,282,4.6778628713815325,0.6931471805599453,1,At-Risk / Lost Customers
15928.0,293.53,1,2010-02-21 15:16:00,291,5.685380865475649,0.6931471805599453,1,At-Risk / Lost Customers
15929.0,594.0,1,2010-03-05 14:56:00,279,6.38856140554563,0.6931471805599453,1,At-Risk / Lost Customers
15931.0,239.9,1,2010-10-07 16:46:00,63,5.484381909620826,0.6931471805599453,2,New / Promising Customers
15934.0,2190.66,2,2010-10-18 10:13:00,52,7.692414526548134,1.0986122886681098,0,Champions/VIPs
15936.0,282.79,2,2010-11-25 16:39:00,14,5.648234528023389,1.0986122886681098,2,New / Promising Customers
15938.0,330.23,4,2010-09-09 17:07:00,91,5.802812998119156,1.6094379124341003,2,New / Promising Customers
15939.0,2904.83,1,2010-11-30 12:07:00,9,7.974474342763172,0.6931471805599453,2,New / Promising Customers
15941.0,405.0,1,2010-03-12 14:45:00,272,6.0063531596017325,0.6931471805599453,1,At-Risk / Lost Customers
15943.0,271.28999999999996,2,2010-02-28 12:49:00,284,5.606867674804115,1.0986122886681098,1,At-Risk / Lost Customers
15944.0,1839.1399999999999,3,2010-11-11 09:55:00,28,7.517596934665088,1.3862943611198906,0,Champions/VIPs
15945.0,646.27,4,2010-12-09 13:14:00,0,6.472763518115628,1.6094379124341003,0,Champions/VIPs
15946.0,2304.18,3,2010-07-25 12:18:00,137,7.742914043488088,1.3862943611198906,0,Champions/VIPs
15948.0,553.85,1,2010-10-11 12:16:00,59,6.318697806946573,0.6931471805599453,2,New / Promising Customers
15951.0,304.95,1,2010-11-23 18:20:00,16,5.72342168990855,0.6931471805599453,2,New / Promising Customers
15953.0,1990.8,11,2010-12-05 15:15:00,4,7.596794031497539,2.4849066497880004,0,Champions/VIPs
15954.0,187.8,1,2010-04-29 13:35:00,224,5.240688253711401,0.6931471805599453,1,At-Risk / Lost Customers
15956.0,617.6,2,2010-06-06 13:06:00,186,6.42745886025097,1.0986122886681098,1,At-Risk / Lost Customers
15957.0,492.36,2,2010-10-15 12:22:00,55,6.201239130683238,1.0986122886681098,2,New / Promising Customers
15958.0,357.77,3,2010-11-01 12:22:00,38,5.882681514648826,1.3862943611198906,2,New / Promising Customers
15959.0,542.89,3,2010-01-26 16:38:00,317,6.298747020527224,1.3862943611198906,1,At-Risk / Lost Customers
15960.0,410.95,4,2010-11-30 15:57:00,9,6.020901982761599,1.6094379124341003,0,Champions/VIPs
15961.0,451.28999999999996,1,2010-11-25 15:59:00,14,6.114323567019841,0.6931471805599453,2,New / Promising Customers
15962.0,289.48,1,2010-09-16 13:48:00,84,5.6715347271060805,0.6931471805599453,2,New / Promising Customers
15964.0,269.21000000000004,1,2010-02-14 15:30:00,298,5.5991994344637614,0.6931471805599453,1,At-Risk / Lost Customers
15965.0,2119.26,10,2010-12-07 13:18:00,2,7.6592940016556375,2.3978952727983707,0,Champions/VIPs
15966.0,426.53000000000003,1,2010-09-15 10:44:00,85,6.058024461353231,0.6931471805599453,2,New / Promising Customers
15967.0,2568.32,10,2010-11-25 13:42:00,14,7.851396551439086,2.3978952727983707,0,Champions/VIPs
15968.0,401.8,1,2010-11-16 13:04:00,23,5.998440160844408,0.6931471805599453,2,New / Promising Customers
15969.0,460.95,2,2010-10-10 12:01:00,60,6.135456660116754,1.0986122886681098,2,New / Promising Customers
15970.0,703.22,1,2010-04-20 11:30:00,233,6.557090807340088,0.6931471805599453,1,At-Risk / Lost Customers
15971.0,1702.98,6,2010-11-19 10:43:00,20,7.440721970231179,1.9459101490553132,0,Champions/VIPs
15972.0,1769.33,5,2010-09-09 13:20:00,91,7.4789212488679375,1.791759469228055,0,Champions/VIPs
15973.0,665.62,2,2010-12-08 11:42:00,1,6.502220168423858,1.0986122886681098,2,New / Promising Customers
15976.0,1252.67,4,2010-10-25 11:33:00,45,7.133830528666015,1.6094379124341003,0,Champions/VIPs
15978.0,2180.64,2,2010-10-03 14:08:00,67,7.687832166530142,1.0986122886681098,0,Champions/VIPs
15979.0,329.22,1,2010-04-16 11:35:00,237,5.799759099003687,0.6931471805599453,1,At-Risk / Lost Customers
15982.0,324.51,1,2010-04-13 15:47:00,240,5.7853931831429195,0.6931471805599453,1,At-Risk / Lost Customers
15983.0,2458.9,6,2010-12-09 10:45:00,0,7.807875977693654,1.9459101490553132,0,Champions/VIPs
15985.0,1572.8600000000001,5,2010-09-29 14:43:00,71,7.3612864796593405,1.791759469228055,0,Champions/VIPs
15986.0,186.3,1,2010-11-23 10:02:00,16,5.2327116094500425,0.6931471805599453,2,New / Promising Customers
15987.0,216.7,2,2010-12-06 08:34:00,3,5.3831179682405015,1.0986122886681098,2,New / Promising Customers
15988.0,579.61,2,2010-06-06 12:45:00,186,6.3640792750040385,1.0986122886681098,1,At-Risk / Lost Customers
15989.0,368.31,2,2010-11-29 12:03:00,10,5.911636399748068,1.0986122886681098,2,New / Promising Customers
15990.0,1205.64,5,2010-08-02 12:42:00,129,7.095594916459997,1.791759469228055,0,Champions/VIPs
15991.0,150.55,1,2010-06-23 15:50:00,169,5.020915603503812,0.6931471805599453,1,At-Risk / Lost Customers
15992.0,854.61,2,2010-11-08 14:51:00,31,6.751814664844485,1.0986122886681098,2,New / Promising Customers
15994.0,761.4100000000001,2,2010-10-24 12:14:00,46,6.636484468728264,1.0986122886681098,2,New / Promising Customers
15995.0,694.54,1,2010-10-21 13:57:00,49,6.544688522290589,0.6931471805599453,2,New / Promising Customers
15996.0,617.07,2,2010-12-08 15:59:00,1,6.426601719651701,1.0986122886681098,2,New / Promising Customers
15999.0,20.4,1,2009-12-04 12:31:00,370,3.0633909220278057,0.6931471805599453,1,At-Risk / Lost Customers
16001.0,583.39,1,2010-11-23 17:10:00,16,6.37056856816272,0.6931471805599453,2,New / Promising Customers
16002.0,169.21,1,2010-03-24 13:08:00,260,5.137032968819882,0.6931471805599453,1,At-Risk / Lost Customers
16003.0,2878.46,5,2010-11-23 16:30:00,16,7.965358055549669,1.791759469228055,0,Champions/VIPs
16004.0,2146.39,5,2010-08-22 11:48:00,109,7.672008430194929,1.791759469228055,0,Champions/VIPs
16005.0,1786.3600000000001,6,2010-11-29 11:48:00,10,7.488494949822538,1.9459101490553132,0,Champions/VIPs
16006.0,231.42,1,2010-11-17 12:03:00,22,5.448546079794728,0.6931471805599453,2,New / Promising Customers
16007.0,1359.25,3,2010-11-21 12:29:00,18,7.215423785366035,1.3862943611198906,0,Champions/VIPs
16010.0,1302.46,8,2010-11-28 11:19:00,11,7.172777546289748,2.1972245773362196,0,Champions/VIPs
16012.0,1563.3,2,2010-11-03 13:47:00,36,7.355193718567724,1.0986122886681098,0,Champions/VIPs
16014.0,453.45,2,2010-10-27 16:04:00,43,6.119087896564779,1.0986122886681098,2,New / Promising Customers
16016.0,980.91,4,2010-12-08 12:36:00,1,6.8894996544598746,1.6094379124341003,0,Champions/VIPs
16017.0,1333.7,4,2010-10-18 12:58:00,52,7.196461826480106,1.6094379124341003,0,Champions/VIPs
16018.0,289.23,2,2010-11-08 15:36:00,31,5.670673712088448,1.0986122886681098,2,New / Promising Customers
16021.0,487.03,2,2010-11-09 14:48:00,30,6.1903768793734475,1.0986122886681098,2,New / Promising Customers
16024.0,232.96,2,2010-10-24 11:42:00,46,5.455150160574825,1.0986122886681098,2,New / Promising Customers
16027.0,1113.74,9,2010-09-08 12:44:00,92,7.016376472846134,2.302585092994046,0,Champions/VIPs
16028.0,82.2,1,2010-04-23 11:45:00,230,4.421247347827163,0.6931471805599453,1,At-Risk / Lost Customers
16032.0,1965.72,6,2010-09-09 18:00:00,91,7.5841224595020655,1.9459101490553132,0,Champions/VIPs
16033.0,1985.6299999999999,8,2010-12-05 10:36:00,4,7.594195014845126,2.1972245773362196,0,Champions/VIPs
16034.0,473.62,3,2010-11-10 11:32:00,29,6.162514483863872,1.3862943611198906,2,New / Promising Customers
16035.0,217.73,1,2010-05-28 15:09:00,195,5.387838092486448,0.6931471805599453,1,At-Risk / Lost Customers
16036.0,1797.92,2,2010-10-11 15:08:00,59,7.494941763812224,1.0986122886681098,0,Champions/VIPs
16037.0,654.32,2,2010-06-13 11:32:00,179,6.485123665952063,1.0986122886681098,1,At-Risk / Lost Customers
16039.0,456.4,2,2010-10-12 10:44:00,58,6.125558281588681,1.0986122886681098,2,New / Promising Customers
16040.0,1103.35,4,2010-10-05 11:09:00,65,7.0070122055794775,1.6094379124341003,0,Champions/VIPs
16042.0,1067.85,3,2010-11-25 18:16:00,14,6.97433858312529,1.3862943611198906,0,Champions/VIPs
16043.0,1082.6000000000001,4,2010-11-25 15:40:00,14,6.98804411021094,1.6094379124341003,0,Champions/VIPs
16044.0,340.84000000000003,1,2010-09-30 18:12:00,70,5.83434279133577,0.6931471805599453,2,New / Promising Customers
16045.0,2094.23,4,2010-10-19 10:23:00,51,7.647418611533148,1.6094379124341003,0,Champions/VIPs
16046.0,235.78,1,2010-05-26 13:18:00,197,5.46713143998349,0.6931471805599453,1,At-Risk / Lost Customers
16048.0,818.7900000000001,4,2010-12-01 15:28:00,8,6.709048209898743,1.6094379124341003,0,Champions/VIPs
16049.0,777.34,3,2010-11-29 14:36:00,10,6.657163446708698,1.3862943611198906,0,Champions/VIPs
16050.0,162.8,2,2010-11-21 14:52:00,18,5.098646171418969,1.0986122886681098,2,New / Promising Customers
16051.0,188.44,1,2010-01-27 09:38:00,316,5.244072351695641,0.6931471805599453,1,At-Risk / Lost Customers
16053.0,2122.89,4,2010-10-22 11:42:00,48,7.661004591943516,1.6094379124341003,0,Champions/VIPs
16054.0,1327.98,3,2010-10-17 11:38:00,53,7.1921670096910555,1.3862943611198906,0,Champions/VIPs
16057.0,1591.73,3,2010-07-08 11:33:00,154,7.373204804019313,1.3862943611198906,0,Champions/VIPs
16058.0,62.7,1,2010-10-29 16:48:00,41,4.154184562578117,0.6931471805599453,2,New / Promising Customers
16059.0,1718.66,7,2010-12-07 10:36:00,2,7.449881875848731,2.0794415416798357,0,Champions/VIPs
16060.0,541.95,3,2010-11-04 12:10:00,35,6.29701723466291,1.3862943611198906,2,New / Promising Customers
16061.0,89.65,1,2010-10-04 15:29:00,66,4.50700593720086,0.6931471805599453,2,New / Promising Customers
16062.0,1709.83,4,2010-11-25 19:06:00,14,7.444733911854839,1.6094379124341003,0,Champions/VIPs
16064.0,109.31,1,2009-12-14 16:11:00,360,4.7032945839812905,0.6931471805599453,1,At-Risk / Lost Customers
16065.0,1992.13,8,2010-12-09 13:03:00,0,7.597461546384569,2.1972245773362196,0,Champions/VIPs
16067.0,3269.11,3,2010-05-26 12:33:00,197,8.092578902469247,1.3862943611198906,0,Champions/VIPs
16068.0,115.73,1,2010-04-25 11:52:00,228,4.759863575664572,0.6931471805599453,1,At-Risk / Lost Customers
16069.0,457.7,1,2010-10-18 10:32:00,52,6.128396401603126,0.6931471805599453,2,New / Promising Customers
16071.0,750.5600000000001,3,2010-06-30 13:41:00,162,6.622151046325322,1.3862943611198906,0,Champions/VIPs
16072.0,3595.77,3,2010-10-07 16:48:00,63,8.187791499477202,1.3862943611198906,0,Champions/VIPs
16074.0,252.5,1,2010-11-14 13:19:00,25,5.535363823031238,0.6931471805599453,2,New / Promising Customers
16075.0,736.9300000000001,2,2010-07-25 11:31:00,137,6.6038489691533275,1.0986122886681098,2,New / Promising Customers
16077.0,2300.4,1,2010-03-24 10:42:00,260,7.741272912389358,0.6931471805599453,1,At-Risk / Lost Customers
16078.0,283.79,1,2010-02-08 13:29:00,304,5.651752066561817,0.6931471805599453,1,At-Risk / Lost Customers
16080.0,385.40000000000003,2,2010-11-19 08:18:00,20,5.956873102338363,1.0986122886681098,2,New / Promising Customers
16081.0,1637.14,4,2010-12-08 11:16:00,1,7.401316730846125,1.6094379124341003,0,Champions/VIPs
16082.0,106.75,1,2010-02-07 15:16:00,305,4.6798137289838575,0.6931471805599453,1,At-Risk / Lost Customers
16083.0,1033.8,2,2010-11-22 12:55:00,17,6.941963450311874,1.0986122886681098,2,New / Promising Customers
16085.0,1343.2,7,2010-11-24 14:21:00,15,7.203554319535866,2.0794415416798357,0,Champions/VIPs
16086.0,1743.6,6,2010-12-07 13:45:00,2,7.464280581999118,1.9459101490553132,0,Champions/VIPs
16087.0,1739.92,5,2010-11-15 16:44:00,24,7.462168988109326,1.791759469228055,0,Champions/VIPs
16088.0,1437.43,2,2010-05-13 10:16:00,210,7.271307520007092,1.0986122886681098,1,At-Risk / Lost Customers
16089.0,263.49,2,2010-11-18 13:51:00,21,5.5778034434002794,1.0986122886681098,2,New / Promising Customers
16090.0,180.56,1,2010-03-25 13:05:00,259,5.201586177588265,0.6931471805599453,1,At-Risk / Lost Customers
16092.0,770.08,3,2010-07-23 11:30:00,139,6.647792129529391,1.3862943611198906,0,Champions/VIPs
16094.0,2617.33,7,2010-11-29 15:54:00,10,7.8702919889463265,2.0794415416798357,0,Champions/VIPs
16095.0,447.05,1,2010-09-09 16:54:00,91,6.104904833330228,0.6931471805599453,2,New / Promising Customers
16096.0,1264.3500000000001,3,2010-10-19 15:03:00,51,7.143104042734709,1.3862943611198906,0,Champions/VIPs
16098.0,2435.67,8,2010-12-01 09:45:00,8,7.798387632063835,2.1972245773362196,0,Champions/VIPs
16099.0,841.3,4,2010-10-18 14:48:00,52,6.736136245321318,1.6094379124341003,0,Champions/VIPs
16100.0,582.64,1,2010-09-03 11:39:00,97,6.3692843543958215,0.6931471805599453,2,New / Promising Customers
16101.0,1938.46,3,2010-10-01 10:45:00,69,7.570164862795215,1.3862943611198906,0,Champions/VIPs
16104.0,2476.25,8,2010-10-17 10:34:00,53,7.814904352939009,2.1972245773362196,0,Champions/VIPs
16105.0,2049.23,4,2010-09-27 11:38:00,73,7.625707260961003,1.6094379124341003,0,Champions/VIPs
16108.0,1393.42,3,2010-10-01 15:10:00,69,7.2402338371895825,1.3862943611198906,0,Champions/VIPs
16109.0,327.6,1,2010-01-10 10:37:00,333,5.794841205603168,0.6931471805599453,1,At-Risk / Lost Customers
16110.0,460.64,1,2010-07-05 13:04:00,157,6.134785366552204,0.6931471805599453,1,At-Risk / Lost Customers
16111.0,549.33,1,2010-10-07 19:51:00,63,6.310518098298484,0.6931471805599453,2,New / Promising Customers
16115.0,892.92,4,2010-11-07 11:27:00,32,6.795616285710839,1.6094379124341003,0,Champions/VIPs
16117.0,422.19,2,2010-11-02 12:02:00,37,6.047821250775306,1.0986122886681098,2,New / Promising Customers
16119.0,1297.45,6,2010-11-10 13:40:00,29,7.1689265243930045,1.9459101490553132,0,Champions/VIPs
16120.0,1658.3700000000001,2,2010-10-13 15:22:00,57,7.41419329124309,1.0986122886681098,0,Champions/VIPs
16121.0,595.38,3,2010-11-14 11:41:00,25,6.390878047787711,1.3862943611198906,0,Champions/VIPs
16122.0,316.92,3,2010-12-08 11:41:00,1,5.761799778803507,1.3862943611198906,2,New / Promising Customers
16124.0,1523.49,3,2010-10-17 12:56:00,53,7.329415206879082,1.3862943611198906,0,Champions/VIPs
16127.0,145.06,1,2009-12-13 12:19:00,361,4.984017496191964,0.6931471805599453,1,At-Risk / Lost Customers
16128.0,1920.83,6,2010-11-24 15:26:00,15,7.56103313608661,1.9459101490553132,0,Champions/VIPs
16129.0,1396.05,3,2010-10-28 14:29:00,42,7.242118149597153,1.3862943611198906,0,Champions/VIPs
16130.0,987.48,4,2010-10-13 15:14:00,57,6.896168409730217,1.6094379124341003,0,Champions/VIPs
16132.0,664.1999999999999,2,2010-06-13 13:49:00,179,6.500087747318773,1.0986122886681098,1,At-Risk / Lost Customers
16134.0,1527.25,3,2010-10-12 10:44:00,58,7.331878568908834,1.3862943611198906,0,Champions/VIPs
16135.0,301.9,1,2010-05-05 09:35:00,218,5.713402718033191,0.6931471805599453,1,At-Risk / Lost Customers
16136.0,237.42,1,2010-02-14 12:49:00,298,5.474033824289855,0.6931471805599453,1,At-Risk / Lost Customers
16137.0,422.7,1,2010-01-28 15:04:00,315,6.049025657632513,0.6931471805599453,1,At-Risk / Lost Customers
16138.0,910.35,3,2010-11-26 12:13:00,13,6.814927016670943,1.3862943611198906,0,Champions/VIPs
16139.0,475.74,2,2009-12-17 11:24:00,357,6.166971268906583,1.0986122886681098,1,At-Risk / Lost Customers
16140.0,832.4200000000001,2,2010-12-03 14:40:00,6,6.725537716780558,1.0986122886681098,2,New / Promising Customers
16141.0,335.54,1,2010-10-18 14:12:00,52,5.8187170127483006,0.6931471805599453,2,New / Promising Customers
16143.0,2485.89,7,2010-12-05 15:18:00,4,7.818788212829251,2.0794415416798357,0,Champions/VIPs
16145.0,3005.9500000000003,8,2010-11-16 15:58:00,23,8.008681554981978,2.1972245773362196,0,Champions/VIPs
16146.0,212.25,1,2010-09-17 10:46:00,83,5.3624651863717885,0.6931471805599453,2,New / Promising Customers
16147.0,2023.91,4,2010-11-04 14:56:00,35,7.613280534108512,1.6094379124341003,0,Champions/VIPs
16148.0,310.3,1,2010-09-29 10:12:00,71,5.7407570774475625,0.6931471805599453,2,New / Promising Customers
16149.0,141.70000000000002,1,2010-10-06 15:54:00,64,4.960744524482791,0.6931471805599453,2,New / Promising Customers
16150.0,2342.57,6,2010-12-02 18:27:00,7,7.75943068676945,1.9459101490553132,0,Champions/VIPs
16153.0,3309.2599999999998,6,2010-10-15 09:29:00,55,8.104782015135173,1.9459101490553132,0,Champions/VIPs
16155.0,796.9,5,2010-11-23 12:03:00,16,6.681983276314235,1.791759469228055,0,Champions/VIPs
16156.0,3096.14,11,2010-11-22 09:57:00,17,8.038234383988618,2.4849066497880004,0,Champions/VIPs
16158.0,628.32,9,2010-07-05 13:55:00,157,6.444639871372223,2.302585092994046,0,Champions/VIPs
16159.0,884.59,3,2010-08-26 13:40:00,105,6.78625408955109,1.3862943611198906,0,Champions/VIPs
16163.0,1992.98,5,2010-12-09 16:28:00,0,7.597887920381211,1.791759469228055,0,Champions/VIPs
16165.0,79.9,1,2010-07-22 14:17:00,140,4.393213824064446,0.6931471805599453,1,At-Risk / Lost Customers
16166.0,435.83,2,2010-10-07 15:44:00,63,6.079544103390923,1.0986122886681098,2,New / Promising Customers
16167.0,1265.16,5,2010-10-21 15:33:00,49,7.143743977025028,1.791759469228055,0,Champions/VIPs
16172.0,744.34,3,2010-08-23 13:53:00,108,6.613840490110706,1.3862943611198906,0,Champions/VIPs
16174.0,1237.2,4,2010-08-05 12:33:00,126,7.121413991085132,1.6094379124341003,0,Champions/VIPs
16175.0,798.85,3,2010-08-25 11:58:00,106,6.684424210087605,1.3862943611198906,0,Champions/VIPs
16176.0,2052.69,4,2010-10-14 13:54:00,56,7.627393454073833,1.6094379124341003,0,Champions/VIPs
16177.0,1915.36,7,2010-09-29 10:12:00,71,7.558182832321921,2.0794415416798357,0,Champions/VIPs
16178.0,414.7,1,2010-11-03 14:46:00,36,6.029963846258592,0.6931471805599453,2,New / Promising Customers
16182.0,3354.0,5,2010-09-27 09:41:00,73,8.118207049405783,1.791759469228055,0,Champions/VIPs
16183.0,739.1,3,2010-11-10 11:12:00,29,6.606785312203421,1.3862943611198906,0,Champions/VIPs
16185.0,115.31,1,2010-05-24 11:04:00,199,4.7562590403509475,0.6931471805599453,1,At-Risk / Lost Customers
16188.0,105.80000000000001,1,2010-10-27 11:50:00,43,4.6709579265260945,0.6931471805599453,2,New / Promising Customers
16190.0,2508.4700000000003,7,2010-11-10 09:43:00,29,7.827826854450908,2.0794415416798357,0,Champions/VIPs
16192.0,351.3,1,2009-12-04 12:28:00,370,5.864483085347192,0.6931471805599453,1,At-Risk / Lost Customers
16193.0,315.98,1,2010-10-25 10:25:00,45,5.7588386804042795,0.6931471805599453,2,New / Promising Customers
16194.0,308.59999999999997,1,2010-11-29 13:28:00,10,5.735281141715572,0.6931471805599453,2,New / Promising Customers
16195.0,323.25,1,2009-12-16 14:09:00,358,5.781514823196553,0.6931471805599453,1,At-Risk / Lost Customers
16196.0,93.3,1,2010-08-08 11:40:00,123,4.546481189639412,0.6931471805599453,2,New / Promising Customers
16197.0,2016.71,9,2010-08-27 12:56:00,104,7.609718483946528,2.302585092994046,0,Champions/VIPs
16198.0,629.36,1,2010-09-28 13:59:00,72,6.44629108475387,0.6931471805599453,2,New / Promising Customers
16199.0,942.75,7,2010-11-12 12:55:00,27,6.8498613005632345,2.0794415416798357,0,Champions/VIPs
16201.0,248.65,1,2010-10-20 12:00:00,50,5.520059936946618,0.6931471805599453,2,New / Promising Customers
16202.0,2136.72,8,2010-10-18 14:10:00,52,7.667495119491214,2.1972245773362196,0,Champions/VIPs
16203.0,521.64,3,2010-12-02 15:39:00,7,6.258892890532495,1.3862943611198906,2,New / Promising Customers
16204.0,534.53,2,2010-11-24 15:03:00,15,6.28325691072757,1.0986122886681098,2,New / Promising Customers
16205.0,1062.48,3,2010-11-08 12:17:00,31,6.969301828633653,1.3862943611198906,0,Champions/VIPs
16206.0,2040.06,9,2010-11-17 10:06:00,22,7.621224559731989,2.302585092994046,0,Champions/VIPs
16208.0,2776.19,8,2010-11-10 13:09:00,29,7.92919490412368,2.1972245773362196,0,Champions/VIPs
16209.0,1884.16,4,2010-11-22 14:39:00,17,7.541767976916558,1.6094379124341003,0,Champions/VIPs
16211.0,543.5699999999999,2,2010-10-14 13:20:00,56,6.2999964924204805,1.0986122886681098,2,New / Promising Customers
16212.0,603.37,2,2010-03-31 12:16:00,253,6.40418659316403,1.0986122886681098,1,At-Risk / Lost Customers
16214.0,975.5,1,2010-09-30 13:57:00,70,6.8839747503167334,0.6931471805599453,2,New / Promising Customers
16218.0,1355.29,7,2010-12-01 11:29:00,8,7.2125083099414145,2.0794415416798357,0,Champions/VIPs
16219.0,40.8,1,2010-07-27 11:44:00,135,3.7328963395307104,0.6931471805599453,1,At-Risk / Lost Customers
16221.0,1324.35,7,2010-12-07 13:13:00,2,7.189431854482001,2.0794415416798357,0,Champions/VIPs
16222.0,498.5,1,2009-12-18 14:31:00,356,6.2136075980886085,0.6931471805599453,1,At-Risk / Lost Customers
16223.0,1087.05,2,2010-11-30 11:50:00,9,6.992142382242301,1.0986122886681098,2,New / Promising Customers
16224.0,321.24,1,2010-11-17 13:14:00,22,5.775296609530198,0.6931471805599453,2,New / Promising Customers
16225.0,1762.99,10,2010-11-02 15:39:00,37,7.475333567616428,2.3978952727983707,0,Champions/VIPs
16226.0,417.05,2,2010-11-26 13:36:00,13,6.035601042596067,1.0986122886681098,2,New / Promising Customers
16227.0,713.0,2,2010-08-02 14:16:00,129,6.570882962339584,1.0986122886681098,2,New / Promising Customers
16228.0,885.71,3,2010-11-19 14:20:00,20,6.78751798409388,1.3862943611198906,0,Champions/VIPs
16229.0,1857.26,4,2010-11-23 12:01:00,16,7.5273958449981615,1.6094379124341003,0,Champions/VIPs
16231.0,1074.47,4,2010-11-25 15:00:00,14,6.98051305431595,1.6094379124341003,0,Champions/VIPs
16232.0,1722.09,3,2010-10-15 16:00:00,55,7.45187446963851,1.3862943611198906,0,Champions/VIPs
16233.0,1429.03,7,2010-12-08 12:51:00,1,7.265450702054875,2.0794415416798357,0,Champions/VIPs
16234.0,333.18,3,2010-08-20 14:33:00,111,5.8116797699659974,1.3862943611198906,2,New / Promising Customers
16235.0,1186.4,4,2010-11-29 09:22:00,10,7.079521321836575,1.6094379124341003,0,Champions/VIPs
16237.0,136.65,1,2010-09-28 17:02:00,72,4.9247142315886165,0.6931471805599453,2,New / Promising Customers
16238.0,63.66,1,2010-10-13 12:36:00,57,4.169142772297287,0.6931471805599453,2,New / Promising Customers
16239.0,1078.0,4,2010-11-22 16:27:00,17,6.983789965258135,1.6094379124341003,0,Champions/VIPs
16241.0,1677.15,4,2010-12-05 11:04:00,4,7.425447275165405,1.6094379124341003,0,Champions/VIPs
16244.0,1056.63,1,2010-12-02 11:41:00,7,6.963785834807063,0.6931471805599453,2,New / Promising Customers
16246.0,821.35,2,2010-09-06 12:04:00,94,6.712166095187278,1.0986122886681098,2,New / Promising Customers
16250.0,401.94,2,2010-12-01 09:59:00,8,5.998787667487763,1.0986122886681098,2,New / Promising Customers
16251.0,128.31,1,2010-07-15 14:55:00,147,4.86221262230776,0.6931471805599453,1,At-Risk / Lost Customers
16252.0,295.09000000000003,1,2010-11-22 11:57:00,17,5.690663462163048,0.6931471805599453,2,New / Promising Customers
16253.0,3538.34,5,2010-10-15 14:51:00,55,8.17169554806763,1.791759469228055,0,Champions/VIPs
16254.0,967.44,3,2010-11-26 13:22:00,13,6.875686529456631,1.3862943611198906,0,Champions/VIPs
16255.0,2284.34,8,2010-12-09 14:25:00,0,7.73427008875811,2.1972245773362196,0,Champions/VIPs
16256.0,826.9399999999999,2,2010-08-03 08:58:00,128,6.718940687991518,1.0986122886681098,2,New / Promising Customers
16259.0,340.94,3,2010-10-25 14:27:00,45,5.834635283074963,1.3862943611198906,2,New / Promising Customers
16261.0,312.62,2,2010-11-18 19:22:00,21,5.748182061952885,1.0986122886681098,2,New / Promising Customers
16262.0,755.15,1,2010-11-26 13:22:00,13,6.62823976919675,0.6931471805599453,2,New / Promising Customers
16263.0,348.16,1,2010-10-12 14:52:00,58,5.855530269867149,0.6931471805599453,2,New / Promising Customers
16264.0,823.53,2,2010-09-27 15:00:00,73,6.714813527026006,1.0986122886681098,2,New / Promising Customers
16265.0,1338.17,3,2010-11-18 10:06:00,21,7.199805298050603,1.3862943611198906,0,Champions/VIPs
16266.0,896.06,7,2010-10-12 17:20:00,58,6.7991227494538915,2.0794415416798357,0,Champions/VIPs
16267.0,186.66,1,2010-04-27 14:10:00,226,5.2346318148619035,0.6931471805599453,1,At-Risk / Lost Customers
16269.0,717.57,1,2010-09-28 11:50:00,72,6.577263125964925,0.6931471805599453,2,New / Promising Customers
16271.0,1978.18,4,2010-08-26 09:35:00,105,7.590437896494199,1.6094379124341003,0,Champions/VIPs
16273.0,318.34000000000003,2,2010-03-01 13:24:00,283,5.7662563659115555,1.0986122886681098,1,At-Risk / Lost Customers
16274.0,331.55,1,2010-12-01 15:35:00,8,5.80679022473043,0.6931471805599453,2,New / Promising Customers
16275.0,1591.24,2,2010-08-22 11:28:00,109,7.372897108810965,1.0986122886681098,0,Champions/VIPs
16276.0,1818.79,2,2010-08-17 13:40:00,114,7.50647638879814,1.0986122886681098,0,Champions/VIPs
16277.0,188.69,1,2009-12-06 11:27:00,368,5.245391160738632,0.6931471805599453,1,At-Risk / Lost Customers
16278.0,551.46,2,2010-08-16 13:38:00,115,6.314381032580987,1.0986122886681098,2,New / Promising Customers
16280.0,238.05,1,2009-12-14 15:49:00,360,5.476672735072112,0.6931471805599453,1,At-Risk / Lost Customers
16281.0,1361.96,2,2010-10-12 09:01:00,58,7.217414084237287,1.0986122886681098,0,Champions/VIPs
16282.0,1139.28,2,2010-08-09 10:27:00,122,7.03902912526544,1.0986122886681098,2,New / Promising Customers
16283.0,2779.51,3,2010-10-17 16:17:00,53,7.930389643096605,1.3862943611198906,0,Champions/VIPs
16284.0,205.8,1,2010-11-11 13:27:00,28,5.331752142634274,0.6931471805599453,2,New / Promising Customers
16285.0,176.9,1,2010-03-03 16:03:00,281,5.18122159467179,0.6931471805599453,1,At-Risk / Lost Customers
16286.0,328.95,2,2010-08-19 14:48:00,112,5.798941127829431,1.0986122886681098,2,New / Promising Customers
16287.0,864.48,4,2010-11-28 14:43:00,11,6.7632842663192285,1.6094379124341003,0,Champions/VIPs
16288.0,129.85,1,2010-08-26 14:45:00,105,4.874051628976154,0.6931471805599453,2,New / Promising Customers
16289.0,136.31,1,2010-09-03 14:02:00,97,4.92224114333366,0.6931471805599453,2,New / Promising Customers
16290.0,1957.7,4,2010-09-01 11:52:00,99,7.580036266860698,1.6094379124341003,0,Champions/VIPs
16292.0,951.51,4,2010-11-24 13:21:00,15,6.859100605633409,1.6094379124341003,0,Champions/VIPs
16293.0,2408.96,6,2010-12-07 15:02:00,2,7.787365428836587,1.9459101490553132,0,Champions/VIPs
16294.0,126.05000000000001,1,2010-08-20 12:01:00,111,4.8445807097661735,0.6931471805599453,2,New / Promising Customers
16296.0,1313.67,4,2010-03-23 13:11:00,261,7.181340962548159,1.6094379124341003,0,Champions/VIPs
16298.0,487.5,4,2010-11-07 14:32:00,32,6.191339471482838,1.6094379124341003,0,Champions/VIPs
16299.0,193.65,1,2010-08-19 17:46:00,112,5.271203074056465,0.6931471805599453,2,New / Promising Customers
16300.0,1367.32,3,2010-10-05 13:14:00,65,7.221338988956571,1.3862943611198906,0,Champions/VIPs
16301.0,107.33,1,2009-12-03 10:20:00,371,4.6851821239574765,0.6931471805599453,1,At-Risk / Lost Customers
16303.0,2567.64,4,2010-11-12 15:05:00,27,7.851131854943212,1.6094379124341003,0,Champions/VIPs
16304.0,381.66,1,2010-01-14 08:30:00,329,5.9471468664568565,0.6931471805599453,1,At-Risk / Lost Customers
16306.0,560.55,2,2010-12-07 15:18:00,2,6.330700817409045,1.0986122886681098,2,New / Promising Customers
16307.0,1194.92,3,2010-10-06 14:31:00,64,7.0866710426412585,1.3862943611198906,0,Champions/VIPs
16310.0,460.08,2,2010-10-21 14:47:00,49,6.133571563732811,1.0986122886681098,2,New / Promising Customers
16312.0,171.15,1,2010-10-03 14:15:00,67,5.148366189784533,0.6931471805599453,2,New / Promising Customers
16314.0,1491.4,3,2010-11-15 12:06:00,24,7.308140841347003,1.3862943611198906,0,Champions/VIPs
16315.0,176.34,1,2010-06-21 13:53:00,171,5.178068793951861,0.6931471805599453,1,At-Risk / Lost Customers
16316.0,2806.0,5,2010-11-24 08:35:00,15,7.939871576361883,1.791759469228055,0,Champions/VIPs
16317.0,850.86,2,2010-06-07 14:24:00,185,6.747422194078602,1.0986122886681098,1,At-Risk / Lost Customers
16321.0,230.9,2,2010-03-23 16:01:00,261,5.446306244261486,1.0986122886681098,1,At-Risk / Lost Customers
16323.0,146.16,1,2010-05-11 09:48:00,212,4.991520430236574,0.6931471805599453,1,At-Risk / Lost Customers
16325.0,3003.26,9,2010-10-11 09:40:00,59,8.00778656040366,2.302585092994046,0,Champions/VIPs
16326.0,1587.03,10,2010-11-21 11:03:00,18,7.370249533316293,2.3978952727983707,0,Champions/VIPs
16328.0,310.83,1,2010-05-25 14:02:00,198,5.742458167518031,0.6931471805599453,1,At-Risk / Lost Customers
16329.0,1664.92,4,2010-10-08 12:44:00,62,7.418132802366146,1.6094379124341003,0,Champions/VIPs
16330.0,373.46999999999997,4,2010-10-11 14:59:00,59,5.925511692939473,1.6094379124341003,0,Champions/VIPs
16331.0,2037.7,6,2010-10-03 13:47:00,67,7.620067628803093,1.9459101490553132,0,Champions/VIPs
16332.0,414.69,4,2010-10-04 13:13:00,66,6.029939790159768,1.6094379124341003,0,Champions/VIPs
16334.0,263.73,1,2010-08-04 16:38:00,127,5.578710438662941,0.6931471805599453,2,New / Promising Customers
16335.0,2753.52,7,2010-06-06 11:35:00,186,7.9209984777323,2.0794415416798357,0,Champions/VIPs
16336.0,3517.69,4,2010-10-15 12:32:00,55,8.165844040232853,1.6094379124341003,0,Champions/VIPs
16340.0,961.93,2,2010-09-26 12:51:00,74,6.869980719644173,1.0986122886681098,2,New / Promising Customers
16341.0,1878.92,3,2010-09-28 17:55:00,72,7.538984501727093,1.3862943611198906,0,Champions/VIPs
16343.0,285.54,1,2010-10-28 14:15:00,42,5.6578781424652265,0.6931471805599453,2,New / Promising Customers
16344.0,741.3199999999999,3,2010-07-18 11:31:00,144,6.609780417044924,1.3862943611198906,0,Champions/VIPs
16345.0,613.33,1,2010-08-13 17:13:00,118,6.420532243051019,0.6931471805599453,2,New / Promising Customers
16346.0,224.51,1,2010-11-19 15:55:00,20,5.418364503857487,0.6931471805599453,2,New / Promising Customers
16347.0,2595.51,9,2010-11-16 14:15:00,23,7.861923514615297,2.302585092994046,0,Champions/VIPs
16348.0,328.77,1,2010-10-05 13:57:00,65,5.798395441767263,0.6931471805599453,2,New / Promising Customers
16350.0,1137.42,5,2010-11-30 12:31:00,9,7.037396615138535,1.791759469228055,0,Champions/VIPs
16354.0,723.66,3,2010-11-25 12:18:00,14,6.585702579338713,1.3862943611198906,0,Champions/VIPs
16355.0,416.35,1,2010-11-29 14:21:00,10,6.033925198296746,0.6931471805599453,2,New / Promising Customers
16356.0,204.10000000000002,3,2010-11-28 15:25:00,11,5.323497665078335,1.3862943611198906,2,New / Promising Customers
16357.0,209.49,1,2010-11-23 18:52:00,16,5.349438146055751,0.6931471805599453,2,New / Promising Customers
16358.0,892.1500000000001,1,2010-11-10 11:36:00,29,6.794754539894893,0.6931471805599453,2,New / Promising Customers
16359.0,946.83,7,2010-11-28 12:49:00,11,6.854175161279875,2.0794415416798357,0,Champions/VIPs
16362.0,212.17,1,2010-09-28 09:24:00,72,5.362089969445103,0.6931471805599453,2,New / Promising Customers
16365.0,1766.78,7,2010-12-07 17:19:00,2,7.477479801065847,2.0794415416798357,0,Champions/VIPs
16366.0,1220.83,3,2010-05-06 13:28:00,217,7.108105013851038,1.3862943611198906,0,Champions/VIPs
16367.0,549.8100000000001,1,2010-11-21 13:23:00,18,6.3113899221000045,0.6931471805599453,2,New / Promising Customers
16368.0,141.53,1,2010-09-30 11:30:00,70,4.95955250386694,0.6931471805599453,2,New / Promising Customers
16369.0,1111.15,4,2010-09-29 13:47:00,71,7.014050357799739,1.6094379124341003,0,Champions/VIPs
16371.0,157.2,1,2010-09-17 12:09:00,83,5.063860055333554,0.6931471805599453,2,New / Promising Customers
16372.0,934.58,3,2010-10-26 12:54:00,44,6.841166657824849,1.3862943611198906,0,Champions/VIPs
16373.0,309.49,2,2010-11-22 15:50:00,17,5.738151694735743,1.0986122886681098,2,New / Promising Customers
16374.0,1250.77,3,2010-11-02 13:27:00,37,7.1323138287137295,1.3862943611198906,0,Champions/VIPs
16375.0,104.0,2,2010-08-26 14:25:00,105,4.653960350157523,1.0986122886681098,2,New / Promising Customers
16377.0,106.2,1,2010-04-01 10:36:00,252,4.674696248636701,0.6931471805599453,1,At-Risk / Lost Customers
16381.0,247.85,2,2010-11-09 09:56:00,30,5.516850305304563,1.0986122886681098,2,New / Promising Customers
16382.0,353.1,2,2010-10-27 16:23:00,43,5.869579359117858,1.0986122886681098,2,New / Promising Customers
16383.0,2244.23,5,2010-11-08 14:48:00,31,7.716563244817364,1.791759469228055,0,Champions/VIPs
16384.0,774.4499999999999,2,2010-10-06 12:49:00,64,6.653443506005462,1.0986122886681098,2,New / Promising Customers
16385.0,473.69,3,2010-12-08 12:56:00,1,6.162661959399002,1.3862943611198906,2,New / Promising Customers
16386.0,765.59,1,2010-11-17 11:19:00,22,6.641952108248798,0.6931471805599453,2,New / Promising Customers
16387.0,788.1,4,2010-11-09 09:02:00,30,6.67089305552699,1.6094379124341003,0,Champions/VIPs
16388.0,186.05,1,2010-02-24 10:20:00,288,5.231375960794155,0.6931471805599453,1,At-Risk / Lost Customers
16390.0,467.5,3,2010-06-21 10:11:00,171,6.149536101678477,1.3862943611198906,1,At-Risk / Lost Customers
16391.0,1048.86,4,2010-11-04 12:27:00,35,6.956412100928556,1.6094379124341003,0,Champions/VIPs
16392.0,537.56,2,2010-10-22 11:40:00,48,6.288898911002441,1.0986122886681098,2,New / Promising Customers
16393.0,2441.61,11,2010-12-05 13:10:00,4,7.800822418726806,2.4849066497880004,0,Champions/VIPs
16395.0,2035.5,9,2010-11-11 12:18:00,28,7.618987927088467,2.302585092994046,0,Champions/VIPs
16396.0,137.8,1,2010-08-20 14:17:00,111,4.933034048072704,0.6931471805599453,2,New / Promising Customers
16397.0,123.13,1,2010-03-21 15:36:00,263,4.821329403527856,0.6931471805599453,1,At-Risk / Lost Customers
16399.0,222.20000000000002,1,2010-11-15 15:03:00,24,5.408068230507156,0.6931471805599453,2,New / Promising Customers
16400.0,2755.92,8,2010-11-09 14:11:00,30,7.921869393555279,2.1972245773362196,0,Champions/VIPs
16401.0,2749.13,11,2010-11-25 08:20:00,14,7.919403462270569,2.4849066497880004,0,Champions/VIPs
16402.0,205.65,1,2010-12-05 13:42:00,4,5.331026540957741,0.6931471805599453,2,New / Promising Customers
16406.0,374.01,2,2010-09-15 11:53:00,85,5.926952692281528,1.0986122886681098,2,New / Promising Customers
16407.0,681.97,4,2010-11-15 16:56:00,24,6.526450934740809,1.6094379124341003,0,Champions/VIPs
16408.0,231.93,1,2010-04-27 14:08:00,226,5.450737979243263,0.6931471805599453,1,At-Risk / Lost Customers
16409.0,3629.76,7,2010-11-24 13:25:00,15,8.197197271735996,2.0794415416798357,0,Champions/VIPs
16410.0,130.32,1,2009-12-05 14:51:00,369,4.877637092633392,0.6931471805599453,1,At-Risk / Lost Customers
16411.0,673.24,3,2010-12-05 13:26:00,4,6.513586130615824,1.3862943611198906,0,Champions/VIPs
16412.0,457.2,4,2010-11-11 11:52:00,28,6.127305770019395,1.6094379124341003,0,Champions/VIPs
16413.0,259.83,1,2010-11-29 12:49:00,10,5.563868854111823,0.6931471805599453,2,New / Promising Customers
16414.0,424.96000000000004,3,2010-10-04 12:19:00,66,6.054345445147183,1.3862943611198906,2,New / Promising Customers
16415.0,496.49,2,2010-05-05 11:51:00,218,6.209575455894117,1.0986122886681098,1,At-Risk / Lost Customers
16416.0,1906.48,6,2010-11-14 13:24:00,25,7.553538278175728,1.9459101490553132,0,Champions/VIPs
16417.0,35.7,1,2010-08-04 09:08:00,127,3.6027767550605247,0.6931471805599453,1,At-Risk / Lost Customers
16418.0,397.62,2,2010-10-27 12:55:00,43,5.988008582134592,1.0986122886681098,2,New / Promising Customers
16419.0,504.99,2,2010-05-11 12:18:00,212,6.226516906246328,1.0986122886681098,1,At-Risk / Lost Customers
16420.0,75.0,1,2010-11-08 15:15:00,31,4.330733340286331,0.6931471805599453,2,New / Promising Customers
16421.0,526.27,3,2010-11-28 13:31:00,11,6.26771275130897,1.3862943611198906,2,New / Promising Customers
16424.0,309.5,1,2010-11-22 11:24:00,17,5.738183901373533,0.6931471805599453,2,New / Promising Customers
16428.0,638.49,3,2010-10-22 12:22:00,48,6.4606709836800595,1.3862943611198906,0,Champions/VIPs
16430.0,802.09,5,2010-11-23 14:53:00,16,6.688466787367422,1.791759469228055,0,Champions/VIPs
16433.0,200.26,1,2010-10-27 12:26:00,43,5.3045976045051875,0.6931471805599453,2,New / Promising Customers
16434.0,1161.89,5,2010-09-19 13:36:00,81,7.058663565070348,1.791759469228055,0,Champions/VIPs
16435.0,1003.0699999999999,3,2010-07-15 18:22:00,147,6.911817018936809,1.3862943611198906,0,Champions/VIPs
16436.0,319.14,3,2010-02-09 13:19:00,303,5.768758400118552,1.3862943611198906,1,At-Risk / Lost Customers
16437.0,301.25,2,2010-11-23 16:59:00,16,5.711254489494902,1.0986122886681098,2,New / Promising Customers
16439.0,310.70000000000005,1,2009-12-17 14:22:00,357,5.7420411867732915,0.6931471805599453,1,At-Risk / Lost Customers
16440.0,216.3,1,2010-08-03 11:32:00,128,5.381278887262384,0.6931471805599453,2,New / Promising Customers
16441.0,631.98,3,2010-10-18 12:57:00,52,6.450438826068406,1.3862943611198906,0,Champions/VIPs
16442.0,282.68,2,2010-04-14 13:35:00,239,5.647846842325897,1.0986122886681098,1,At-Risk / Lost Customers
16443.0,162.24,1,2010-07-07 11:57:00,155,5.095221510537605,0.6931471805599453,1,At-Risk / Lost Customers
16445.0,352.65,3,2010-11-18 11:37:00,21,5.8683077234819985,1.3862943611198906,2,New / Promising Customers
16447.0,471.19,2,2010-04-28 13:21:00,225,6.157381446959992,1.0986122886681098,1,At-Risk / Lost Customers
16448.0,178.13,1,2010-08-25 16:58:00,106,5.188111799227011,0.6931471805599453,2,New / Promising Customers
16450.0,1193.81,2,2010-05-04 13:43:00,219,7.0857424559085365,1.0986122886681098,1,At-Risk / Lost Customers
16451.0,746.1800000000001,2,2010-05-27 17:56:00,196,6.616306119961112,1.0986122886681098,1,At-Risk / Lost Customers
16452.0,332.17,2,2010-03-19 12:39:00,265,5.808652870224797,1.0986122886681098,1,At-Risk / Lost Customers
16453.0,251.71,2,2010-06-27 12:46:00,165,5.532242586226923,1.0986122886681098,1,At-Risk / Lost Customers
16454.0,1.55,1,2010-04-07 15:54:00,246,0.9360933591703349,0.6931471805599453,1,At-Risk / Lost Customers
16455.0,2535.69,6,2010-12-03 16:45:00,6,7.838615360568444,1.9459101490553132,0,Champions/VIPs
16459.0,71.78999999999999,1,2009-12-10 12:42:00,364,4.287578583130166,0.6931471805599453,1,At-Risk / Lost Customers
16461.0,1396.91,2,2010-04-28 11:54:00,225,7.24273354303902,1.0986122886681098,1,At-Risk / Lost Customers
16465.0,746.24,2,2010-10-15 09:27:00,55,6.616386418672361,1.0986122886681098,2,New / Promising Customers
16466.0,2171.13,8,2010-11-21 11:30:00,18,7.683463531933077,2.1972245773362196,0,Champions/VIPs
16467.0,2161.7599999999998,7,2010-07-19 11:49:00,143,7.679140462792714,2.0794415416798357,0,Champions/VIPs
16468.0,712.62,2,2010-08-26 16:36:00,105,6.570350607778883,1.0986122886681098,2,New / Promising Customers
16469.0,178.48000000000002,1,2010-07-13 13:17:00,149,5.190063781107782,0.6931471805599453,1,At-Risk / Lost Customers
16470.0,1664.08,7,2010-11-08 12:28:00,31,7.417628449308322,2.0794415416798357,0,Champions/VIPs
16471.0,966.03,3,2010-11-11 15:47:00,28,6.874229518756969,1.3862943611198906,0,Champions/VIPs
16472.0,789.6,2,2010-10-01 13:56:00,69,6.672792150862585,1.0986122886681098,2,New / Promising Customers
16473.0,154.72,1,2010-11-30 16:29:00,9,5.048059522742255,0.6931471805599453,2,New / Promising Customers
16476.0,350.35,1,2010-10-04 10:29:00,66,5.861782877638206,0.6931471805599453,2,New / Promising Customers
16477.0,1825.56,5,2010-12-03 12:48:00,6,7.5101896954083625,1.791759469228055,0,Champions/VIPs
16481.0,453.38,1,2010-01-26 13:09:00,317,6.118933852353786,0.6931471805599453,1,At-Risk / Lost Customers
16485.0,1923.54,4,2010-10-03 15:30:00,67,7.562442257127185,1.6094379124341003,0,Champions/VIPs
16486.0,134.36,1,2010-06-20 12:16:00,172,4.907937895857914,0.6931471805599453,1,At-Risk / Lost Customers
16487.0,209.4,2,2010-05-11 13:38:00,212,5.349010480863555,1.0986122886681098,1,At-Risk / Lost Customers
16489.0,303.7,2,2010-11-24 14:40:00,15,5.719327685991663,1.0986122886681098,2,New / Promising Customers
16490.0,205.41000000000003,1,2010-09-29 16:30:00,71,5.329864482046166,0.6931471805599453,2,New / Promising Customers
16491.0,801.66,1,2010-10-22 15:42:00,48,6.6879312120782695,0.6931471805599453,2,New / Promising Customers
16492.0,385.56,1,2010-06-17 08:20:00,175,5.957287095306396,0.6931471805599453,1,At-Risk / Lost Customers
16493.0,780.46,3,2010-09-21 12:37:00,79,6.661163964930364,1.3862943611198906,0,Champions/VIPs
16496.0,731.25,3,2010-10-04 12:34:00,66,6.596121985707843,1.3862943611198906,0,Champions/VIPs
16499.0,2212.89,6,2010-11-30 12:19:00,9,7.702506428204128,1.9459101490553132,0,Champions/VIPs
16500.0,443.05,3,2010-11-30 09:46:00,9,6.095937168704513,1.3862943611198906,2,New / Promising Customers
16501.0,1191.23,1,2010-11-21 14:10:00,18,7.0835807820323895,0.6931471805599453,2,New / Promising Customers
16502.0,258.55,2,2010-03-29 13:44:00,255,5.558949362273238,1.0986122886681098,1,At-Risk / Lost Customers
16503.0,2182.41,7,2010-11-09 09:34:00,30,7.6886431538485045,2.0794415416798357,0,Champions/VIPs
16507.0,142.71,1,2010-05-16 12:56:00,207,4.9677973800861555,0.6931471805599453,1,At-Risk / Lost Customers
16508.0,240.95,1,2010-03-19 13:41:00,265,5.488731093239328,0.6931471805599453,1,At-Risk / Lost Customers
16510.0,1757.25,6,2010-12-02 13:39:00,7,7.4720742751881275,1.9459101490553132,0,Champions/VIPs
16511.0,842.16,3,2010-11-07 15:30:00,32,6.737156738331694,1.3862943611198906,0,Champions/VIPs
16515.0,1554.92,5,2010-11-25 12:34:00,14,7.34982228953485,1.791759469228055,0,Champions/VIPs
16518.0,475.05,2,2010-10-14 12:14:00,56,6.1655228907317,1.0986122886681098,2,New / Promising Customers
16519.0,327.68,3,2010-12-09 14:08:00,0,5.795084633062987,1.3862943611198906,2,New / Promising Customers
16520.0,1427.57,4,2010-12-09 13:08:00,0,7.264429222920369,1.6094379124341003,0,Champions/VIPs
16521.0,1136.36,3,2010-10-20 13:09:00,50,7.036465066327443,1.3862943611198906,0,Champions/VIPs
16522.0,433.36,2,2010-09-30 10:54:00,70,6.0738736833487,1.0986122886681098,2,New / Promising Customers
16523.0,2497.86,7,2010-10-20 12:42:00,50,7.823589906856675,2.0794415416798357,0,Champions/VIPs
16524.0,306.19,2,2010-09-19 13:37:00,81,5.727466448660353,1.0986122886681098,2,New / Promising Customers
16526.0,426.85,1,2010-05-04 16:34:00,219,6.058772666864064,0.6931471805599453,1,At-Risk / Lost Customers
16527.0,1004.88,1,2010-10-11 13:25:00,59,6.9136180592505125,0.6931471805599453,2,New / Promising Customers
16529.0,1531.55,3,2010-08-19 12:48:00,112,7.334688293705542,1.3862943611198906,0,Champions/VIPs
16530.0,48.349999999999994,1,2010-02-09 15:30:00,303,3.8989377658794906,0.6931471805599453,1,At-Risk / Lost Customers
16531.0,1053.74,4,2010-11-23 15:33:00,16,6.9610495700398545,1.6094379124341003,0,Champions/VIPs
16532.0,2007.84,2,2010-10-04 11:52:00,66,7.60531272003063,1.0986122886681098,0,Champions/VIPs
16534.0,635.9,1,2010-03-07 15:47:00,277,6.45661265737732,0.6931471805599453,1,At-Risk / Lost Customers
16535.0,358.28999999999996,1,2010-11-19 13:01:00,20,5.884129861836806,0.6931471805599453,2,New / Promising Customers
16537.0,10.55,1,2010-03-08 13:41:00,276,2.446685436967803,0.6931471805599453,1,At-Risk / Lost Customers
16538.0,395.07,3,2010-06-16 16:59:00,176,5.981590963309683,1.3862943611198906,1,At-Risk / Lost Customers
16539.0,2343.2,7,2010-12-01 15:40:00,8,7.75969947128908,2.0794415416798357,0,Champions/VIPs
16540.0,205.75,1,2010-10-21 17:22:00,49,5.3315103339038,0.6931471805599453,2,New / Promising Customers
16541.0,424.03,1,2009-12-04 13:22:00,370,6.052159754668478,0.6931471805599453,1,At-Risk / Lost Customers
16542.0,137.7,1,2010-11-03 14:44:00,36,4.932313327320786,0.6931471805599453,2,New / Promising Customers
16543.0,292.21,1,2010-04-27 11:38:00,226,5.680889075842892,0.6931471805599453,1,At-Risk / Lost Customers
16544.0,376.70000000000005,4,2010-07-08 11:11:00,154,5.934100229718411,1.6094379124341003,0,Champions/VIPs
16545.0,350.52,1,2010-11-29 10:39:00,10,5.8622666086363004,0.6931471805599453,2,New / Promising Customers
16547.0,104.25999999999999,1,2010-06-11 13:02:00,181,4.656433479925632,0.6931471805599453,1,At-Risk / Lost Customers
16548.0,30.15,1,2010-04-19 16:15:00,234,3.4388142452334622,0.6931471805599453,1,At-Risk / Lost Customers
16551.0,1315.0,4,2010-10-12 15:09:00,58,7.182352111885263,1.6094379124341003,0,Champions/VIPs
16552.0,95.29,1,2010-12-01 12:36:00,8,4.567364471252192,0.6931471805599453,2,New / Promising Customers
16554.0,2004.6200000000001,5,2010-11-18 11:59:00,21,7.603708518872544,1.791759469228055,0,Champions/VIPs
16555.0,1629.79,4,2010-07-22 13:43:00,140,7.396819838966524,1.6094379124341003,0,Champions/VIPs
16559.0,175.0,1,2010-11-07 13:52:00,32,5.170483995038151,0.6931471805599453,2,New / Promising Customers
16560.0,2206.9700000000003,6,2010-11-07 12:04:00,32,7.699828820348161,1.9459101490553132,0,Champions/VIPs
16562.0,223.85999999999999,1,2010-08-20 11:45:00,111,5.415477986321614,0.6931471805599453,2,New / Promising Customers
16563.0,3334.82,5,2010-11-04 14:11:00,35,8.112473805188383,1.791759469228055,0,Champions/VIPs
16564.0,87.8,1,2010-05-19 14:41:00,204,4.486386649998124,0.6931471805599453,1,At-Risk / Lost Customers
16565.0,599.35,3,2010-10-29 15:31:00,41,6.397512818476727,1.3862943611198906,0,Champions/VIPs
16568.0,1020.9000000000001,2,2010-10-08 10:54:00,62,6.929418918618164,1.0986122886681098,2,New / Promising Customers
16569.0,1331.03,4,2010-03-18 15:19:00,266,7.194459373369229,1.6094379124341003,0,Champions/VIPs
16570.0,3695.91,10,2010-11-25 13:03:00,14,8.215252614577556,2.3978952727983707,0,Champions/VIPs
16571.0,2827.05,7,2010-11-09 17:41:00,30,7.94734270719963,2.0794415416798357,0,Champions/VIPs
16574.0,850.34,2,2010-10-12 09:25:00,58,6.746811578747277,1.0986122886681098,2,New / Promising Customers
16576.0,540.87,2,2010-10-15 13:37:00,55,6.2950261202719355,1.0986122886681098,2,New / Promising Customers
16577.0,380.0,1,2010-02-11 09:45:00,301,5.942799375126701,0.6931471805599453,1,At-Risk / Lost Customers
16578.0,156.6,1,2010-03-23 15:11:00,261,5.060060177423779,0.6931471805599453,1,At-Risk / Lost Customers
16579.0,295.05,1,2010-10-10 11:58:00,60,5.690528358977785,0.6931471805599453,2,New / Promising Customers
16583.0,297.95,2,2010-12-01 12:03:00,8,5.7002763353269135,1.0986122886681098,2,New / Promising Customers
16584.0,2220.09,3,2010-10-03 14:32:00,67,7.70575334536068,1.3862943611198906,0,Champions/VIPs
16585.0,341.59,2,2010-04-25 10:34:00,228,5.83653439690594,1.0986122886681098,1,At-Risk / Lost Customers
16586.0,998.83,2,2010-09-21 10:11:00,79,6.907585264530499,1.0986122886681098,2,New / Promising Customers
16588.0,1361.28,4,2010-11-18 17:56:00,21,7.216915045610148,1.6094379124341003,0,Champions/VIPs
16589.0,153.12,1,2010-09-15 14:56:00,85,5.037731519757957,0.6931471805599453,2,New / Promising Customers
16590.0,605.9,2,2010-11-04 09:06:00,35,6.408364032841809,1.0986122886681098,2,New / Promising Customers
16593.0,741.11,5,2010-11-14 13:11:00,25,6.609497480158171,1.791759469228055,0,Champions/VIPs
16595.0,1397.59,4,2010-11-28 14:15:00,11,7.243219865237055,1.6094379124341003,0,Champions/VIPs
16596.0,329.48,3,2010-12-08 16:18:00,1,5.800546143088509,1.3862943611198906,2,New / Promising Customers
16599.0,172.8,1,2010-11-19 12:45:00,20,5.157905212831292,0.6931471805599453,2,New / Promising Customers
16600.0,1339.89,7,2010-11-30 13:34:00,9,7.201088851580109,2.0794415416798357,0,Champions/VIPs
16601.0,434.3,2,2010-11-14 11:30:00,25,6.076035448558252,1.0986122886681098,2,New / Promising Customers
16602.0,235.25,1,2010-11-16 09:13:00,23,5.464890566373852,0.6931471805599453,2,New / Promising Customers
16604.0,432.45,2,2010-05-26 09:10:00,197,6.071776449314649,1.0986122886681098,1,At-Risk / Lost Customers
16605.0,60.48,1,2009-12-15 19:03:00,359,4.118711918670395,0.6931471805599453,1,At-Risk / Lost Customers
16606.0,357.66,2,2010-10-31 13:57:00,39,5.882374864520278,1.0986122886681098,2,New / Promising Customers
16607.0,2359.16,11,2010-11-05 12:57:00,34,7.766484692331739,2.4849066497880004,0,Champions/VIPs
16608.0,1286.6200000000001,2,2010-09-12 11:44:00,88,7.160550832078174,1.0986122886681098,0,Champions/VIPs
16611.0,1655.64,5,2010-11-01 09:33:00,38,7.412546733713537,1.791759469228055,0,Champions/VIPs
16612.0,2057.77,5,2010-11-25 13:14:00,14,7.6298639960773285,1.791759469228055,0,Champions/VIPs
16614.0,673.6,2,2010-11-02 18:08:00,37,6.5141199226275495,1.0986122886681098,2,New / Promising Customers
16615.0,291.5,1,2010-03-23 15:13:00,261,5.678464666671911,0.6931471805599453,1,At-Risk / Lost Customers
16619.0,1712.1200000000001,3,2010-11-21 16:02:00,18,7.44607154840996,1.3862943611198906,0,Champions/VIPs
16620.0,1579.97,4,2010-11-15 09:14:00,24,7.3657938616973695,1.6094379124341003,0,Champions/VIPs
16622.0,225.4,1,2010-06-14 10:44:00,178,5.422303346329028,0.6931471805599453,1,At-Risk / Lost Customers
16623.0,885.79,3,2010-11-03 12:05:00,36,6.787608201178801,1.3862943611198906,0,Champions/VIPs
16625.0,1320.95,4,2010-10-13 09:32:00,57,7.186863198213779,1.6094379124341003,0,Champions/VIPs
16628.0,130.05,2,2010-10-28 08:38:00,42,4.875578929769415,1.0986122886681098,2,New / Promising Customers
16630.0,106.80000000000001,1,2010-10-28 14:30:00,42,4.680277658474897,0.6931471805599453,2,New / Promising Customers
16631.0,1892.52,7,2010-08-15 11:20:00,116,7.546192809736556,2.0794415416798357,0,Champions/VIPs
16632.0,406.4,2,2010-08-11 11:39:00,120,6.009795503792706,1.0986122886681098,2,New / Promising Customers
16634.0,1596.71,5,2010-12-02 17:41:00,7,7.376326633011247,1.791759469228055,0,Champions/VIPs
16635.0,473.0,1,2010-10-29 09:41:00,41,6.161207321695077,0.6931471805599453,2,New / Promising Customers
16638.0,749.8100000000001,6,2010-12-06 10:19:00,3,6.6211526237499205,1.9459101490553132,0,Champions/VIPs
16639.0,490.47,1,2010-10-26 18:23:00,44,6.197400900084471,0.6931471805599453,2,New / Promising Customers
16640.0,179.4,1,2010-11-07 10:48:00,32,5.1951766076285235,0.6931471805599453,2,New / Promising Customers
16641.0,323.40000000000003,1,2010-01-07 12:22:00,336,5.781977322241258,0.6931471805599453,1,At-Risk / Lost Customers
16642.0,389.12,1,2010-10-20 14:22:00,50,5.966454384103814,0.6931471805599453,2,New / Promising Customers
16643.0,435.6,1,2010-10-13 09:47:00,57,6.079017444115844,0.6931471805599453,2,New / Promising Customers
16645.0,160.39,1,2009-12-04 09:49:00,370,5.083823796047731,0.6931471805599453,1,At-Risk / Lost Customers
16646.0,678.8,1,2010-09-16 13:28:00,84,6.521798637262015,0.6931471805599453,2,New / Promising Customers
16647.0,327.84,2,2010-09-23 14:33:00,77,5.795571310283933,1.0986122886681098,2,New / Promising Customers
16648.0,382.14,2,2010-09-10 11:59:00,90,5.948400457636955,1.0986122886681098,2,New / Promising Customers
16649.0,306.58000000000004,1,2010-07-07 15:41:00,155,5.728735216011778,0.6931471805599453,1,At-Risk / Lost Customers
16650.0,1397.69,6,2010-10-15 15:28:00,55,7.24329136326374,1.9459101490553132,0,Champions/VIPs
16651.0,136.2,1,2010-05-02 11:46:00,221,4.921439715291784,0.6931471805599453,1,At-Risk / Lost Customers
16654.0,1110.2,5,2010-12-06 15:09:00,3,7.013195791440134,1.791759469228055,0,Champions/VIPs
16655.0,2633.74,7,2010-10-24 14:59:00,46,7.876539784380332,2.0794415416798357,0,Champions/VIPs
16658.0,680.83,5,2010-12-06 13:47:00,3,6.524780359909144,1.791759469228055,0,Champions/VIPs
16660.0,611.9000000000001,3,2010-10-13 11:38:00,57,6.418201790491686,1.3862943611198906,0,Champions/VIPs
16661.0,932.76,4,2010-06-17 15:24:00,175,6.839219445894366,1.6094379124341003,0,Champions/VIPs
16662.0,151.05,1,2010-11-10 16:56:00,29,5.024209414123374,0.6931471805599453,2,New / Promising Customers
16663.0,165.0,1,2009-12-10 13:12:00,364,5.111987788356544,0.6931471805599453,1,At-Risk / Lost Customers
16664.0,109.2,1,2010-05-19 17:11:00,204,4.702296896718814,0.6931471805599453,1,At-Risk / Lost Customers
16666.0,98.73,1,2010-03-28 15:13:00,256,4.602466534413777,0.6931471805599453,1,At-Risk / Lost Customers
16668.0,555.7,7,2010-11-17 11:12:00,22,6.322026495189462,2.0794415416798357,0,Champions/VIPs
16673.0,171.13,1,2010-01-29 14:22:00,314,5.148250005283415,0.6931471805599453,1,At-Risk / Lost Customers
16675.0,608.86,2,2010-09-24 12:15:00,76,6.413229422629599,1.0986122886681098,2,New / Promising Customers
16676.0,769.78,2,2010-11-02 19:19:00,37,6.647402989135599,1.0986122886681098,2,New / Promising Customers
16677.0,880.62,2,2010-10-24 14:53:00,46,6.781761124166734,1.0986122886681098,2,New / Promising Customers
16679.0,663.31,3,2010-12-08 13:51:00,1,6.498748907997604,1.3862943611198906,0,Champions/VIPs
16680.0,637.75,2,2010-06-29 14:52:00,163,6.459513141517914,1.0986122886681098,2,New / Promising Customers
16681.0,151.5,1,2010-03-08 14:10:00,276,5.0271645960474665,0.6931471805599453,1,At-Risk / Lost Customers
16683.0,320.25,1,2010-06-24 10:36:00,168,5.77221963620943,0.6931471805599453,1,At-Risk / Lost Customers
16686.0,1921.19,9,2010-11-15 14:49:00,24,7.56122044000337,2.302585092994046,0,Champions/VIPs
16687.0,157.63,1,2010-11-14 11:46:00,25,5.066574446420364,0.6931471805599453,2,New / Promising Customers
16690.0,127.45,2,2010-11-11 16:15:00,28,4.855539723555893,1.0986122886681098,2,New / Promising Customers
16691.0,178.83,2,2010-10-17 15:03:00,53,5.192011960177106,1.0986122886681098,2,New / Promising Customers
16692.0,67.5,1,2010-10-27 10:29:00,43,4.22683374526818,0.6931471805599453,2,New / Promising Customers
16693.0,701.62,3,2010-10-24 11:35:00,46,6.5548162051254195,1.3862943611198906,0,Champions/VIPs
16694.0,98.30000000000001,1,2009-12-16 15:45:00,358,4.598145571051127,0.6931471805599453,1,At-Risk / Lost Customers
16695.0,191.9,2,2010-05-27 12:36:00,196,5.262171919911683,1.0986122886681098,1,At-Risk / Lost Customers
16699.0,994.6,7,2010-11-24 14:38:00,15,6.903345570493437,2.0794415416798357,0,Champions/VIPs
16702.0,1109.53,4,2010-10-20 14:10:00,50,7.012592657827759,1.6094379124341003,0,Champions/VIPs
16704.0,664.16,2,2010-03-31 14:02:00,253,6.5000276132197135,1.0986122886681098,1,At-Risk / Lost Customers
16707.0,533.41,4,2010-11-04 14:39:00,35,6.281163334622208,1.6094379124341003,0,Champions/VIPs
16711.0,1217.45,4,2010-11-25 13:53:00,14,7.1053348381650725,1.6094379124341003,0,Champions/VIPs
16712.0,621.5600000000001,2,2010-11-03 15:54:00,36,6.433840009236244,1.0986122886681098,2,New / Promising Customers
16714.0,368.27,1,2010-02-07 11:17:00,305,5.911528083790314,0.6931471805599453,1,At-Risk / Lost Customers
16715.0,323.8,1,2010-05-26 12:35:00,197,5.783209608287523,0.6931471805599453,1,At-Risk / Lost Customers
16716.0,1248.48,1,2010-03-19 11:05:00,265,7.130482743744342,0.6931471805599453,1,At-Risk / Lost Customers
16717.0,3127.85,9,2010-12-08 16:48:00,1,8.048420803881246,2.302585092994046,0,Champions/VIPs
16718.0,3006.08,5,2010-12-05 13:03:00,4,8.008724787223924,1.791759469228055,0,Champions/VIPs
16719.0,2169.13,8,2010-12-06 12:06:00,3,7.682542352574204,2.1972245773362196,0,Champions/VIPs
16720.0,413.79,2,2010-11-28 14:49:00,11,6.027772368060912,1.0986122886681098,2,New / Promising Customers
16723.0,654.96,2,2010-09-22 11:05:00,78,6.486099811475245,1.0986122886681098,2,New / Promising Customers
16724.0,147.35,1,2010-10-31 11:40:00,39,4.999574346736831,0.6931471805599453,2,New / Promising Customers
16725.0,1052.14,8,2010-12-03 16:02:00,6,6.9595314567627335,2.1972245773362196,0,Champions/VIPs
16726.0,705.14,2,2010-11-21 14:04:00,18,6.559813518117626,1.0986122886681098,2,New / Promising Customers
16727.0,1121.45,3,2010-11-12 14:05:00,27,7.023269075194477,1.3862943611198906,0,Champions/VIPs
16731.0,170.3,1,2010-03-01 15:05:00,283,5.143416405330075,0.6931471805599453,1,At-Risk / Lost Customers
16733.0,259.68,1,2010-06-28 10:12:00,164,5.56329360146418,0.6931471805599453,1,At-Risk / Lost Customers
16736.0,2956.56,5,2010-07-22 10:09:00,140,7.992119883051658,1.791759469228055,0,Champions/VIPs
16737.0,417.59999999999997,1,2010-05-11 09:53:00,212,6.036915810011899,0.6931471805599453,1,At-Risk / Lost Customers
16739.0,463.43,1,2010-06-21 09:38:00,171,6.140810847220484,0.6931471805599453,1,At-Risk / Lost Customers
16740.0,226.91,1,2010-11-09 13:34:00,30,5.42895081418324,0.6931471805599453,2,New / Promising Customers
16741.0,173.06,1,2010-03-24 15:15:00,260,5.159400067361368,0.6931471805599453,1,At-Risk / Lost Customers
16743.0,1999.02,7,2010-09-09 12:34:00,91,7.600912459492083,2.0794415416798357,0,Champions/VIPs
16748.0,2121.43,9,2010-11-16 18:07:00,23,7.6603169376652085,2.302585092994046,0,Champions/VIPs
16752.0,207.5,1,2010-12-02 12:18:00,7,5.339939041238856,0.6931471805599453,2,New / Promising Customers
16755.0,1389.25,4,2010-08-29 15:45:00,102,7.237238866067673,1.6094379124341003,0,Champions/VIPs
16756.0,1072.97,6,2010-10-31 10:03:00,39,6.979117341717783,1.9459101490553132,0,Champions/VIPs
16757.0,163.65,1,2010-10-26 15:09:00,44,5.103822008822373,0.6931471805599453,2,New / Promising Customers
16760.0,228.0,1,2010-10-05 15:55:00,65,5.43372200355424,0.6931471805599453,2,New / Promising Customers
16763.0,352.85,1,2009-12-01 15:26:00,373,5.868873094521794,0.6931471805599453,1,At-Risk / Lost Customers
16765.0,420.75,1,2010-11-22 13:42:00,17,6.044412721426077,0.6931471805599453,2,New / Promising Customers
16767.0,2476.85,4,2010-10-17 10:46:00,53,7.815146527669259,1.6094379124341003,0,Champions/VIPs
16768.0,1220.48,6,2010-11-21 11:06:00,18,7.107818517252249,1.9459101490553132,0,Champions/VIPs
16769.0,755.51,3,2010-08-18 14:43:00,113,6.628715751911698,1.3862943611198906,0,Champions/VIPs
16770.0,1152.63,5,2010-12-02 15:49:00,7,7.050668771740397,1.791759469228055,0,Champions/VIPs
16771.0,1690.49,5,2010-09-08 12:46:00,92,7.433365076290784,1.791759469228055,0,Champions/VIPs
16772.0,3698.0499999999997,3,2010-10-12 13:19:00,58,8.2158313089079,1.3862943611198906,0,Champions/VIPs
16773.0,249.65,2,2010-09-29 15:47:00,71,5.524057543709512,1.0986122886681098,2,New / Promising Customers
16774.0,905.96,4,2010-10-12 14:42:00,58,6.810098347709343,1.6094379124341003,0,Champions/VIPs
16775.0,1361.23,6,2010-12-07 15:15:00,2,7.216878341762479,1.9459101490553132,0,Champions/VIPs
16776.0,220.97,1,2010-10-20 12:13:00,50,5.402542237605569,0.6931471805599453,2,New / Promising Customers
16777.0,1069.56,3,2010-10-22 09:06:00,48,6.975937155034507,1.3862943611198906,0,Champions/VIPs
16780.0,174.16,1,2010-10-28 19:41:00,42,5.165699841933198,0.6931471805599453,2,New / Promising Customers
16781.0,623.0,2,2010-12-02 14:26:00,7,6.436150368369428,1.0986122886681098,2,New / Promising Customers
16783.0,391.95,1,2010-09-29 11:53:00,71,5.973682377312184,0.6931471805599453,2,New / Promising Customers
16784.0,784.73,4,2010-11-28 11:57:00,11,6.666613221965251,1.6094379124341003,0,Champions/VIPs
16785.0,533.78,1,2010-10-26 10:36:00,44,6.281855447370681,0.6931471805599453,2,New / Promising Customers
16786.0,51.839999999999996,1,2010-11-11 08:25:00,28,3.9672684796541247,0.6931471805599453,2,New / Promising Customers
16787.0,1017.53,4,2010-11-07 11:01:00,32,6.926115690314069,1.6094379124341003,0,Champions/VIPs
16788.0,1334.54,3,2010-10-31 13:35:00,39,7.197090983430574,1.3862943611198906,0,Champions/VIPs
16791.0,2251.85,8,2010-11-21 12:21:00,18,7.719951360319699,2.1972245773362196,0,Champions/VIPs
16792.0,513.08,3,2010-11-21 12:11:00,18,6.2423788953675485,1.3862943611198906,2,New / Promising Customers
16794.0,856.1999999999999,5,2010-11-24 12:45:00,15,6.753671263599422,1.791759469228055,0,Champions/VIPs
16795.0,2062.41,3,2010-12-09 14:08:00,0,7.6321152330246,1.3862943611198906,0,Champions/VIPs
16797.0,1802.02,5,2010-11-11 19:14:00,28,7.4972183157652,1.791759469228055,0,Champions/VIPs
16798.0,841.16,3,2010-06-03 19:01:00,189,6.735970019943069,1.3862943611198906,0,Champions/VIPs
16799.0,452.78000000000003,2,2010-10-03 14:28:00,67,6.117612499095993,1.0986122886681098,2,New / Promising Customers
16802.0,582.61,2,2010-01-29 13:44:00,314,6.369232951525817,1.0986122886681098,1,At-Risk / Lost Customers
16805.0,615.75,2,2010-05-11 15:03:00,212,6.424463755409466,1.0986122886681098,1,At-Risk / Lost Customers
16807.0,1002.29,3,2010-08-26 14:29:00,105,6.911039878773353,1.3862943611198906,0,Champions/VIPs
16809.0,812.74,4,2010-10-03 15:55:00,67,6.701640904660789,1.6094379124341003,0,Champions/VIPs
16810.0,532.5,1,2010-10-15 15:32:00,55,6.279459070741808,0.6931471805599453,2,New / Promising Customers
16812.0,1912.65,3,2010-11-26 10:24:00,13,7.556767692177504,1.3862943611198906,0,Champions/VIPs
16815.0,406.02,2,2010-09-12 10:59:00,88,6.008862324284403,1.0986122886681098,2,New / Promising Customers
16817.0,1200.15,5,2010-12-06 14:19:00,3,7.091034710201204,1.791759469228055,0,Champions/VIPs
16819.0,182.59,2,2010-08-31 17:37:00,100,5.212705010472114,1.0986122886681098,2,New / Promising Customers
16821.0,113.35,1,2010-11-23 10:04:00,16,4.73926392046879,0.6931471805599453,2,New / Promising Customers
16822.0,181.39,1,2010-01-22 14:22:00,321,5.206147251575906,0.6931471805599453,1,At-Risk / Lost Customers
16823.0,1884.71,6,2010-11-17 16:46:00,22,7.542059686789294,1.9459101490553132,0,Champions/VIPs
16824.0,225.6,1,2010-11-11 12:21:00,28,5.423186348593906,0.6931471805599453,2,New / Promising Customers
16825.0,1051.71,3,2010-11-26 16:22:00,13,6.959123070594701,1.3862943611198906,0,Champions/VIPs
16827.0,387.18,5,2010-11-11 14:04:00,28,5.961469149572581,1.791759469228055,0,Champions/VIPs
16829.0,316.1,1,2010-11-16 18:11:00,23,5.759217181544302,0.6931471805599453,2,New / Promising Customers
16830.0,881.59,3,2010-09-23 12:37:00,77,6.782860766610372,1.3862943611198906,0,Champions/VIPs
16831.0,91.8,1,2010-05-24 09:08:00,199,4.530446639792155,0.6931471805599453,1,At-Risk / Lost Customers
16832.0,218.45999999999998,2,2010-10-07 08:35:00,63,5.391169983562653,1.0986122886681098,2,New / Promising Customers
16833.0,1302.51,2,2010-09-26 11:23:00,74,7.17281590499737,1.0986122886681098,0,Champions/VIPs
16834.0,485.5,1,2010-02-03 14:24:00,309,6.1872369016260595,0.6931471805599453,1,At-Risk / Lost Customers
16835.0,1357.56,5,2010-12-01 17:15:00,8,7.2141805942510535,1.791759469228055,0,Champions/VIPs
16836.0,530.5,2,2010-10-29 12:48:00,41,6.275703197782002,1.0986122886681098,2,New / Promising Customers
16838.0,570.76,2,2010-06-27 14:49:00,165,6.348719322911723,1.0986122886681098,2,New / Promising Customers
16840.0,139.85,2,2010-04-15 15:48:00,238,4.947695494322382,1.0986122886681098,1,At-Risk / Lost Customers
16841.0,2136.2400000000002,6,2010-10-07 15:45:00,63,7.667270555985583,1.9459101490553132,0,Champions/VIPs
16844.0,614.34,2,2010-05-26 10:29:00,197,6.4221749605721845,1.0986122886681098,1,At-Risk / Lost Customers
16845.0,253.88,1,2010-03-31 13:09:00,253,5.540792846161739,0.6931471805599453,1,At-Risk / Lost Customers
16846.0,628.09,2,2010-05-11 13:45:00,212,6.444274330725595,1.0986122886681098,1,At-Risk / Lost Customers
16847.0,421.45000000000005,1,2010-03-31 13:32:00,253,6.046071096598854,0.6931471805599453,1,At-Risk / Lost Customers
16848.0,1130.2,3,2010-11-28 12:38:00,11,7.031034295142308,1.3862943611198906,0,Champions/VIPs
16854.0,1408.96,2,2010-10-18 16:31:00,52,7.251316614175486,1.0986122886681098,0,Champions/VIPs
16856.0,323.09000000000003,2,2010-10-18 11:54:00,52,5.781021254997003,1.0986122886681098,2,New / Promising Customers
16857.0,352.8,1,2010-09-23 10:49:00,77,5.8687317817256845,0.6931471805599453,2,New / Promising Customers
16859.0,1184.6,5,2010-10-19 09:07:00,51,7.078004254541822,1.791759469228055,0,Champions/VIPs
16860.0,1610.62,3,2010-09-13 10:05:00,87,7.38499516326749,1.3862943611198906,0,Champions/VIPs
16861.0,772.83,3,2010-11-14 13:54:00,25,6.651352211222822,1.3862943611198906,0,Champions/VIPs
16862.0,662.33,4,2010-06-10 13:05:00,182,6.497272603912174,1.6094379124341003,0,Champions/VIPs
16863.0,495.72,2,2010-12-08 08:58:00,1,6.208026487056637,1.0986122886681098,2,New / Promising Customers
16864.0,409.25,2,2010-10-01 16:16:00,69,6.0167667299702,1.0986122886681098,2,New / Promising Customers
16865.0,130.95,1,2010-11-03 11:34:00,36,4.882423062949333,0.6931471805599453,2,New / Promising Customers
16867.0,76.74000000000001,1,2010-01-19 09:11:00,324,4.353369925424078,0.6931471805599453,1,At-Risk / Lost Customers
16868.0,384.56,3,2010-11-10 13:17:00,29,5.954696822915768,1.3862943611198906,2,New / Promising Customers
16870.0,450.15999999999997,1,2010-08-27 13:53:00,104,6.111822043771716,0.6931471805599453,2,New / Promising Customers
16872.0,533.11,3,2010-10-08 15:20:00,62,6.280601810256014,1.3862943611198906,2,New / Promising Customers
16874.0,209.89000000000001,1,2010-11-25 13:08:00,14,5.351336670523673,0.6931471805599453,2,New / Promising Customers
16875.0,2139.0,6,2010-09-28 17:11:00,72,7.668561108015897,1.9459101490553132,0,Champions/VIPs
16876.0,136.01,1,2010-11-01 11:59:00,38,4.920053915865017,0.6931471805599453,2,New / Promising Customers
16880.0,321.78,1,2010-08-03 13:54:00,128,5.776970976607676,0.6931471805599453,2,New / Promising Customers
16884.0,641.13,2,2010-06-01 12:45:00,191,6.464790775403018,1.0986122886681098,1,At-Risk / Lost Customers
16885.0,232.94,1,2010-11-19 12:51:00,20,5.455064672222561,0.6931471805599453,2,New / Promising Customers
16886.0,134.0,1,2010-09-09 15:08:00,91,4.90527477843843,0.6931471805599453,2,New / Promising Customers
16887.0,465.84000000000003,2,2010-11-04 11:29:00,35,6.145986586544153,1.0986122886681098,2,New / Promising Customers
16888.0,434.2,3,2010-11-04 12:39:00,35,6.0758056955417326,1.3862943611198906,2,New / Promising Customers
16889.0,947.98,3,2010-11-07 10:46:00,32,6.855387723572256,1.3862943611198906,0,Champions/VIPs
16890.0,277.91,3,2010-08-20 11:23:00,111,5.630889149135876,1.3862943611198906,2,New / Promising Customers
16891.0,1202.77,7,2010-12-03 11:35:00,6,7.093213577719899,2.0794415416798357,0,Champions/VIPs
16892.0,236.56,2,2010-06-03 15:17:00,189,5.470420223147659,1.0986122886681098,1,At-Risk / Lost Customers
16893.0,249.47,2,2010-12-08 12:06:00,1,5.523339152874019,1.0986122886681098,2,New / Promising Customers
16894.0,1306.96,3,2010-07-25 15:43:00,137,7.17622395050978,1.3862943611198906,0,Champions/VIPs
16895.0,900.63,4,2010-09-27 11:13:00,73,6.8042042363512305,1.6094379124341003,0,Champions/VIPs
16896.0,103.95,1,2010-06-02 15:40:00,190,4.653484046266642,0.6931471805599453,1,At-Risk / Lost Customers
16898.0,496.26,3,2010-12-06 12:23:00,3,6.209113028140212,1.3862943611198906,2,New / Promising Customers
16899.0,424.71000000000004,2,2010-11-26 11:28:00,13,6.0537583632793694,1.0986122886681098,2,New / Promising Customers
16901.0,204.26,1,2009-12-10 16:30:00,364,5.324277468217568,0.6931471805599453,1,At-Risk / Lost Customers
16903.0,678.55,2,2010-11-24 14:55:00,15,6.521430814401357,1.0986122886681098,2,New / Promising Customers
16904.0,1360.31,7,2010-12-07 13:30:00,2,7.216202750410788,2.0794415416798357,0,Champions/VIPs
16905.0,1921.07,11,2010-12-03 10:43:00,6,7.561158009262453,2.4849066497880004,0,Champions/VIPs
16906.0,850.48,3,2010-10-07 15:01:00,63,6.7469760118644775,1.3862943611198906,0,Champions/VIPs
16907.0,722.0500000000001,5,2010-12-09 16:52:00,0,6.5834783760608016,1.791759469228055,0,Champions/VIPs
16908.0,252.59,1,2009-12-17 13:35:00,357,5.535718789608946,0.6931471805599453,1,At-Risk / Lost Customers
16911.0,255.25,2,2010-03-14 12:18:00,270,5.546153530452618,1.0986122886681098,1,At-Risk / Lost Customers
16912.0,1904.93,4,2010-10-14 14:11:00,56,7.55272535741171,1.6094379124341003,0,Champions/VIPs
16913.0,310.46999999999997,2,2010-02-26 12:09:00,286,5.741303025403381,1.0986122886681098,1,At-Risk / Lost Customers
16915.0,921.5,5,2010-11-18 08:31:00,21,6.827087375914682,1.791759469228055,0,Champions/VIPs
16916.0,530.14,3,2010-12-02 13:14:00,7,6.27502563997546,1.3862943611198906,2,New / Promising Customers
16917.0,1460.3600000000001,1,2010-03-17 15:24:00,267,7.287122787968428,0.6931471805599453,1,At-Risk / Lost Customers
16918.0,2137.72,10,2010-10-13 15:37:00,57,7.667962798223162,2.3978952727983707,0,Champions/VIPs
16920.0,355.45,1,2010-10-24 14:07:00,46,5.876193977563638,0.6931471805599453,2,New / Promising Customers
16921.0,255.03,2,2010-09-23 14:08:00,77,5.545294625113644,1.0986122886681098,2,New / Promising Customers
16922.0,611.08,1,2010-05-16 11:24:00,207,6.416862992923597,0.6931471805599453,1,At-Risk / Lost Customers
16925.0,125.65,1,2010-06-17 15:03:00,175,4.841427376447684,0.6931471805599453,1,At-Risk / Lost Customers
16926.0,1169.6100000000001,5,2010-12-03 13:42:00,6,7.065280259448345,1.791759469228055,0,Champions/VIPs
16928.0,1107.58,10,2010-12-01 15:21:00,8,7.010835196050823,2.3978952727983707,0,Champions/VIPs
16931.0,629.4,3,2010-12-05 11:40:00,4,6.44635453854367,1.3862943611198906,0,Champions/VIPs
16932.0,262.32,2,2010-10-12 14:14:00,58,5.573370022599676,1.0986122886681098,2,New / Promising Customers
16933.0,2536.07,7,2010-11-15 14:36:00,24,7.838765150862313,2.0794415416798357,0,Champions/VIPs
16934.0,1152.1100000000001,4,2010-11-21 11:39:00,18,7.050217919014204,1.6094379124341003,0,Champions/VIPs
16935.0,530.86,3,2010-11-23 09:16:00,16,6.276380296814793,1.3862943611198906,2,New / Promising Customers
16936.0,286.39,1,2010-11-19 11:54:00,20,5.66084017832837,0.6931471805599453,2,New / Promising Customers
16937.0,196.25,1,2010-07-28 17:56:00,134,5.284471959725984,0.6931471805599453,2,New / Promising Customers
16939.0,433.85,3,2010-08-08 12:24:00,123,6.075001144035774,1.3862943611198906,2,New / Promising Customers
16940.0,3377.78,5,2010-09-15 12:53:00,85,8.125269976574547,1.791759469228055,0,Champions/VIPs
16941.0,33.0,1,2010-04-07 11:13:00,246,3.5263605246161616,0.6931471805599453,1,At-Risk / Lost Customers
16944.0,101.36,1,2010-04-09 11:03:00,244,4.628496011291588,0.6931471805599453,1,At-Risk / Lost Customers
16946.0,1222.04,5,2010-11-21 14:06:00,18,7.109094841611854,1.791759469228055,0,Champions/VIPs
16947.0,540.23,3,2010-09-03 12:22:00,97,6.293844327132821,1.3862943611198906,2,New / Promising Customers
16948.0,433.75,4,2010-10-06 13:08:00,64,6.074771153234392,1.6094379124341003,0,Champions/VIPs
16950.0,2527.21,8,2010-12-07 15:20:00,2,7.835266821436911,2.1972245773362196,0,Champions/VIPs
16952.0,628.22,3,2010-09-24 15:35:00,76,6.444480957074369,1.3862943611198906,0,Champions/VIPs
16955.0,790.74,4,2010-12-06 10:38:00,3,6.674233055089539,1.6094379124341003,0,Champions/VIPs
16958.0,778.49,1,2010-09-30 14:25:00,70,6.658639859679173,0.6931471805599453,2,New / Promising Customers
16960.0,1483.83,5,2010-11-14 12:17:00,25,7.303055566569203,1.791759469228055,0,Champions/VIPs
16961.0,560.39,2,2010-11-16 16:37:00,23,6.330415851157807,1.0986122886681098,2,New / Promising Customers
16962.0,251.04,1,2010-10-26 11:36:00,44,5.529587805073855,0.6931471805599453,2,New / Promising Customers
16964.0,207.85,2,2009-12-06 12:53:00,368,5.341616290943184,1.0986122886681098,1,At-Risk / Lost Customers
16970.0,71.4,1,2010-03-23 13:50:00,261,4.282206299391671,0.6931471805599453,1,At-Risk / Lost Customers
16972.0,749.0,2,2010-11-22 10:59:00,17,6.620073206530356,1.0986122886681098,2,New / Promising Customers
16973.0,127.0,1,2010-11-18 13:56:00,21,4.852030263919617,0.6931471805599453,2,New / Promising Customers
16974.0,365.5,2,2010-07-05 10:18:00,157,5.903998521326706,1.0986122886681098,2,New / Promising Customers
16975.0,926.12,3,2010-10-12 17:53:00,58,6.832083007026135,1.3862943611198906,0,Champions/VIPs
16977.0,496.0,4,2010-11-09 13:17:00,30,6.208590026096629,1.6094379124341003,0,Champions/VIPs
16978.0,424.55,2,2010-02-11 16:33:00,301,6.05338244992297,1.0986122886681098,1,At-Risk / Lost Customers
16979.0,1007.74,3,2010-11-21 13:23:00,18,6.916457306276038,1.3862943611198906,0,Champions/VIPs
16980.0,394.37,1,2010-10-07 14:05:00,63,5.979822035323908,0.6931471805599453,2,New / Promising Customers
16983.0,1748.15,5,2010-12-05 12:34:00,4,7.466885234634452,1.791759469228055,0,Champions/VIPs
16986.0,3015.55,9,2010-09-20 15:00:00,80,8.011869073244853,2.302585092994046,0,Champions/VIPs
16987.0,882.65,4,2010-11-28 15:24:00,11,6.784061056635806,1.6094379124341003,0,Champions/VIPs
16988.0,256.55,1,2010-11-25 09:22:00,14,5.5512138760115946,0.6931471805599453,2,New / Promising Customers
16990.0,165.0,1,2010-10-13 11:42:00,57,5.111987788356544,0.6931471805599453,2,New / Promising Customers
16991.0,1041.21,1,2010-10-14 14:08:00,56,6.949098737516397,0.6931471805599453,2,New / Promising Customers
16993.0,1950.9499999999998,2,2010-09-02 12:16:00,98,7.576584151890876,1.0986122886681098,0,Champions/VIPs
16996.0,666.6500000000001,3,2010-11-22 14:33:00,17,6.5037640841299735,1.3862943611198906,0,Champions/VIPs
16998.0,107.0,1,2010-09-21 14:39:00,79,4.68213122712422,0.6931471805599453,2,New / Promising Customers
17000.0,406.3,2,2010-11-08 13:35:00,31,6.009550014654367,1.0986122886681098,2,New / Promising Customers
17001.0,2651.23,8,2010-11-28 12:25:00,11,7.883156074543676,2.1972245773362196,0,Champions/VIPs
17002.0,1077.82,4,2010-09-22 13:51:00,78,6.9836231302112655,1.6094379124341003,0,Champions/VIPs
17003.0,828.21,4,2010-11-02 13:15:00,37,6.720473440305597,1.6094379124341003,0,Champions/VIPs
17004.0,1012.22,2,2010-11-12 13:17:00,27,6.9208886573721,1.0986122886681098,2,New / Promising Customers
17005.0,622.36,2,2010-08-26 10:57:00,105,6.435124201014116,1.0986122886681098,2,New / Promising Customers
17006.0,853.49,4,2010-11-12 13:43:00,27,6.750504799737022,1.6094379124341003,0,Champions/VIPs
17007.0,230.17000000000002,1,2010-09-28 13:51:00,72,5.443153370593485,0.6931471805599453,2,New / Promising Customers
17008.0,81.36,1,2010-10-06 15:19:00,64,4.411099882159589,0.6931471805599453,2,New / Promising Customers
17009.0,242.06,1,2010-06-06 16:01:00,186,5.493308326442654,0.6931471805599453,1,At-Risk / Lost Customers
17011.0,400.8,2,2010-03-02 13:50:00,282,5.995954452380834,1.0986122886681098,1,At-Risk / Lost Customers
17012.0,360.61,1,2009-12-14 17:34:00,360,5.890566283002889,0.6931471805599453,1,At-Risk / Lost Customers
17016.0,552.4,1,2010-05-12 12:32:00,211,6.316081067352825,0.6931471805599453,1,At-Risk / Lost Customers
17018.0,1367.6,4,2010-11-17 14:23:00,22,7.221543598518397,1.6094379124341003,0,Champions/VIPs
17019.0,2687.73,8,2010-12-06 12:55:00,3,7.896824242153531,2.1972245773362196,0,Champions/VIPs
17020.0,935.62,2,2010-06-15 13:06:00,177,6.842277650354465,1.0986122886681098,1,At-Risk / Lost Customers
17021.0,1182.22,6,2010-09-23 20:01:00,77,7.07599481456678,1.9459101490553132,0,Champions/VIPs
17022.0,189.0,1,2010-10-03 10:27:00,67,5.247024072160486,0.6931471805599453,2,New / Promising Customers
17023.0,800.18,3,2010-10-18 15:37:00,52,6.6860856409239275,1.3862943611198906,0,Champions/VIPs
17025.0,1152.87,4,2010-12-01 15:46:00,8,7.050876789075924,1.6094379124341003,0,Champions/VIPs
17026.0,54.15,2,2010-12-05 12:47:00,4,4.0100567456995115,1.0986122886681098,2,New / Promising Customers
17027.0,433.07,3,2010-09-19 14:11:00,81,6.0732058114170995,1.3862943611198906,2,New / Promising Customers
17028.0,1593.83,3,2010-05-07 15:33:00,216,7.3745224264664655,1.3862943611198906,0,Champions/VIPs
17029.0,1421.3,5,2010-11-22 10:46:00,17,7.260030558576182,1.791759469228055,0,Champions/VIPs
17031.0,2393.5,4,2010-11-26 15:17:00,13,7.780929719782664,1.6094379124341003,0,Champions/VIPs
17032.0,2896.69,5,2010-04-15 14:14:00,238,7.971669146834533,1.791759469228055,0,Champions/VIPs
17033.0,302.65000000000003,1,2010-11-07 12:55:00,32,5.7158757223435845,0.6931471805599453,2,New / Promising Customers
17034.0,530.9,2,2010-10-26 14:00:00,44,6.276455501748272,1.0986122886681098,2,New / Promising Customers
17035.0,180.06,2,2010-04-27 14:11:00,226,5.198828468047294,1.0986122886681098,1,At-Risk / Lost Customers
17036.0,176.9,1,2010-11-21 14:26:00,18,5.18122159467179,0.6931471805599453,2,New / Promising Customers
17038.0,630.77,1,2010-10-20 16:04:00,50,6.448525403859796,0.6931471805599453,2,New / Promising Customers
17039.0,1954.99,1,2010-04-14 12:56:00,239,7.578651738107256,0.6931471805599453,1,At-Risk / Lost Customers
17040.0,13.52,1,2010-06-07 15:08:00,185,2.67552700939665,0.6931471805599453,1,At-Risk / Lost Customers
17041.0,583.71,3,2010-11-07 12:56:00,32,6.371115997823129,1.3862943611198906,2,New / Promising Customers
17043.0,858.47,4,2010-11-29 15:06:00,10,6.756315920199783,1.6094379124341003,0,Champions/VIPs
17045.0,488.24,2,2010-11-28 13:09:00,11,6.192853166619162,1.0986122886681098,2,New / Promising Customers
17046.0,1264.05,4,2010-09-21 13:40:00,79,7.142866926072201,1.6094379124341003,0,Champions/VIPs
17047.0,1188.33,3,2010-10-04 09:14:00,66,7.08114540233728,1.3862943611198906,0,Champions/VIPs
17048.0,1146.33,4,2010-09-28 16:50:00,72,7.045192782811531,1.6094379124341003,0,Champions/VIPs
17050.0,1162.82,4,2010-11-29 17:20:00,10,7.0594629771582555,1.6094379124341003,0,Champions/VIPs
17051.0,465.6,3,2010-09-19 15:09:00,81,6.1454723595873295,1.3862943611198906,2,New / Promising Customers
17055.0,232.85,1,2010-09-20 12:21:00,80,5.454679884171895,0.6931471805599453,2,New / Promising Customers
17056.0,128.60000000000002,1,2009-12-01 12:55:00,373,4.864452783918175,0.6931471805599453,1,At-Risk / Lost Customers
17057.0,288.79,1,2010-04-22 19:21:00,231,5.669156522734972,0.6931471805599453,1,At-Risk / Lost Customers
17059.0,2506.54,5,2010-12-05 12:35:00,4,7.8270574718524255,1.791759469228055,0,Champions/VIPs
17062.0,640.77,4,2010-12-09 12:37:00,0,6.464229984049433,1.6094379124341003,0,Champions/VIPs
17063.0,2177.39,6,2010-10-28 15:59:00,42,7.686341350823858,1.9459101490553132,0,Champions/VIPs
17065.0,194.7,2,2010-03-12 11:41:00,272,5.27658287440203,1.0986122886681098,1,At-Risk / Lost Customers
17066.0,228.34,1,2009-12-13 13:24:00,361,5.4352056186101585,0.6931471805599453,1,At-Risk / Lost Customers
17067.0,454.54,3,2009-12-15 08:39:00,359,6.121483528431717,1.3862943611198906,1,At-Risk / Lost Customers
17069.0,3084.58,6,2010-12-01 16:49:00,8,8.034494925151467,1.9459101490553132,0,Champions/VIPs
17070.0,133.18,1,2010-10-25 15:57:00,45,4.899182182134742,0.6931471805599453,2,New / Promising Customers
17071.0,1364.68,4,2010-11-23 11:47:00,16,7.219407752072497,1.6094379124341003,0,Champions/VIPs
17072.0,273.35,1,2010-03-24 16:33:00,260,5.614404663504985,0.6931471805599453,1,At-Risk / Lost Customers
17074.0,203.05,1,2010-05-26 12:04:00,197,5.318365061851814,0.6931471805599453,1,At-Risk / Lost Customers
17075.0,1402.51,6,2010-10-06 13:24:00,64,7.246731520821085,1.9459101490553132,0,Champions/VIPs
17076.0,401.66999999999996,3,2010-11-12 10:51:00,27,5.998117367938082,1.3862943611198906,2,New / Promising Customers
17077.0,306.0,1,2010-05-10 16:36:00,213,5.726847747587197,0.6931471805599453,1,At-Risk / Lost Customers
17080.0,669.91,5,2010-11-25 17:55:00,14,6.50863499980878,1.791759469228055,0,Champions/VIPs
17081.0,660.48,4,2010-11-09 12:44:00,30,6.494479748781996,1.6094379124341003,0,Champions/VIPs
17082.0,2728.18,4,2010-11-10 09:19:00,29,7.911756476759646,1.6094379124341003,0,Champions/VIPs
17083.0,2644.01,6,2010-10-26 08:41:00,44,7.880430125003589,1.9459101490553132,0,Champions/VIPs
17084.0,2253.22,1,2010-11-08 14:20:00,31,7.720559294095831,0.6931471805599453,2,New / Promising Customers
17087.0,221.53,1,2009-12-02 10:41:00,372,5.405061923978025,0.6931471805599453,1,At-Risk / Lost Customers
17089.0,128.45,1,2010-11-18 15:33:00,21,4.8632947061975464,0.6931471805599453,2,New / Promising Customers
17090.0,1105.53,6,2010-11-30 10:49:00,9,7.008984271640512,1.9459101490553132,0,Champions/VIPs
17093.0,235.88,1,2010-04-26 10:22:00,227,5.467553683793335,0.6931471805599453,1,At-Risk / Lost Customers
17094.0,100.2,1,2010-10-12 10:48:00,58,4.617098756853365,0.6931471805599453,2,New / Promising Customers
17095.0,1248.09,4,2010-10-05 09:45:00,65,7.130170565175667,1.6094379124341003,0,Champions/VIPs
17096.0,2675.8,7,2010-11-21 12:59:00,18,7.892377330232559,2.0794415416798357,0,Champions/VIPs
17097.0,363.66,2,2010-12-09 14:55:00,0,5.898965412611059,1.0986122886681098,2,New / Promising Customers
17098.0,591.0699999999999,3,2010-11-23 12:13:00,16,6.383624871137068,1.3862943611198906,0,Champions/VIPs
17099.0,582.17,1,2010-06-24 16:25:00,168,6.368478739042131,0.6931471805599453,1,At-Risk / Lost Customers
17101.0,885.3199999999999,3,2010-11-10 10:15:00,29,6.787078059212417,1.3862943611198906,0,Champions/VIPs
17103.0,424.3,1,2009-12-17 14:08:00,357,6.052794802259588,0.6931471805599453,1,At-Risk / Lost Customers
17104.0,474.03,1,2010-10-12 12:21:00,58,6.163377959935002,0.6931471805599453,2,New / Promising Customers
17106.0,481.58,1,2010-11-15 14:11:00,24,6.179146710144033,0.6931471805599453,2,New / Promising Customers
17108.0,174.95,1,2010-02-14 12:22:00,298,5.170199863767594,0.6931471805599453,1,At-Risk / Lost Customers
17109.0,410.42,2,2010-10-29 15:56:00,41,6.019614590524328,1.0986122886681098,2,New / Promising Customers
17110.0,336.59999999999997,2,2010-07-07 12:21:00,155,5.821861762721802,1.0986122886681098,2,New / Promising Customers
17111.0,227.97,1,2010-10-10 15:21:00,60,5.433590990605606,0.6931471805599453,2,New / Promising Customers
17112.0,197.57,1,2010-07-25 11:14:00,137,5.2911416827989415,0.6931471805599453,2,New / Promising Customers
17113.0,2305.59,6,2010-05-14 13:59:00,209,7.743525522397025,1.9459101490553132,0,Champions/VIPs
17115.0,1923.99,4,2010-06-09 11:10:00,183,7.562676051903197,1.6094379124341003,0,Champions/VIPs
17116.0,389.78,1,2010-03-01 16:29:00,283,5.968144741786365,0.6931471805599453,1,At-Risk / Lost Customers
17121.0,314.74,1,2010-11-02 11:47:00,37,5.754919090103581,0.6931471805599453,2,New / Promising Customers
17122.0,432.18,3,2010-11-16 14:38:00,23,6.07115334600935,1.3862943611198906,2,New / Promising Customers
17123.0,621.37,2,2010-09-26 12:06:00,74,6.433534771188361,1.0986122886681098,2,New / Promising Customers
17126.0,1019.48,4,2010-11-23 10:27:00,16,6.928028383821693,1.6094379124341003,0,Champions/VIPs
17127.0,1155.0300000000002,5,2010-10-07 09:54:00,63,7.052747000452681,1.791759469228055,0,Champions/VIPs
17129.0,31.85,1,2010-07-07 13:46:00,155,3.4919517449306197,0.6931471805599453,1,At-Risk / Lost Customers
17132.0,1220.9099999999999,2,2010-09-13 16:31:00,87,7.108170487264763,1.0986122886681098,0,Champions/VIPs
17134.0,212.1,1,2010-09-23 18:32:00,77,5.361761539104571,0.6931471805599453,2,New / Promising Customers
17135.0,792.23,4,2010-12-03 09:31:00,6,6.676113217413029,1.6094379124341003,0,Champions/VIPs
17136.0,231.68,1,2010-02-15 13:13:00,297,5.449664119042561,0.6931471805599453,1,At-Risk / Lost Customers
17137.0,1099.81,6,2010-10-19 14:51:00,51,7.003801551440143,1.9459101490553132,0,Champions/VIPs
17141.0,727.58,4,2010-10-17 14:54:00,53,6.591097434293783,1.6094379124341003,0,Champions/VIPs
17142.0,696.25,3,2010-10-31 14:52:00,39,6.547144026507598,1.3862943611198906,0,Champions/VIPs
17143.0,880.97,2,2010-10-18 15:27:00,52,6.782158041822873,1.0986122886681098,2,New / Promising Customers
17145.0,3120.91,4,2010-07-15 09:02:00,147,8.046200272985285,1.6094379124341003,0,Champions/VIPs
17147.0,1485.36,5,2010-09-13 10:30:00,87,7.3040854570408555,1.791759469228055,0,Champions/VIPs
17149.0,143.10000000000002,1,2010-09-14 14:56:00,86,4.970507503005477,0.6931471805599453,2,New / Promising Customers
17150.0,1357.95,6,2010-11-28 11:27:00,11,7.214467621715665,1.9459101490553132,0,Champions/VIPs
17151.0,231.90000000000003,1,2009-12-04 14:56:00,370,5.450609176890295,0.6931471805599453,1,At-Risk / Lost Customers
17152.0,327.0,1,2010-10-10 12:40:00,60,5.793013608384144,0.6931471805599453,2,New / Promising Customers
17155.0,640.76,5,2010-06-30 09:24:00,162,6.464214402021743,1.791759469228055,0,Champions/VIPs
17156.0,591.87,1,2010-08-05 11:30:00,126,6.384975150681265,0.6931471805599453,2,New / Promising Customers
17158.0,713.03,2,2010-06-10 10:38:00,182,6.570924978263625,1.0986122886681098,1,At-Risk / Lost Customers
17159.0,560.71,2,2010-08-19 11:48:00,112,6.330985702477653,1.0986122886681098,2,New / Promising Customers
17161.0,856.01,1,2010-09-21 16:44:00,79,6.753449587141137,0.6931471805599453,2,New / Promising Customers
17163.0,406.68,2,2010-09-20 10:08:00,80,6.010482552943744,1.0986122886681098,2,New / Promising Customers
17165.0,1635.64,5,2010-11-23 13:35:00,16,7.400400638708697,1.791759469228055,0,Champions/VIPs
17167.0,867.11,3,2010-11-25 10:05:00,14,6.7663184347416205,1.3862943611198906,0,Champions/VIPs
17168.0,400.2,1,2010-07-29 12:33:00,133,5.994460056087781,0.6931471805599453,2,New / Promising Customers
17169.0,320.95,1,2010-05-10 13:00:00,213,5.774396253984192,0.6931471805599453,1,At-Risk / Lost Customers
17170.0,178.68,2,2010-11-30 15:55:00,9,5.191177490990133,1.0986122886681098,2,New / Promising Customers
17171.0,159.68,1,2010-02-16 12:02:00,296,5.079414809491081,0.6931471805599453,1,At-Risk / Lost Customers
17172.0,638.81,2,2010-10-05 12:02:00,65,6.461171257277611,1.0986122886681098,2,New / Promising Customers
17176.0,596.1899999999999,2,2010-07-01 12:11:00,161,6.39223532071573,1.0986122886681098,2,New / Promising Customers
17177.0,119.5,1,2010-07-22 14:53:00,140,4.791649752930709,0.6931471805599453,1,At-Risk / Lost Customers
17178.0,432.96,1,2009-12-08 16:20:00,366,6.07295236395425,0.6931471805599453,1,At-Risk / Lost Customers
17179.0,795.47,3,2010-11-22 15:52:00,17,6.68018946385734,1.3862943611198906,0,Champions/VIPs
17180.0,1452.8,7,2010-10-13 16:58:00,57,7.281936097050535,2.0794415416798357,0,Champions/VIPs
17181.0,225.45000000000002,2,2010-12-01 12:38:00,8,5.422524170002223,1.0986122886681098,2,New / Promising Customers
17182.0,321.3,2,2010-10-13 10:09:00,57,5.775482788821392,1.0986122886681098,2,New / Promising Customers
17184.0,198.41000000000003,2,2010-05-19 14:24:00,204,5.2953630067216,1.0986122886681098,1,At-Risk / Lost Customers
17185.0,229.46,3,2010-04-27 12:15:00,226,5.440077311585869,1.3862943611198906,1,At-Risk / Lost Customers
17187.0,263.76,1,2010-07-01 14:38:00,161,5.578823755250722,0.6931471805599453,1,At-Risk / Lost Customers
17188.0,2118.7000000000003,6,2010-09-19 12:05:00,81,7.659029848218691,1.9459101490553132,0,Champions/VIPs
17189.0,569.88,3,2010-05-27 20:11:00,195,6.34717902995159,1.3862943611198906,1,At-Risk / Lost Customers
17190.0,915.46,5,2010-11-01 14:22:00,38,6.820518422028356,1.791759469228055,0,Champions/VIPs
17191.0,2726.77,11,2010-12-06 14:46:00,3,7.911239704558553,2.4849066497880004,0,Champions/VIPs
17192.0,75.28,1,2010-06-21 16:07:00,171,4.3344107807322185,0.6931471805599453,1,At-Risk / Lost Customers
17193.0,610.74,2,2010-11-18 16:57:00,21,6.416307355642383,1.0986122886681098,2,New / Promising Customers
17194.0,549.88,1,2010-06-27 13:16:00,165,6.311516999590213,0.6931471805599453,1,At-Risk / Lost Customers
17195.0,562.98,1,2010-02-22 13:05:00,290,6.335018789876395,0.6931471805599453,1,At-Risk / Lost Customers
17196.0,327.75,1,2010-10-08 11:31:00,62,5.795297583491974,0.6931471805599453,2,New / Promising Customers
17198.0,521.66,2,2010-12-09 13:34:00,0,6.258931157058855,1.0986122886681098,2,New / Promising Customers
17199.0,135.04000000000002,1,2010-05-06 13:53:00,217,4.912948960138995,0.6931471805599453,1,At-Risk / Lost Customers
17200.0,356.71,4,2010-11-17 13:04:00,22,5.879722602262234,1.6094379124341003,0,Champions/VIPs
17201.0,842.8199999999999,3,2010-07-04 11:40:00,158,6.737939201708466,1.3862943611198906,0,Champions/VIPs
17202.0,160.65,1,2010-10-15 11:25:00,55,5.0854335041714425,0.6931471805599453,2,New / Promising Customers
17203.0,2004.01,4,2010-11-16 13:07:00,23,7.603404327259404,1.6094379124341003,0,Champions/VIPs
17205.0,615.27,2,2010-10-19 16:11:00,51,6.423685179191323,1.0986122886681098,2,New / Promising Customers
17207.0,291.77,1,2010-02-25 19:08:00,287,5.6793873178214795,0.6931471805599453,1,At-Risk / Lost Customers
17208.0,111.15,1,2010-11-09 12:50:00,30,4.719837260966218,0.6931471805599453,2,New / Promising Customers
17209.0,318.5,3,2010-02-28 16:01:00,284,5.766757273817589,1.3862943611198906,1,At-Risk / Lost Customers
17210.0,251.72,1,2010-11-12 12:15:00,27,5.53228215649383,0.6931471805599453,2,New / Promising Customers
17211.0,1729.43,6,2010-12-05 12:44:00,4,7.456125211520464,1.9459101490553132,0,Champions/VIPs
17212.0,567.5600000000001,2,2010-09-07 15:46:00,93,6.34310684851864,1.0986122886681098,2,New / Promising Customers
17213.0,2401.07,7,2010-12-08 13:03:00,1,7.784086144596647,2.0794415416798357,0,Champions/VIPs
17215.0,186.15,1,2010-09-01 13:39:00,99,5.231910434350438,0.6931471805599453,2,New / Promising Customers
17216.0,63.6,1,2010-06-03 13:03:00,189,4.168214410788556,0.6931471805599453,1,At-Risk / Lost Customers
17217.0,96.6,1,2010-03-30 13:35:00,254,4.580877493419047,0.6931471805599453,1,At-Risk / Lost Customers
17218.0,2224.96,9,2010-12-06 15:25:00,3,7.7079435622221055,2.302585092994046,0,Champions/VIPs
17219.0,144.9,1,2010-10-19 11:29:00,51,4.98292145552874,0.6931471805599453,2,New / Promising Customers
17220.0,1263.86,7,2010-10-18 11:25:00,52,7.142716723100271,2.0794415416798357,0,Champions/VIPs
17221.0,642.14,3,2010-04-27 10:27:00,226,6.4663624299314835,1.3862943611198906,1,At-Risk / Lost Customers
17222.0,1234.96,5,2010-08-19 13:48:00,112,7.119603275034414,1.791759469228055,0,Champions/VIPs
17223.0,398.99,2,2010-12-06 14:08:00,3,5.991439546795477,1.0986122886681098,2,New / Promising Customers
17224.0,100.86,1,2010-07-26 13:30:00,136,4.623599321456458,0.6931471805599453,1,At-Risk / Lost Customers
17225.0,131.15,1,2010-05-07 11:38:00,216,4.883937641050299,0.6931471805599453,1,At-Risk / Lost Customers
17226.0,501.97999999999996,2,2010-09-21 10:10:00,79,6.220550407877821,1.0986122886681098,2,New / Promising Customers
17227.0,1081.8600000000001,7,2010-12-06 11:16:00,3,6.987360968100051,2.0794415416798357,0,Champions/VIPs
17228.0,1269.8899999999999,7,2010-12-07 10:06:00,2,7.14747272141738,2.0794415416798357,0,Champions/VIPs
17233.0,369.98,2,2010-09-17 13:20:00,83,5.916148152798533,1.0986122886681098,2,New / Promising Customers
17235.0,1354.82,7,2010-12-02 13:38:00,7,7.212161716326329,2.0794415416798357,0,Champions/VIPs
17236.0,1013.13,6,2010-10-25 11:43:00,45,6.921786381061758,1.9459101490553132,0,Champions/VIPs
17237.0,679.44,2,2010-11-29 11:51:00,10,6.522739647741382,1.0986122886681098,2,New / Promising Customers
17239.0,806.95,3,2010-11-17 15:28:00,22,6.6945001754182565,1.3862943611198906,0,Champions/VIPs
17240.0,130.6,1,2010-04-22 15:44:00,231,4.879767018891217,0.6931471805599453,1,At-Risk / Lost Customers
17242.0,1754.24,3,2010-09-09 10:44:00,91,7.470360878686997,1.3862943611198906,0,Champions/VIPs
17244.0,871.14,4,2010-11-21 13:53:00,18,6.7709499614808495,1.6094379124341003,0,Champions/VIPs
17245.0,200.18,1,2010-01-19 15:39:00,324,5.304200029706192,0.6931471805599453,1,At-Risk / Lost Customers
17246.0,38.92,2,2010-06-11 12:36:00,181,3.686877451443263,1.0986122886681098,1,At-Risk / Lost Customers
17248.0,181.89000000000001,1,2010-08-15 11:55:00,116,5.208884879216485,0.6931471805599453,2,New / Promising Customers
17249.0,68.03,1,2010-10-07 11:33:00,63,4.234541192715384,0.6931471805599453,2,New / Promising Customers
17251.0,529.15,2,2010-11-22 10:42:00,17,6.273159985371807,1.0986122886681098,2,New / Promising Customers
17254.0,198.29,1,2010-11-03 14:00:00,36,5.29476105034526,0.6931471805599453,2,New / Promising Customers
17255.0,490.21999999999997,2,2010-11-14 14:56:00,25,6.1968920926164115,1.0986122886681098,2,New / Promising Customers
17256.0,258.93,3,2010-08-15 13:19:00,116,5.560412363997187,1.3862943611198906,2,New / Promising Customers
17257.0,189.78,2,2010-09-29 12:51:00,71,5.251120931717062,1.0986122886681098,2,New / Promising Customers
17258.0,417.3,2,2010-11-08 12:37:00,31,6.036198878448153,1.0986122886681098,2,New / Promising Customers
17259.0,1239.11,5,2010-12-06 12:55:00,3,7.122955364342031,1.791759469228055,0,Champions/VIPs
17260.0,120.95,1,2010-10-24 13:21:00,46,4.80361112466193,0.6931471805599453,2,New / Promising Customers
17261.0,221.59,1,2010-07-18 11:49:00,144,5.405331514202519,0.6931471805599453,2,New / Promising Customers
17262.0,1504.26,7,2010-12-08 13:30:00,1,7.316720919737205,2.0794415416798357,0,Champions/VIPs
17264.0,268.28,1,2010-10-11 12:52:00,59,5.595751730442496,0.6931471805599453,2,New / Promising Customers
17266.0,205.14,2,2010-07-28 16:39:00,134,5.328555549608646,1.0986122886681098,2,New / Promising Customers
17268.0,970.25,7,2010-09-20 12:34:00,80,6.878583901681857,2.0794415416798357,0,Champions/VIPs
17269.0,491.81,1,2010-11-19 11:12:00,20,6.200123704221218,0.6931471805599453,2,New / Promising Customers
17270.0,601.4499999999999,2,2010-08-27 14:09:00,104,6.401004674369285,1.0986122886681098,2,New / Promising Customers
17271.0,204.3,1,2009-12-03 13:49:00,371,5.324472324024888,0.6931471805599453,1,At-Risk / Lost Customers
17273.0,141.12,1,2010-10-11 15:57:00,59,4.956671771152826,0.6931471805599453,2,New / Promising Customers
17274.0,465.4,1,2010-11-09 12:06:00,30,6.1450436350362825,0.6931471805599453,2,New / Promising Customers
17275.0,114.1,1,2010-11-21 13:26:00,18,4.745801315727837,0.6931471805599453,2,New / Promising Customers
17276.0,501.24,1,2010-11-02 16:20:00,37,6.219078093093644,0.6931471805599453,2,New / Promising Customers
17278.0,25.2,1,2010-05-23 13:49:00,200,3.265759410767051,0.6931471805599453,1,At-Risk / Lost Customers
17280.0,118.85999999999999,1,2010-09-27 16:46:00,73,4.786324395030039,0.6931471805599453,2,New / Promising Customers
17281.0,797.8499999999999,6,2010-11-30 18:05:00,9,6.68317319347358,1.9459101490553132,0,Champions/VIPs
17282.0,623.08,2,2010-09-09 19:23:00,91,6.436278565280058,1.0986122886681098,2,New / Promising Customers
17283.0,188.46,1,2010-11-26 11:53:00,13,5.244177920447388,0.6931471805599453,2,New / Promising Customers
17284.0,911.12,1,2010-11-15 17:14:00,24,6.815771560365949,0.6931471805599453,2,New / Promising Customers
17285.0,400.44,2,2010-03-21 13:38:00,263,5.995058082618113,1.0986122886681098,1,At-Risk / Lost Customers
17286.0,237.81,2,2010-11-04 13:52:00,35,5.475668256688571,1.0986122886681098,2,New / Promising Customers
17288.0,1050.8,4,2010-11-14 13:42:00,25,6.958258261155244,1.6094379124341003,0,Champions/VIPs
17289.0,1110.78,6,2010-11-28 13:40:00,11,7.013717613510653,1.9459101490553132,0,Champions/VIPs
17290.0,914.47,6,2010-11-23 11:13:00,16,6.81943759459895,1.9459101490553132,0,Champions/VIPs
17292.0,271.75,2,2010-08-24 17:14:00,107,5.60855562471318,1.0986122886681098,2,New / Promising Customers
17293.0,1896.57,8,2010-11-10 16:31:00,29,7.5483293992349285,2.1972245773362196,0,Champions/VIPs
17294.0,467.78999999999996,2,2010-02-08 16:12:00,304,6.150154906977272,1.0986122886681098,1,At-Risk / Lost Customers
17296.0,338.13,1,2009-12-09 14:01:00,365,5.826383514696429,0.6931471805599453,1,At-Risk / Lost Customers
17298.0,439.94,3,2010-11-30 17:55:00,9,6.088908811768835,1.3862943611198906,2,New / Promising Customers
17299.0,336.62,2,2010-09-26 13:40:00,74,5.821921002673243,1.0986122886681098,2,New / Promising Customers
17300.0,393.64,2,2010-11-14 10:56:00,25,5.977973956925482,1.0986122886681098,2,New / Promising Customers
17301.0,131.15,1,2010-03-25 13:16:00,259,4.883937641050299,0.6931471805599453,1,At-Risk / Lost Customers
17304.0,111.5,1,2010-06-23 16:23:00,169,4.722953221644475,0.6931471805599453,1,At-Risk / Lost Customers
17305.0,2135.46,1,2010-03-01 12:47:00,283,7.666905532699596,0.6931471805599453,1,At-Risk / Lost Customers
17306.0,791.0400000000001,1,2010-11-01 11:38:00,38,6.674611895589594,0.6931471805599453,2,New / Promising Customers
17308.0,40.32,1,2010-11-11 13:19:00,28,3.721346644251438,0.6931471805599453,2,New / Promising Customers
17309.0,237.64000000000001,2,2010-11-23 13:47:00,16,5.474956140206493,1.0986122886681098,2,New / Promising Customers
17310.0,1025.1,2,2010-11-17 16:00:00,22,6.933520486868163,1.0986122886681098,2,New / Promising Customers
17311.0,2181.71,4,2010-11-12 12:38:00,27,7.688322503016188,1.6094379124341003,0,Champions/VIPs
17314.0,2376.51,9,2010-11-11 13:52:00,28,7.7738090005095435,2.302585092994046,0,Champions/VIPs
17315.0,3318.35,5,2010-11-29 15:36:00,10,8.107524259609985,1.791759469228055,0,Champions/VIPs
17316.0,124.45,1,2010-10-15 14:35:00,55,4.8319072728124315,0.6931471805599453,2,New / Promising Customers
17318.0,157.32999999999998,1,2009-12-14 13:11:00,360,5.0646814625133425,0.6931471805599453,1,At-Risk / Lost Customers
17319.0,29.1,1,2010-02-08 15:47:00,304,3.40452517175483,0.6931471805599453,1,At-Risk / Lost Customers
17320.0,1695.15,4,2010-12-06 15:38:00,3,7.436116255837188,1.6094379124341003,0,Champions/VIPs
17321.0,1008.05,4,2010-11-10 12:56:00,29,6.916764573139725,1.6094379124341003,0,Champions/VIPs
17322.0,922.59,5,2010-11-28 14:41:00,11,6.828268250223805,1.791759469228055,0,Champions/VIPs
17323.0,644.52,5,2010-10-28 19:59:00,42,6.470056193540251,1.791759469228055,0,Champions/VIPs
17324.0,1311.64,9,2010-12-08 12:45:00,1,7.179795655443961,2.302585092994046,0,Champions/VIPs
17325.0,512.77,2,2010-10-25 09:20:00,45,6.241775694493103,1.0986122886681098,2,New / Promising Customers
17326.0,312.35,2,2010-10-27 15:38:00,43,5.747320776670684,1.0986122886681098,2,New / Promising Customers
17327.0,152.35,2,2010-10-26 09:54:00,44,5.032722890560261,1.0986122886681098,2,New / Promising Customers
17328.0,104.7,1,2010-02-04 17:11:00,308,4.660604892876192,0.6931471805599453,1,At-Risk / Lost Customers
17329.0,475.42,3,2009-12-08 16:57:00,366,6.166299818128073,1.3862943611198906,1,At-Risk / Lost Customers
17330.0,59.900000000000006,2,2010-06-13 12:34:00,179,4.109233174715851,1.0986122886681098,1,At-Risk / Lost Customers
17332.0,827.77,5,2010-06-29 16:10:00,163,6.719942673938898,1.791759469228055,0,Champions/VIPs
17334.0,328.13,1,2010-10-29 12:16:00,41,5.796452809497509,0.6931471805599453,2,New / Promising Customers
17335.0,497.04,2,2010-11-21 10:17:00,18,6.2106803950842115,1.0986122886681098,2,New / Promising Customers
17336.0,81.12,1,2010-08-24 15:37:00,107,4.408181592150733,0.6931471805599453,2,New / Promising Customers
17339.0,119.0,2,2010-12-09 14:44:00,0,4.787491742782046,1.0986122886681098,2,New / Promising Customers
17341.0,1006.53,3,2010-12-08 12:46:00,1,6.915257070052459,1.3862943611198906,0,Champions/VIPs
17342.0,1227.54,4,2010-11-25 11:07:00,14,7.113581751463728,1.6094379124341003,0,Champions/VIPs
17343.0,1066.3,5,2010-11-28 10:33:00,11,6.972887373919919,1.791759469228055,0,Champions/VIPs
17344.0,299.74,1,2009-12-11 12:31:00,363,5.706246104094174,0.6931471805599453,1,At-Risk / Lost Customers
17345.0,1066.94,6,2010-11-29 11:54:00,10,6.973486838166717,1.9459101490553132,0,Champions/VIPs
17348.0,1274.39,4,2010-09-28 10:49:00,72,7.151007293172999,1.6094379124341003,0,Champions/VIPs
17349.0,674.16,4,2010-11-24 15:09:00,15,6.514949699820727,1.6094379124341003,0,Champions/VIPs
17350.0,612.38,3,2010-11-10 16:15:00,29,6.418984645996978,1.3862943611198906,0,Champions/VIPs
17351.0,1377.23,9,2010-10-08 15:40:00,62,7.228555346209054,2.302585092994046,0,Champions/VIPs
17352.0,36.25,1,2010-01-12 16:13:00,331,3.6176519448255684,0.6931471805599453,1,At-Risk / Lost Customers
17353.0,1502.0,2,2010-08-05 08:54:00,126,7.315218389752975,1.0986122886681098,0,Champions/VIPs
17354.0,1740.8999999999999,3,2010-10-07 13:42:00,63,7.462731750483416,1.3862943611198906,0,Champions/VIPs
17355.0,273.31,1,2010-11-18 13:18:00,21,5.614258853713599,0.6931471805599453,2,New / Promising Customers
17356.0,768.25,4,2010-06-03 10:25:00,189,6.6454160142021514,1.6094379124341003,0,Champions/VIPs
17358.0,500.2,3,2010-11-28 13:21:00,11,6.217005223021913,1.3862943611198906,2,New / Promising Customers
17359.0,156.6,1,2010-03-01 14:48:00,283,5.060060177423779,0.6931471805599453,1,At-Risk / Lost Customers
17360.0,632.27,3,2010-11-19 12:00:00,20,6.450896871486089,1.3862943611198906,0,Champions/VIPs
17361.0,383.59000000000003,2,2010-02-01 14:33:00,311,5.952177831776605,1.0986122886681098,1,At-Risk / Lost Customers
17362.0,711.8100000000001,5,2010-11-04 12:39:00,35,6.569214905238887,1.791759469228055,0,Champions/VIPs
17363.0,920.46,3,2010-11-09 17:11:00,30,6.825959368679954,1.3862943611198906,0,Champions/VIPs
17365.0,3417.13,7,2010-11-18 10:19:00,21,8.136848896890239,2.0794415416798357,0,Champions/VIPs
17366.0,1077.24,2,2010-10-03 16:04:00,67,6.983085361197907,1.0986122886681098,2,New / Promising Customers
17368.0,879.42,6,2010-11-29 15:48:00,10,6.780399066341123,1.9459101490553132,0,Champions/VIPs
17371.0,232.97,3,2010-03-26 14:01:00,258,5.455192902010516,1.3862943611198906,1,At-Risk / Lost Customers
17373.0,520.58,3,2010-10-17 13:35:00,53,6.256862666319028,1.3862943611198906,2,New / Promising Customers
17374.0,231.34,1,2010-11-09 17:14:00,30,5.448201816085329,0.6931471805599453,2,New / Promising Customers
17375.0,260.45,1,2010-10-04 09:14:00,66,5.5662430606341395,0.6931471805599453,2,New / Promising Customers
17376.0,250.44,2,2010-10-31 10:42:00,39,5.527204392489312,1.0986122886681098,2,New / Promising Customers
17378.0,10.95,1,2010-11-30 18:46:00,9,2.4807312783775197,0.6931471805599453,2,New / Promising Customers
17380.0,645.0,3,2010-10-01 16:42:00,69,6.470799503782602,1.3862943611198906,0,Champions/VIPs
17382.0,836.88,7,2010-09-30 10:53:00,70,6.730874892137566,2.0794415416798357,0,Champions/VIPs
17383.0,110.69999999999999,1,2010-09-12 14:54:00,88,4.715816706075155,0.6931471805599453,2,New / Promising Customers
17384.0,171.15,1,2010-08-29 16:01:00,102,5.148366189784533,0.6931471805599453,2,New / Promising Customers
17386.0,126.35000000000001,1,2010-11-19 13:40:00,20,4.846939201425466,0.6931471805599453,2,New / Promising Customers
17388.0,1214.21,7,2010-10-15 10:39:00,55,7.102672180345795,2.0794415416798357,0,Champions/VIPs
17390.0,149.3,1,2010-10-15 11:29:00,55,5.012633296758929,0.6931471805599453,2,New / Promising Customers
17392.0,168.65,1,2010-09-15 16:17:00,85,5.13373749123024,0.6931471805599453,2,New / Promising Customers
17393.0,381.15,2,2010-10-25 11:10:00,45,5.945813201688893,1.0986122886681098,2,New / Promising Customers
17395.0,97.5,1,2010-07-19 15:34:00,143,4.590056548178043,0.6931471805599453,1,At-Risk / Lost Customers
17396.0,1476.3,7,2010-12-03 09:45:00,6,7.297971376327562,2.0794415416798357,0,Champions/VIPs
17397.0,516.87,1,2010-10-19 13:20:00,51,6.249724245511469,0.6931471805599453,2,New / Promising Customers
17400.0,2525.44,3,2010-05-07 17:49:00,216,7.834566476181613,1.3862943611198906,0,Champions/VIPs
17401.0,114.85,1,2010-06-16 16:54:00,176,4.752296250878385,0.6931471805599453,1,At-Risk / Lost Customers
17403.0,118.95,1,2010-09-15 12:29:00,85,4.787074989285704,0.6931471805599453,2,New / Promising Customers
17406.0,2704.63,11,2010-12-08 10:35:00,1,7.903090066196386,2.4849066497880004,0,Champions/VIPs
17407.0,552.9,1,2010-10-24 11:57:00,46,6.316984165039059,0.6931471805599453,2,New / Promising Customers
17408.0,283.44000000000005,2,2010-07-27 13:17:00,135,5.650522335015317,1.0986122886681098,2,New / Promising Customers
17411.0,646.44,2,2010-11-18 11:55:00,21,6.473026125187446,1.0986122886681098,2,New / Promising Customers
17412.0,3159.46,10,2010-12-02 16:29:00,7,8.058472865606982,2.3978952727983707,0,Champions/VIPs
17413.0,560.14,2,2010-10-31 12:33:00,39,6.329970428756386,1.0986122886681098,2,New / Promising Customers
17414.0,601.76,4,2010-10-12 16:53:00,58,6.401519107549953,1.6094379124341003,0,Champions/VIPs
17417.0,164.18,1,2010-06-09 10:00:00,183,5.1070357883825706,0.6931471805599453,1,At-Risk / Lost Customers
17418.0,206.60000000000002,1,2010-11-17 13:42:00,22,5.335613151291733,0.6931471805599453,2,New / Promising Customers
17419.0,2273.95,8,2010-12-07 15:04:00,2,7.729713353121553,2.1972245773362196,0,Champions/VIPs
17420.0,485.6,4,2010-12-01 09:56:00,8,6.187442430349423,1.6094379124341003,0,Champions/VIPs
17421.0,1059.41,3,2010-11-18 16:57:00,21,6.966410904774026,1.3862943611198906,0,Champions/VIPs
17422.0,1615.39,5,2010-11-23 10:24:00,16,7.387950546597703,1.791759469228055,0,Champions/VIPs
17423.0,420.54,1,2010-11-11 12:26:00,28,6.043914672108901,0.6931471805599453,2,New / Promising Customers
17426.0,3040.51,7,2010-09-13 12:35:00,87,8.020109381606744,2.0794415416798357,0,Champions/VIPs
17429.0,832.54,2,2010-11-08 13:28:00,31,6.725681691441266,1.0986122886681098,2,New / Promising Customers
17430.0,469.40999999999997,3,2010-12-09 13:05:00,0,6.1536046548618595,1.3862943611198906,2,New / Promising Customers
17432.0,1363.23,7,2010-11-19 17:01:00,20,7.218345445889246,2.0794415416798357,0,Champions/VIPs
17433.0,266.8,1,2010-11-19 13:37:00,20,5.5902404332570725,0.6931471805599453,2,New / Promising Customers
17435.0,331.35,1,2010-10-24 13:55:00,46,5.806188630487591,0.6931471805599453,2,New / Promising Customers
17436.0,317.76,3,2010-10-27 13:43:00,43,5.764438468529548,1.3862943611198906,2,New / Promising Customers
17437.0,369.68,1,2010-06-28 11:11:00,164,5.915339156718491,0.6931471805599453,1,At-Risk / Lost Customers
17438.0,1034.32,4,2010-09-21 14:12:00,79,6.942465836657532,1.6094379124341003,0,Champions/VIPs
17439.0,325.74,1,2010-02-22 12:48:00,290,5.789164747598362,0.6931471805599453,1,At-Risk / Lost Customers
17440.0,137.16,1,2010-06-08 14:40:00,184,4.928412433838423,0.6931471805599453,1,At-Risk / Lost Customers
17441.0,293.35,1,2009-12-07 13:32:00,367,5.68476953547427,0.6931471805599453,1,At-Risk / Lost Customers
17442.0,2371.74,9,2010-11-23 14:46:00,16,7.771800684482702,2.302585092994046,0,Champions/VIPs
17449.0,2348.94,6,2010-11-17 13:50:00,22,7.762145074897366,1.9459101490553132,0,Champions/VIPs
17454.0,1030.41,6,2010-09-03 10:43:00,97,6.9386820771292905,1.9459101490553132,0,Champions/VIPs
17456.0,975.5600000000001,2,2010-12-09 15:23:00,0,6.8840361923615445,1.0986122886681098,2,New / Promising Customers
17458.0,213.08,1,2010-11-23 11:43:00,16,5.366349776939864,0.6931471805599453,2,New / Promising Customers
17463.0,659.4,2,2010-05-28 10:04:00,195,6.492845712045973,1.0986122886681098,1,At-Risk / Lost Customers
17464.0,617.1800000000001,2,2010-07-05 13:24:00,157,6.426779677185031,1.0986122886681098,2,New / Promising Customers
17465.0,2542.79,7,2010-10-10 11:56:00,60,7.841410373882996,2.0794415416798357,0,Champions/VIPs
17467.0,102.6,1,2010-11-09 12:58:00,30,4.640537329825382,0.6931471805599453,2,New / Promising Customers
17468.0,57.8,1,2010-11-29 17:25:00,10,4.074141854904581,0.6931471805599453,2,New / Promising Customers
17470.0,1679.8,7,2010-12-07 09:57:00,2,7.427025149530791,2.0794415416798357,0,Champions/VIPs
17471.0,321.65000000000003,1,2010-08-22 11:53:00,109,5.776568144381849,0.6931471805599453,2,New / Promising Customers
17472.0,224.81,1,2010-03-21 13:27:00,263,5.41969393771455,0.6931471805599453,1,At-Risk / Lost Customers
17473.0,607.0,2,2010-10-27 11:45:00,43,6.410174881966167,1.0986122886681098,2,New / Promising Customers
17474.0,1047.0,1,2010-04-19 10:43:00,234,6.954638864880987,0.6931471805599453,1,At-Risk / Lost Customers
17476.0,489.86,2,2010-11-09 10:21:00,30,6.1961589547536615,1.0986122886681098,2,New / Promising Customers
17477.0,1144.3,2,2010-04-06 10:06:00,247,7.04342189040367,1.0986122886681098,1,At-Risk / Lost Customers
17478.0,1272.8,2,2010-10-27 15:01:00,43,7.149759837937266,1.0986122886681098,0,Champions/VIPs
17479.0,389.26000000000005,1,2010-03-17 09:26:00,267,5.9668131836668525,0.6931471805599453,1,At-Risk / Lost Customers
17480.0,370.40999999999997,1,2010-09-21 12:31:00,79,5.917306573704218,0.6931471805599453,2,New / Promising Customers
17482.0,775.64,2,2010-08-09 15:33:00,122,6.6549769225382365,1.0986122886681098,2,New / Promising Customers
17483.0,177.69,1,2010-10-21 12:43:00,49,5.18565246089057,0.6931471805599453,2,New / Promising Customers
17484.0,209.57,2,2010-05-12 15:41:00,211,5.34981813941044,1.0986122886681098,1,At-Risk / Lost Customers
17487.0,160.55,1,2009-12-11 15:06:00,363,5.084814692270507,0.6931471805599453,1,At-Risk / Lost Customers
17488.0,336.5,1,2010-03-08 14:07:00,276,5.821565510312585,0.6931471805599453,1,At-Risk / Lost Customers
17490.0,658.18,2,2010-11-16 18:47:00,23,6.490996638329175,1.0986122886681098,2,New / Promising Customers
17491.0,2422.2000000000003,8,2010-12-07 12:18:00,2,7.792844259713028,2.1972245773362196,0,Champions/VIPs
17492.0,747.85,2,2010-08-18 15:10:00,113,6.618538696438405,1.0986122886681098,2,New / Promising Customers
17493.0,100.91000000000001,1,2010-11-19 16:57:00,20,4.6240900708406025,0.6931471805599453,2,New / Promising Customers
17494.0,54.699999999999996,1,2010-07-26 10:06:00,136,4.019980146933238,0.6931471805599453,1,At-Risk / Lost Customers
17495.0,309.16,1,2010-11-14 11:50:00,25,5.737088293362674,0.6931471805599453,2,New / Promising Customers
17496.0,1141.84,3,2010-05-25 10:25:00,198,7.041271671494158,1.3862943611198906,0,Champions/VIPs
17497.0,287.25,2,2010-11-14 14:17:00,25,5.663828159149168,1.0986122886681098,2,New / Promising Customers
17499.0,718.51,1,2010-05-27 09:59:00,196,6.578570424771492,0.6931471805599453,1,At-Risk / Lost Customers
17505.0,1289.64,3,2010-06-07 12:10:00,185,7.162893498357889,1.3862943611198906,0,Champions/VIPs
17510.0,206.07999999999998,1,2010-10-15 10:20:00,55,5.333105192033701,0.6931471805599453,2,New / Promising Customers
17512.0,2542.83,8,2010-09-13 10:46:00,87,7.841426098327825,2.1972245773362196,0,Champions/VIPs
17513.0,645.6,2,2010-10-27 11:13:00,43,6.471727865291332,1.0986122886681098,2,New / Promising Customers
17514.0,313.35,1,2010-02-08 14:00:00,304,5.75050701482907,0.6931471805599453,1,At-Risk / Lost Customers
17515.0,963.49,5,2010-11-10 13:47:00,29,6.871599464225679,1.791759469228055,0,Champions/VIPs
17516.0,182.62,1,2010-11-26 12:50:00,13,5.212868404715554,0.6931471805599453,2,New / Promising Customers
17518.0,329.42,2,2010-10-10 12:40:00,60,5.8003645725024455,1.0986122886681098,2,New / Promising Customers
17519.0,3265.45,10,2010-12-06 15:18:00,3,8.09145904726024,2.3978952727983707,0,Champions/VIPs
17521.0,554.85,2,2010-11-10 16:25:00,29,6.320498473679624,1.0986122886681098,2,New / Promising Customers
17524.0,394.14,2,2010-09-27 16:29:00,73,5.979240132485259,1.0986122886681098,2,New / Promising Customers
17525.0,739.2,2,2010-11-07 11:54:00,32,6.606920419952056,1.0986122886681098,2,New / Promising Customers
17526.0,2970.14,9,2010-12-09 12:20:00,0,7.996700996533476,2.302585092994046,0,Champions/VIPs
17529.0,1240.25,2,2010-04-08 17:51:00,245,7.123874215359383,1.0986122886681098,1,At-Risk / Lost Customers
17530.0,725.21,3,2010-12-09 20:01:00,0,6.587839229196635,1.3862943611198906,0,Champions/VIPs
17531.0,970.12,2,2010-06-30 12:17:00,162,6.878450044589548,1.0986122886681098,2,New / Promising Customers
17532.0,65.34,1,2010-11-19 08:13:00,20,4.1947930335189065,0.6931471805599453,2,New / Promising Customers
17533.0,34.8,1,2010-10-01 09:14:00,69,3.5779478934066544,0.6931471805599453,2,New / Promising Customers
17534.0,1445.47,4,2010-09-14 13:32:00,86,7.276881384484562,1.6094379124341003,0,Champions/VIPs
17536.0,288.33,2,2010-10-15 12:09:00,55,5.667567905188549,1.0986122886681098,2,New / Promising Customers
17539.0,1161.84,3,2010-03-21 15:23:00,263,7.058620567817866,1.3862943611198906,1,At-Risk / Lost Customers
17540.0,1011.7,4,2010-11-21 11:37:00,18,6.9203753103382395,1.6094379124341003,0,Champions/VIPs
17541.0,119.86,1,2010-07-18 11:36:00,144,4.794632850933413,0.6931471805599453,1,At-Risk / Lost Customers
17542.0,170.1,2,2010-03-08 12:17:00,276,5.1422481808981475,1.0986122886681098,1,At-Risk / Lost Customers
17543.0,120.05,1,2010-06-08 12:41:00,184,4.796203683384068,0.6931471805599453,1,At-Risk / Lost Customers
17544.0,944.82,3,2010-11-14 15:08:00,25,6.852052276105886,1.3862943611198906,0,Champions/VIPs
17545.0,767.54,3,2010-11-14 15:30:00,25,6.6444926110711,1.3862943611198906,0,Champions/VIPs
17547.0,727.85,2,2010-11-29 09:41:00,10,6.5914679495200215,1.0986122886681098,2,New / Promising Customers
17548.0,627.96,3,2010-11-26 15:19:00,13,6.44406766167355,1.3862943611198906,0,Champions/VIPs
17550.0,2239.48,6,2010-11-07 14:51:00,32,7.714445407607467,1.9459101490553132,0,Champions/VIPs
17552.0,2154.88,10,2010-12-02 18:46:00,7,7.6759542718528015,2.3978952727983707,0,Champions/VIPs
17553.0,1020.0,2,2010-08-24 09:49:00,107,6.928537818164665,1.0986122886681098,2,New / Promising Customers
17555.0,565.43,3,2010-10-10 12:09:00,60,6.339353507078551,1.3862943611198906,2,New / Promising Customers
17556.0,142.77,1,2010-11-25 17:00:00,14,4.9682148004345015,0.6931471805599453,2,New / Promising Customers
17557.0,34.0,1,2009-12-07 10:15:00,367,3.5553480614894135,0.6931471805599453,1,At-Risk / Lost Customers
17558.0,259.17,1,2010-11-11 14:36:00,28,5.561335263505108,0.6931471805599453,2,New / Promising Customers
17559.0,167.62,1,2010-07-15 12:02:00,147,5.12764766249453,0.6931471805599453,1,At-Risk / Lost Customers
17560.0,1040.85,4,2010-11-09 14:49:00,30,6.948753258016209,1.6094379124341003,0,Champions/VIPs
17561.0,537.9,3,2010-11-14 12:36:00,25,6.289530024939451,1.3862943611198906,2,New / Promising Customers
17563.0,392.38,2,2010-05-10 14:54:00,213,5.974776065821747,1.0986122886681098,1,At-Risk / Lost Customers
17565.0,131.83,1,2010-05-02 11:54:00,221,4.8890701151444125,0.6931471805599453,1,At-Risk / Lost Customers
17567.0,1024.55,2,2010-12-02 15:18:00,7,6.932984333027912,1.0986122886681098,2,New / Promising Customers
17568.0,374.45,1,2010-03-16 16:45:00,268,5.928125306545893,0.6931471805599453,1,At-Risk / Lost Customers
17571.0,205.23999999999998,1,2010-06-15 12:50:00,177,5.329040539190877,0.6931471805599453,1,At-Risk / Lost Customers
17572.0,496.26000000000005,7,2010-12-01 12:51:00,8,6.209113028140212,2.0794415416798357,0,Champions/VIPs
17575.0,171.7,1,2010-02-10 13:48:00,302,5.1515559851526325,0.6931471805599453,1,At-Risk / Lost Customers
17577.0,348.75,2,2010-03-04 13:01:00,280,5.857218613545591,1.0986122886681098,1,At-Risk / Lost Customers
17578.0,903.87,6,2010-08-22 13:10:00,109,6.807791286972953,1.9459101490553132,0,Champions/VIPs
17579.0,304.38,1,2010-05-10 14:28:00,213,5.721556902755365,0.6931471805599453,1,At-Risk / Lost Customers
17580.0,325.3,2,2010-11-28 11:08:00,11,5.787817203599275,1.0986122886681098,2,New / Promising Customers
17582.0,1271.68,4,2010-09-19 13:37:00,81,7.1488801922520695,1.6094379124341003,0,Champions/VIPs
17583.0,135.95,1,2010-05-28 14:24:00,195,4.919615895709087,0.6931471805599453,1,At-Risk / Lost Customers
17585.0,948.03,3,2010-09-20 14:49:00,80,6.8554404103336655,1.3862943611198906,0,Champions/VIPs
17586.0,167.4,1,2010-03-30 13:12:00,254,5.126342101808226,0.6931471805599453,1,At-Risk / Lost Customers
17587.0,173.76,1,2010-03-21 14:16:00,263,5.163413604083235,0.6931471805599453,1,At-Risk / Lost Customers
17588.0,1699.35,4,2010-11-08 15:45:00,31,7.438589391206386,1.6094379124341003,0,Champions/VIPs
17591.0,519.95,2,2010-12-07 15:39:00,2,6.255654067858193,1.0986122886681098,2,New / Promising Customers
17592.0,148.3,1,2009-12-01 10:49:00,373,5.005957704545144,0.6931471805599453,1,At-Risk / Lost Customers
17594.0,1504.7,2,2010-09-16 19:17:00,84,7.317013185328998,1.0986122886681098,0,Champions/VIPs
17596.0,2075.7400000000002,7,2010-12-06 12:34:00,3,7.638554635491505,2.0794415416798357,0,Champions/VIPs
17597.0,1439.72,4,2010-10-17 10:13:00,53,7.272898267611698,1.6094379124341003,0,Champions/VIPs
17598.0,409.98,1,2010-11-23 17:43:00,16,6.018544551511725,0.6931471805599453,2,New / Promising Customers
17599.0,52.05,1,2010-08-19 12:50:00,112,3.971234865059992,0.6931471805599453,2,New / Promising Customers
17601.0,296.65,1,2010-11-24 14:29:00,15,5.695918299599399,0.6931471805599453,2,New / Promising Customers
17602.0,2300.01,8,2010-08-24 17:31:00,107,7.741103435962471,2.1972245773362196,0,Champions/VIPs
17603.0,1393.66,3,2010-04-01 11:51:00,252,7.240405936950502,1.3862943611198906,1,At-Risk / Lost Customers
17604.0,633.02,4,2010-10-13 10:17:00,57,6.452080499680994,1.6094379124341003,0,Champions/VIPs
17605.0,160.75,1,2010-04-28 14:45:00,225,5.08605193338101,0.6931471805599453,1,At-Risk / Lost Customers
17606.0,87.30000000000001,1,2009-12-02 13:32:00,372,4.480740107609915,0.6931471805599453,1,At-Risk / Lost Customers
17607.0,333.81,1,2010-11-28 13:11:00,11,5.813563206747519,0.6931471805599453,2,New / Promising Customers
17608.0,296.07,2,2010-09-16 16:15:00,84,5.693967801267809,1.0986122886681098,2,New / Promising Customers
17609.0,777.0799999999999,6,2010-11-02 10:00:00,37,6.656829346655476,1.9459101490553132,0,Champions/VIPs
17610.0,1511.94,5,2010-06-17 16:34:00,175,7.321810056690061,1.791759469228055,0,Champions/VIPs
17615.0,392.2,3,2010-11-17 08:42:00,22,5.974318388273011,1.3862943611198906,2,New / Promising Customers
17616.0,489.59999999999997,2,2010-12-07 10:04:00,2,6.195629131824389,1.0986122886681098,2,New / Promising Customers
17617.0,385.19,1,2010-05-30 12:48:00,193,5.956329476339652,0.6931471805599453,1,At-Risk / Lost Customers
17618.0,3071.36,8,2010-11-21 12:31:00,18,8.030201274901644,2.1972245773362196,0,Champions/VIPs
17621.0,1795.22,3,2010-10-31 10:14:00,39,7.493439735792386,1.3862943611198906,0,Champions/VIPs
17622.0,1130.21,2,2010-04-21 12:36:00,232,7.031043135272966,1.0986122886681098,1,At-Risk / Lost Customers
17623.0,1838.72,6,2010-10-26 14:12:00,44,7.5173686651103635,1.9459101490553132,0,Champions/VIPs
17624.0,725.15,2,2010-09-28 14:07:00,72,6.587756605053813,1.0986122886681098,2,New / Promising Customers
17626.0,254.0,1,2010-04-16 12:15:00,237,5.541263545158426,0.6931471805599453,1,At-Risk / Lost Customers
17627.0,296.36,1,2010-08-18 11:27:00,113,5.694943525988997,0.6931471805599453,2,New / Promising Customers
17629.0,641.4,2,2010-11-16 14:46:00,23,6.465211162632552,1.0986122886681098,2,New / Promising Customers
17631.0,470.16,4,2010-11-30 10:02:00,9,6.155197739090584,1.6094379124341003,0,Champions/VIPs
17633.0,732.55,3,2010-11-25 11:28:00,14,6.597895761585653,1.3862943611198906,0,Champions/VIPs
17635.0,1265.58,3,2010-10-11 15:12:00,59,7.144075633652909,1.3862943611198906,0,Champions/VIPs
17638.0,842.4,2,2010-03-02 14:32:00,282,6.73744134131246,1.0986122886681098,1,At-Risk / Lost Customers
17639.0,506.67,5,2010-11-17 16:11:00,22,6.229831630193678,1.791759469228055,0,Champions/VIPs
17640.0,2547.28,5,2010-11-25 14:27:00,14,7.8431739007644685,1.791759469228055,0,Champions/VIPs
17642.0,1112.2,3,2010-10-06 13:20:00,64,7.014994029651736,1.3862943611198906,0,Champions/VIPs
17643.0,439.7,2,2010-12-01 14:38:00,8,6.088364371847941,1.0986122886681098,2,New / Promising Customers
17644.0,3132.96,9,2010-11-10 10:18:00,29,8.050052659592652,2.302585092994046,0,Champions/VIPs
17646.0,3141.4,10,2010-12-09 14:28:00,0,8.052742118160147,2.3978952727983707,0,Champions/VIPs
17647.0,198.6,2,2010-02-08 14:40:00,304,5.296315363877364,1.0986122886681098,1,At-Risk / Lost Customers
17648.0,418.87,1,2010-11-19 16:41:00,20,6.039945139555509,0.6931471805599453,2,New / Promising Customers
17649.0,710.4,2,2010-08-27 10:23:00,104,6.567234859514355,1.0986122886681098,2,New / Promising Customers
17651.0,1758.52,6,2010-07-29 12:28:00,133,7.4727963235626245,1.9459101490553132,0,Champions/VIPs
17655.0,1013.54,3,2010-12-08 16:45:00,1,6.922190586778393,1.3862943611198906,0,Champions/VIPs
17657.0,126.0,1,2010-10-05 14:52:00,65,4.844187086458591,0.6931471805599453,2,New / Promising Customers
17659.0,835.33,3,2010-12-02 16:46:00,7,6.729023272038716,1.3862943611198906,0,Champions/VIPs
17660.0,163.47,1,2009-12-02 16:02:00,372,5.102728182753178,0.6931471805599453,1,At-Risk / Lost Customers
17662.0,412.92,2,2010-02-16 09:38:00,296,6.025672718437719,1.0986122886681098,1,At-Risk / Lost Customers
17663.0,3372.92,10,2010-10-18 10:26:00,52,8.123830552095704,2.3978952727983707,0,Champions/VIPs
17664.0,561.59,2,2010-08-22 13:14:00,109,6.33255112127994,1.0986122886681098,2,New / Promising Customers
17665.0,563.1,1,2010-08-03 13:12:00,128,6.33523154074593,0.6931471805599453,2,New / Promising Customers
17666.0,1319.6399999999999,3,2010-08-19 12:23:00,112,7.185871746564217,1.3862943611198906,0,Champions/VIPs
17667.0,1895.19,4,2010-09-30 12:19:00,70,7.547601888764647,1.6094379124341003,0,Champions/VIPs
17669.0,2735.63,3,2010-09-03 13:13:00,97,7.914482515393844,1.3862943611198906,0,Champions/VIPs
17671.0,830.63,2,2010-12-09 14:27:00,0,6.723387630369245,1.0986122886681098,2,New / Promising Customers
17672.0,2485.57,4,2010-10-18 13:34:00,52,7.8186595297794454,1.6094379124341003,0,Champions/VIPs
17673.0,2578.91,7,2010-11-29 15:26:00,10,7.855509793586282,2.0794415416798357,0,Champions/VIPs
17674.0,300.66,1,2010-12-06 10:20:00,3,5.709300555340106,0.6931471805599453,2,New / Promising Customers
17676.0,1378.16,5,2010-12-08 13:49:00,1,7.2292298971686675,1.791759469228055,0,Champions/VIPs
17678.0,301.65,1,2010-04-15 13:54:00,238,5.712577022337697,0.6931471805599453,1,At-Risk / Lost Customers
17679.0,1585.5,5,2010-07-06 09:39:00,156,7.36928561102325,1.791759469228055,0,Champions/VIPs
17680.0,313.05,2,2010-11-21 13:31:00,18,5.74955220890039,1.0986122886681098,2,New / Promising Customers
17681.0,731.2,5,2010-04-21 17:22:00,232,6.596053700686136,1.791759469228055,0,Champions/VIPs
17682.0,1982.45,6,2010-12-06 13:35:00,3,7.592593031670941,1.9459101490553132,0,Champions/VIPs
17683.0,819.01,3,2010-11-19 10:11:00,20,6.70931653530589,1.3862943611198906,0,Champions/VIPs
17685.0,2751.64,6,2010-12-02 14:42:00,7,7.920315730155317,1.9459101490553132,0,Champions/VIPs
17686.0,2557.35,2,2010-10-12 17:06:00,58,7.8471177984240486,1.0986122886681098,0,Champions/VIPs
17687.0,432.68,1,2010-10-15 12:30:00,55,6.072306934952083,0.6931471805599453,2,New / Promising Customers
17688.0,304.2,1,2010-11-11 10:41:00,28,5.720967299410302,0.6931471805599453,2,New / Promising Customers
17689.0,317.08,2,2010-11-16 13:22:00,23,5.7623029234682095,1.0986122886681098,2,New / Promising Customers
17690.0,2685.2,8,2010-12-08 15:23:00,1,7.895882834474975,2.1972245773362196,0,Champions/VIPs
17691.0,489.65000000000003,3,2010-12-06 11:10:00,3,6.195731042652502,1.3862943611198906,2,New / Promising Customers
17692.0,2234.86,8,2010-11-08 13:39:00,31,7.712381220507991,2.1972245773362196,0,Champions/VIPs
17694.0,1412.85,2,2010-07-16 10:22:00,146,7.254071758792645,1.0986122886681098,0,Champions/VIPs
17695.0,980.7,3,2010-11-10 14:44:00,29,6.889285762698476,1.3862943611198906,0,Champions/VIPs
17699.0,442.0,2,2010-08-20 09:39:00,111,6.093569770045136,1.0986122886681098,2,New / Promising Customers
17702.0,1319.67,2,2010-11-21 13:15:00,18,7.18589446256499,1.0986122886681098,0,Champions/VIPs
17703.0,296.1,1,2010-10-17 16:16:00,53,5.694068782468562,0.6931471805599453,2,New / Promising Customers
17705.0,260.38,2,2010-09-10 14:43:00,90,5.5659752871688895,1.0986122886681098,2,New / Promising Customers
17707.0,456.90000000000003,6,2010-11-28 15:52:00,11,6.12665081966305,1.9459101490553132,0,Champions/VIPs
17708.0,620.85,2,2010-11-02 08:57:00,37,6.43269890609975,1.0986122886681098,2,New / Promising Customers
17709.0,533.56,4,2010-08-26 14:02:00,105,6.281443978608446,1.6094379124341003,0,Champions/VIPs
17710.0,293.5,1,2010-10-12 07:49:00,58,5.685279003091641,0.6931471805599453,2,New / Promising Customers
17713.0,1198.09,4,2010-11-22 16:50:00,17,7.089318214762589,1.6094379124341003,0,Champions/VIPs
17714.0,1257.18,4,2010-10-11 08:30:00,59,7.137421511285541,1.6094379124341003,0,Champions/VIPs
17715.0,163.2,1,2010-04-26 12:17:00,227,5.101085197018328,0.6931471805599453,1,At-Risk / Lost Customers
17717.0,376.92,1,2010-10-14 12:54:00,56,5.934682533008997,0.6931471805599453,2,New / Promising Customers
17718.0,299.83,1,2010-03-05 08:01:00,279,5.706545321145129,0.6931471805599453,1,At-Risk / Lost Customers
17720.0,1572.97,7,2010-12-07 10:43:00,2,7.361356369075252,2.0794415416798357,0,Champions/VIPs
17721.0,307.21000000000004,1,2010-02-18 15:18:00,294,5.730781368822976,0.6931471805599453,1,At-Risk / Lost Customers
17722.0,2006.32,2,2010-12-08 12:41:00,1,7.604555778039985,1.0986122886681098,0,Champions/VIPs
17723.0,102.0,1,2010-11-29 10:35:00,10,4.634728988229636,0.6931471805599453,2,New / Promising Customers
17726.0,1092.06,7,2010-11-09 13:37:00,30,6.996736381454871,2.0794415416798357,0,Champions/VIPs
17728.0,1362.75,2,2010-10-31 15:50:00,39,7.21799353714728,1.0986122886681098,0,Champions/VIPs
17729.0,438.65000000000003,1,2010-04-22 15:03:00,231,6.085978955825011,0.6931471805599453,1,At-Risk / Lost Customers
17730.0,2475.32,7,2010-11-22 12:26:00,17,7.81452886616445,2.0794415416798357,0,Champions/VIPs
17731.0,468.88,2,2010-03-28 12:43:00,256,6.152477342955685,1.0986122886681098,1,At-Risk / Lost Customers
17732.0,2166.42,8,2010-12-02 09:29:00,7,7.681292799092348,2.1972245773362196,0,Champions/VIPs
17734.0,741.69,3,2010-07-02 10:01:00,160,6.610278730197908,1.3862943611198906,0,Champions/VIPs
17738.0,2304.51,9,2010-11-09 14:24:00,30,7.743057189091268,2.302585092994046,0,Champions/VIPs
17740.0,426.9,6,2010-11-15 16:33:00,24,6.0588895234227715,1.9459101490553132,0,Champions/VIPs
17741.0,101.1,2,2010-10-29 11:59:00,41,4.625952725170619,1.0986122886681098,2,New / Promising Customers
17742.0,1743.3700000000001,9,2010-10-07 15:03:00,63,7.4641487379303335,2.302585092994046,0,Champions/VIPs
17743.0,229.2,1,2010-09-17 14:54:00,83,5.438948496287782,0.6931471805599453,2,New / Promising Customers
17744.0,326.74,1,2010-11-24 09:34:00,15,5.792220611118078,0.6931471805599453,2,New / Promising Customers
17745.0,600.34,2,2010-08-19 12:30:00,112,6.399160498367506,1.0986122886681098,2,New / Promising Customers
17746.0,793.9300000000001,3,2010-08-25 13:31:00,106,6.67825406046321,1.3862943611198906,0,Champions/VIPs
17748.0,358.15,1,2010-06-30 13:49:00,162,5.88374012852081,0.6931471805599453,1,At-Risk / Lost Customers
17749.0,351.66,1,2010-06-11 14:56:00,181,5.865504419979778,0.6931471805599453,1,At-Risk / Lost Customers
17751.0,157.85999999999999,1,2010-10-14 13:57:00,56,5.0680233112049855,0.6931471805599453,2,New / Promising Customers
17753.0,382.06,4,2010-09-01 15:49:00,99,5.948191634874515,1.6094379124341003,0,Champions/VIPs
17754.0,2786.57,8,2010-11-30 11:31:00,9,7.932925527560694,2.1972245773362196,0,Champions/VIPs
17756.0,728.75,3,2010-11-29 12:20:00,10,6.592702009734224,1.3862943611198906,0,Champions/VIPs
17758.0,1555.83,4,2010-10-08 12:08:00,62,7.350406981544118,1.6094379124341003,0,Champions/VIPs
17759.0,441.92,2,2010-11-11 15:09:00,28,6.093389166829907,1.0986122886681098,2,New / Promising Customers
17760.0,631.34,5,2010-12-01 15:08:00,8,6.449427224173901,1.791759469228055,0,Champions/VIPs
17762.0,129.75,1,2010-09-09 17:40:00,91,4.873287102945032,0.6931471805599453,2,New / Promising Customers
17763.0,71.15,3,2010-02-24 13:34:00,288,4.27874728521988,1.3862943611198906,1,At-Risk / Lost Customers
17764.0,741.02,3,2010-11-02 17:12:00,37,6.609376196982021,1.3862943611198906,0,Champions/VIPs
17765.0,156.37,1,2010-09-17 12:45:00,83,5.058599720612773,0.6931471805599453,2,New / Promising Customers
17766.0,299.61,2,2010-11-23 14:29:00,16,5.7058137435652805,1.0986122886681098,2,New / Promising Customers
17767.0,141.85,1,2010-10-25 16:22:00,45,4.961795128676782,0.6931471805599453,2,New / Promising Customers
17768.0,1210.83,4,2010-11-17 13:42:00,22,7.099886892764938,1.6094379124341003,0,Champions/VIPs
17769.0,3095.95,7,2010-11-21 12:11:00,18,8.038173035186757,2.0794415416798357,0,Champions/VIPs
17771.0,141.6,2,2010-09-29 16:35:00,71,4.960043507980195,1.0986122886681098,2,New / Promising Customers
17772.0,187.3,1,2010-11-12 11:31:00,27,5.238036435663107,0.6931471805599453,2,New / Promising Customers
17773.0,575.37,2,2010-07-13 14:07:00,149,6.356749815581414,1.0986122886681098,2,New / Promising Customers
17774.0,2059.1,5,2010-11-07 12:31:00,32,7.63050980429474,1.791759469228055,0,Champions/VIPs
17776.0,329.3,2,2010-11-18 12:14:00,21,5.800001332396744,1.0986122886681098,2,New / Promising Customers
17778.0,197.70000000000002,1,2010-02-16 12:44:00,296,5.291796149557771,0.6931471805599453,1,At-Risk / Lost Customers
17780.0,346.56,3,2010-02-10 13:43:00,302,5.8509373119710055,1.3862943611198906,1,At-Risk / Lost Customers
17782.0,679.02,2,2010-11-22 11:15:00,17,6.52212220950234,1.0986122886681098,2,New / Promising Customers
17783.0,93.49,1,2010-07-15 12:50:00,147,4.548494008794535,0.6931471805599453,1,At-Risk / Lost Customers
17784.0,112.86,1,2010-06-07 16:08:00,185,4.734969623522936,0.6931471805599453,1,At-Risk / Lost Customers
17785.0,271.44,2,2010-09-20 14:14:00,80,5.607418406373117,1.0986122886681098,2,New / Promising Customers
17787.0,736.28,1,2010-12-03 13:43:00,6,6.602967738627417,0.6931471805599453,2,New / Promising Customers
17789.0,171.25,1,2010-02-16 13:16:00,296,5.148946909893768,0.6931471805599453,1,At-Risk / Lost Customers
17790.0,815.11,6,2010-11-26 10:19:00,13,6.704549149800443,1.9459101490553132,0,Champions/VIPs
17792.0,368.35,2,2010-08-29 14:30:00,102,5.911744703974747,1.0986122886681098,2,New / Promising Customers
17794.0,147.3,2,2010-01-22 10:18:00,321,4.999237249143887,1.0986122886681098,1,At-Risk / Lost Customers
17796.0,661.04,4,2010-12-05 12:23:00,4,6.49532597707234,1.6094379124341003,0,Champions/VIPs
17797.0,1191.44,5,2010-11-09 14:33:00,30,7.0837569070312725,1.791759469228055,0,Champions/VIPs
17798.0,172.17,1,2010-05-07 11:42:00,216,5.15427377096406,0.6931471805599453,1,At-Risk / Lost Customers
17799.0,3207.76,10,2010-11-15 13:58:00,24,8.073639848658873,2.3978952727983707,0,Champions/VIPs
17801.0,770.03,3,2010-09-14 14:32:00,86,6.647727283312172,1.3862943611198906,0,Champions/VIPs
17803.0,184.66,1,2010-11-12 13:53:00,27,5.223917043971786,0.6931471805599453,2,New / Promising Customers
17804.0,383.78000000000003,3,2010-11-28 14:01:00,11,5.9526717423888265,1.3862943611198906,2,New / Promising Customers
17807.0,437.87,3,2010-11-09 16:21:00,30,6.084203241658105,1.3862943611198906,2,New / Promising Customers
17808.0,262.64,4,2010-06-09 10:44:00,183,5.574584536184519,1.6094379124341003,1,At-Risk / Lost Customers
17810.0,343.21,2,2010-02-09 10:47:00,303,5.8412519362316475,1.0986122886681098,1,At-Risk / Lost Customers
17811.0,1757.98,8,2010-11-30 10:56:00,9,7.472489374576273,2.1972245773362196,0,Champions/VIPs
17812.0,405.48,4,2010-12-06 15:27:00,3,6.007534727285477,1.6094379124341003,0,Champions/VIPs
17814.0,1609.37,2,2010-11-29 14:21:00,10,7.38421924523999,1.0986122886681098,0,Champions/VIPs
17815.0,591.96,1,2010-11-11 14:39:00,28,6.385126943096995,0.6931471805599453,2,New / Promising Customers
17816.0,75.76,3,2010-12-09 14:10:00,0,4.340683671139499,1.3862943611198906,2,New / Promising Customers
17817.0,400.46999999999997,3,2010-11-26 14:09:00,13,5.995132810794406,1.3862943611198906,2,New / Promising Customers
17818.0,124.78,1,2009-12-02 11:34:00,372,4.834534349115358,0.6931471805599453,1,At-Risk / Lost Customers
17819.0,2907.65,6,2010-12-03 14:26:00,6,7.9754443349967366,1.9459101490553132,0,Champions/VIPs
17820.0,180.60999999999999,1,2010-11-30 17:43:00,9,5.201861530730407,0.6931471805599453,2,New / Promising Customers
17821.0,334.62,1,2010-10-29 13:20:00,41,5.815979567573016,0.6931471805599453,2,New / Promising Customers
17822.0,2154.08,5,2010-10-15 13:47:00,55,7.675583124818646,1.791759469228055,0,Champions/VIPs
17823.0,449.25,2,2010-10-14 16:24:00,56,6.109802984056065,1.0986122886681098,2,New / Promising Customers
17825.0,701.96,4,2010-04-20 12:01:00,233,6.555299991187588,1.6094379124341003,1,At-Risk / Lost Customers
17826.0,133.34,1,2010-11-30 13:23:00,9,4.900373899838718,0.6931471805599453,2,New / Promising Customers
17827.0,388.84,1,2010-03-28 12:20:00,256,5.965736398535251,0.6931471805599453,1,At-Risk / Lost Customers
17833.0,338.46000000000004,1,2009-12-16 13:40:00,358,5.827356119733386,0.6931471805599453,1,At-Risk / Lost Customers
17834.0,689.6700000000001,2,2010-10-21 12:09:00,49,6.537662140954444,1.0986122886681098,2,New / Promising Customers
17840.0,175.9,1,2010-09-22 12:24:00,78,5.17558460116574,0.6931471805599453,2,New / Promising Customers
17842.0,430.69,1,2010-04-16 14:23:00,237,6.067707738058715,0.6931471805599453,1,At-Risk / Lost Customers
17843.0,114.92,1,2010-10-24 10:56:00,46,4.752900298012427,0.6931471805599453,2,New / Promising Customers
17845.0,596.09,4,2010-06-02 15:20:00,190,6.3920678557992385,1.6094379124341003,0,Champions/VIPs
17847.0,125.74000000000001,2,2010-07-12 10:00:00,150,4.842137743895371,1.0986122886681098,1,At-Risk / Lost Customers
17849.0,457.96000000000004,4,2010-08-16 11:31:00,115,6.128963060293616,1.6094379124341003,0,Champions/VIPs
17851.0,1552.35,6,2010-10-13 15:13:00,57,7.348169168007754,1.9459101490553132,0,Champions/VIPs
17852.0,543.47,3,2010-11-16 12:19:00,23,6.299812844436419,1.3862943611198906,2,New / Promising Customers
17853.0,1596.29,3,2010-10-28 15:29:00,42,7.376063722211611,1.3862943611198906,0,Champions/VIPs
17854.0,757.24,4,2010-09-03 12:06:00,97,6.630999958219278,1.6094379124341003,0,Champions/VIPs
17855.0,208.97,1,2010-12-02 09:44:00,7,5.346964663369558,0.6931471805599453,2,New / Promising Customers
17857.0,640.5,2,2010-12-09 11:35:00,0,6.463809184055691,1.0986122886681098,2,New / Promising Customers
17860.0,677.39,4,2010-12-06 12:41:00,3,6.5197223438030125,1.6094379124341003,0,Champions/VIPs
17861.0,2990.41,10,2010-11-19 13:43:00,20,8.003500127135998,2.3978952727983707,0,Champions/VIPs
17862.0,923.99,3,2010-11-19 12:09:00,20,6.829782926643177,1.3862943611198906,0,Champions/VIPs
17863.0,2585.2,7,2010-12-05 13:21:00,4,7.857944895861751,2.0794415416798357,0,Champions/VIPs
17864.0,321.72,2,2010-11-19 12:04:00,20,5.776785074205902,1.0986122886681098,2,New / Promising Customers
17866.0,805.3000000000001,2,2010-08-12 12:43:00,119,6.692455881690976,1.0986122886681098,2,New / Promising Customers
17867.0,402.85,8,2010-10-25 15:51:00,45,6.001043521888305,2.1972245773362196,0,Champions/VIPs
17868.0,227.15,1,2010-11-18 18:55:00,21,5.430003307373411,0.6931471805599453,2,New / Promising Customers
17869.0,599.78,3,2010-12-06 17:16:00,3,6.398228810947766,1.3862943611198906,0,Champions/VIPs
17870.0,1213.8,2,2010-12-08 08:12:00,1,7.102334733171594,1.0986122886681098,0,Champions/VIPs
17871.0,913.05,4,2010-11-07 13:21:00,32,6.8178852745530945,1.6094379124341003,0,Champions/VIPs
17872.0,235.87,1,2010-11-23 12:02:00,16,5.46751146743449,0.6931471805599453,2,New / Promising Customers
17875.0,167.1,1,2010-01-20 15:30:00,323,5.12455904041457,0.6931471805599453,1,At-Risk / Lost Customers
17878.0,999.48,2,2010-11-09 13:52:00,30,6.908235163818988,1.0986122886681098,2,New / Promising Customers
17880.0,366.0,2,2010-03-10 12:39:00,274,5.905361848054571,1.0986122886681098,1,At-Risk / Lost Customers
17882.0,291.56,2,2010-11-25 14:40:00,14,5.678669773841126,1.0986122886681098,2,New / Promising Customers
17883.0,324.08,3,2010-06-18 16:40:00,174,5.784071305885004,1.3862943611198906,1,At-Risk / Lost Customers
17886.0,703.27,3,2010-09-28 14:44:00,72,6.557161805359272,1.3862943611198906,0,Champions/VIPs
17889.0,545.05,5,2010-11-30 12:33:00,9,6.302710546643738,1.791759469228055,0,Champions/VIPs
17894.0,1292.39,11,2010-12-08 14:50:00,1,7.165021957422375,2.4849066497880004,0,Champions/VIPs
17897.0,1921.9,8,2010-12-07 15:54:00,2,7.561589742156541,2.1972245773362196,0,Champions/VIPs
17898.0,147.12,2,2010-09-13 12:01:00,87,4.998022756045412,1.0986122886681098,2,New / Promising Customers
17901.0,149.7,2,2010-07-06 11:05:00,156,5.01529110563245,1.0986122886681098,1,At-Risk / Lost Customers
17902.0,216.39999999999998,1,2010-06-11 12:25:00,181,5.381738974687109,0.6931471805599453,1,At-Risk / Lost Customers
17903.0,381.09000000000003,1,2010-11-10 15:39:00,29,5.9456561829510015,0.6931471805599453,2,New / Promising Customers
17905.0,1569.8799999999999,10,2010-12-01 13:21:00,8,7.359391250869687,2.3978952727983707,0,Champions/VIPs
17907.0,80.08000000000001,1,2010-03-09 12:33:00,275,4.3954363215838,0.6931471805599453,1,At-Risk / Lost Customers
17908.0,1142.47,5,2010-12-01 11:45:00,8,7.04182277787601,1.791759469228055,0,Champions/VIPs
17909.0,110.05,1,2009-12-02 13:10:00,372,4.709980550340436,0.6931471805599453,1,At-Risk / Lost Customers
17910.0,261.7,1,2009-12-13 16:04:00,361,5.571012696691494,0.6931471805599453,1,At-Risk / Lost Customers
17912.0,61.54,1,2010-11-29 13:53:00,10,4.135806352029695,0.6931471805599453,2,New / Promising Customers
17915.0,225.78,1,2010-06-06 13:22:00,186,5.423980384543694,0.6931471805599453,1,At-Risk / Lost Customers
17916.0,43.87,2,2010-03-21 12:26:00,263,3.803769419987892,1.0986122886681098,1,At-Risk / Lost Customers
17918.0,388.44,3,2010-07-27 11:51:00,135,5.964709809799162,1.3862943611198906,2,New / Promising Customers
17919.0,536.28,1,2010-09-27 10:40:00,73,6.286519373889176,0.6931471805599453,2,New / Promising Customers
17921.0,1574.13,6,2010-11-25 19:24:00,14,7.362093087536061,1.9459101490553132,0,Champions/VIPs
17922.0,170.4,1,2010-06-14 16:32:00,178,5.1440000061636795,0.6931471805599453,1,At-Risk / Lost Customers
17923.0,289.5,2,2010-06-30 13:41:00,162,5.671603576291966,1.0986122886681098,1,At-Risk / Lost Customers
17924.0,574.2,2,2010-12-01 10:51:00,8,6.354717806406837,1.0986122886681098,2,New / Promising Customers
17925.0,244.08,1,2010-12-02 10:10:00,7,5.501584687857454,0.6931471805599453,2,New / Promising Customers
17926.0,638.2,3,2010-09-21 18:42:00,79,6.460217394452065,1.3862943611198906,0,Champions/VIPs
17927.0,294.0,1,2009-12-18 11:03:00,356,5.68697535633982,0.6931471805599453,1,At-Risk / Lost Customers
17928.0,128.7,1,2010-05-17 15:30:00,206,4.865224091322398,0.6931471805599453,1,At-Risk / Lost Customers
17929.0,2239.1,8,2010-11-17 12:01:00,22,7.7142757867097655,2.1972245773362196,0,Champions/VIPs
17930.0,2333.14,8,2010-11-11 08:29:00,28,7.755398793909641,2.1972245773362196,0,Champions/VIPs
17933.0,105.99,1,2010-03-17 15:11:00,267,4.672735372150515,0.6931471805599453,1,At-Risk / Lost Customers
17934.0,344.90000000000003,1,2010-10-29 12:23:00,41,5.846149715943123,0.6931471805599453,2,New / Promising Customers
17935.0,540.35,5,2010-11-04 12:06:00,35,6.294066019756907,1.791759469228055,0,Champions/VIPs
17938.0,144.29,1,2010-10-15 14:27:00,55,4.978731745083247,0.6931471805599453,2,New / Promising Customers
17941.0,714.0,2,2010-04-28 09:23:00,225,6.5722825426940075,1.0986122886681098,1,At-Risk / Lost Customers
17944.0,74.99,1,2010-10-12 16:25:00,58,4.330601752681694,0.6931471805599453,2,New / Promising Customers
17945.0,359.5,3,2010-01-12 11:40:00,331,5.887491956725004,1.3862943611198906,1,At-Risk / Lost Customers
17950.0,947.26,6,2010-12-09 15:20:00,0,6.854628726255559,1.9459101490553132,0,Champions/VIPs
17951.0,627.5400000000001,2,2010-12-01 12:40:00,8,6.443399669600998,1.0986122886681098,2,New / Promising Customers
17952.0,788.46,4,2010-11-26 13:54:00,13,6.671349167434349,1.6094379124341003,0,Champions/VIPs
17953.0,148.67000000000002,1,2010-06-17 15:08:00,175,5.008432870541056,0.6931471805599453,1,At-Risk / Lost Customers
17954.0,1616.38,9,2010-12-07 12:37:00,2,7.388562835060352,2.302585092994046,0,Champions/VIPs
17955.0,392.6,2,2010-02-22 11:22:00,290,5.975335165178098,1.0986122886681098,1,At-Risk / Lost Customers
17958.0,465.42,1,2009-12-11 15:37:00,363,6.145086515763547,0.6931471805599453,1,At-Risk / Lost Customers
17959.0,140.75,1,2010-04-26 14:12:00,227,4.954064942607862,0.6931471805599453,1,At-Risk / Lost Customers
17960.0,61.300000000000004,2,2010-07-05 09:56:00,157,4.131961425793407,1.0986122886681098,1,At-Risk / Lost Customers
17962.0,563.5,3,2010-06-08 16:24:00,184,6.335940383589716,1.3862943611198906,1,At-Risk / Lost Customers
17963.0,643.16,4,2010-08-25 15:58:00,106,6.467947142451426,1.6094379124341003,0,Champions/VIPs
17964.0,261.76,1,2010-12-02 13:32:00,7,5.571241068024272,0.6931471805599453,2,New / Promising Customers
17966.0,865.49,5,2010-04-27 10:14:00,226,6.764450568408167,1.791759469228055,0,Champions/VIPs
17967.0,223.42,2,2010-12-03 11:19:00,6,5.4135192962367205,1.0986122886681098,2,New / Promising Customers
17968.0,590.4399999999999,4,2010-12-01 12:23:00,8,6.382560241248845,1.6094379124341003,0,Champions/VIPs
17971.0,161.94,1,2010-06-09 14:04:00,183,5.093382034882496,0.6931471805599453,1,At-Risk / Lost Customers
17974.0,1035.1,3,2010-11-23 13:24:00,16,6.943218943257706,1.3862943611198906,0,Champions/VIPs
17976.0,321.79,1,2010-12-02 13:49:00,7,5.7770019569816125,0.6931471805599453,2,New / Promising Customers
17977.0,1223.31,1,2010-11-04 14:26:00,35,7.110132698979209,0.6931471805599453,2,New / Promising Customers
17978.0,1004.47,4,2010-12-09 14:05:00,0,6.913210372865072,1.6094379124341003,0,Champions/VIPs
17980.0,201.27,1,2010-11-11 14:42:00,28,5.309603438565004,0.6931471805599453,2,New / Promising Customers
17981.0,239.12,1,2010-10-25 10:40:00,45,5.481138798383642,0.6931471805599453,2,New / Promising Customers
17982.0,138.18,1,2010-01-28 09:38:00,315,4.935768059416704,0.6931471805599453,1,At-Risk / Lost Customers
17983.0,171.71,1,2010-11-09 13:24:00,30,5.151613887355828,0.6931471805599453,2,New / Promising Customers
17984.0,996.01,4,2010-11-12 14:13:00,27,6.904760800001808,1.6094379124341003,0,Champions/VIPs
17987.0,766.87,4,2010-11-28 16:04:00,11,6.6436204479864145,1.6094379124341003,0,Champions/VIPs
17988.0,284.57,6,2010-08-09 16:56:00,122,5.654487182931324,1.9459101490553132,0,Champions/VIPs
17989.0,207.32999999999998,1,2010-11-25 13:49:00,14,5.33912336094029,0.6931471805599453,2,New / Promising Customers
17990.0,896.77,3,2010-11-24 09:57:00,15,6.799913910775058,1.3862943611198906,0,Champions/VIPs
17991.0,205.3,1,2010-04-27 12:46:00,226,5.329331420077207,0.6931471805599453,1,At-Risk / Lost Customers
17992.0,252.88,1,2010-11-15 13:04:00,24,5.5368617144382695,0.6931471805599453,2,New / Promising Customers
17993.0,225.99,1,2010-04-01 14:23:00,252,5.4249059636476105,0.6931471805599453,1,At-Risk / Lost Customers
17994.0,1589.1399999999999,7,2010-11-16 09:56:00,23,7.371577341652541,2.0794415416798357,0,Champions/VIPs
17995.0,419.38,2,2010-11-22 16:34:00,17,6.041159064131834,1.0986122886681098,2,New / Promising Customers
17996.0,469.73,3,2010-11-25 11:00:00,14,6.154284681239087,1.3862943611198906,2,New / Promising Customers
17998.0,639.24,3,2010-11-24 15:31:00,15,6.461843106058791,1.3862943611198906,0,Champions/VIPs
17999.0,338.41,2,2010-12-08 15:17:00,1,5.827208816125654,1.0986122886681098,2,New / Promising Customers
18000.0,124.25,1,2010-05-24 17:34:00,199,4.830311739964974,0.6931471805599453,1,At-Risk / Lost Customers
18001.0,509.01,4,2010-09-16 11:37:00,84,6.234430333369278,1.6094379124341003,0,Champions/VIPs
18002.0,237.62,4,2010-11-29 10:57:00,10,5.474872328447654,1.6094379124341003,2,New / Promising Customers
18003.0,353.51,1,2010-11-28 15:09:00,11,5.870736554319034,0.6931471805599453,2,New / Promising Customers
18006.0,524.83,3,2010-11-23 10:22:00,16,6.264977966582951,1.3862943611198906,2,New / Promising Customers
18007.0,215.22,1,2010-11-12 11:08:00,27,5.376296407864626,0.6931471805599453,2,New / Promising Customers
18008.0,3172.0099999999998,11,2010-10-12 12:10:00,58,8.062435943169783,2.4849066497880004,0,Champions/VIPs
18009.0,1896.84,7,2010-06-15 13:40:00,177,7.548471676354109,2.0794415416798357,0,Champions/VIPs
18011.0,410.79,2,2010-12-01 17:35:00,8,6.020513510666006,1.0986122886681098,2,New / Promising Customers
18012.0,115.3,1,2009-12-16 13:16:00,358,4.7561730595246186,0.6931471805599453,1,At-Risk / Lost Customers
18016.0,476.90000000000003,2,2010-10-25 14:24:00,45,6.169401505584113,1.0986122886681098,2,New / Promising Customers
18017.0,165.0,1,2010-10-04 15:11:00,66,5.111987788356544,0.6931471805599453,2,New / Promising Customers
18018.0,175.85,2,2010-11-05 15:52:00,34,5.17530191565149,1.0986122886681098,2,New / Promising Customers
18020.0,190.48000000000002,1,2010-06-14 12:31:00,178,5.254783364524308,0.6931471805599453,1,At-Risk / Lost Customers
18021.0,216.41,2,2010-07-18 10:52:00,144,5.381784971789299,1.0986122886681098,2,New / Promising Customers
18022.0,893.9,4,2010-11-19 13:16:00,20,6.796711980188812,1.6094379124341003,0,Champions/VIPs
18025.0,1177.72,6,2010-11-25 12:37:00,14,7.072184382934504,1.9459101490553132,0,Champions/VIPs
18026.0,2074.07,2,2010-07-27 10:37:00,135,7.637750167035548,1.0986122886681098,0,Champions/VIPs
18028.0,192.05,1,2010-05-05 13:28:00,218,5.262949222710246,0.6931471805599453,1,At-Risk / Lost Customers
18029.0,433.77,1,2010-03-07 15:30:00,277,6.0748171556265245,0.6931471805599453,1,At-Risk / Lost Customers
18031.0,451.3,1,2010-11-26 11:00:00,13,6.114345676483797,0.6931471805599453,2,New / Promising Customers
18034.0,334.67,1,2010-11-29 12:36:00,10,5.816128534487739,0.6931471805599453,2,New / Promising Customers
18035.0,546.34,2,2010-11-19 13:46:00,20,6.305070181538051,1.0986122886681098,2,New / Promising Customers
18036.0,1142.37,8,2010-11-19 13:56:00,20,7.041735320948491,2.1972245773362196,0,Champions/VIPs
18037.0,97.39999999999999,9,2010-10-14 12:46:00,56,4.589040804058207,2.302585092994046,0,Champions/VIPs
18038.0,141.48,1,2010-06-01 15:59:00,191,4.959201638981406,0.6931471805599453,1,At-Risk / Lost Customers
18039.0,548.22,4,2010-11-30 13:07:00,9,6.30849908983672,1.6094379124341003,0,Champions/VIPs
18042.0,116.1,1,2010-06-16 10:53:00,176,4.763028270603671,0.6931471805599453,1,At-Risk / Lost Customers
18043.0,287.91,1,2010-12-08 12:35:00,1,5.666115220926443,0.6931471805599453,2,New / Promising Customers
18044.0,1417.01,8,2010-11-17 13:25:00,22,7.257009759253384,2.1972245773362196,0,Champions/VIPs
18046.0,189.63,1,2010-02-28 11:36:00,284,5.250334376525886,0.6931471805599453,1,At-Risk / Lost Customers
18047.0,326.09,2,2010-11-23 13:11:00,16,5.7902353623864,1.0986122886681098,2,New / Promising Customers
18048.0,222.64,1,2010-08-03 13:03:00,128,5.410037616158444,0.6931471805599453,2,New / Promising Customers
18049.0,500.5,2,2010-09-28 14:26:00,72,6.2176036074019905,1.0986122886681098,2,New / Promising Customers
18050.0,337.66,1,2010-11-11 15:51:00,28,5.824996654237195,0.6931471805599453,2,New / Promising Customers
18051.0,2282.28,7,2010-03-15 13:58:00,269,7.733368284651133,2.0794415416798357,0,Champions/VIPs
18052.0,445.6,1,2010-05-24 11:11:00,199,6.101663339406057,0.6931471805599453,1,At-Risk / Lost Customers
18053.0,271.05,2,2010-07-02 11:42:00,160,5.605985872931934,1.0986122886681098,1,At-Risk / Lost Customers
18054.0,176.5,1,2010-11-12 08:18:00,27,5.178970608915471,0.6931471805599453,2,New / Promising Customers
18056.0,190.95,1,2010-03-31 12:29:00,253,5.257234921446806,0.6931471805599453,1,At-Risk / Lost Customers
18057.0,1168.14,3,2010-11-11 16:55:00,28,7.064023714780396,1.3862943611198906,0,Champions/VIPs
18058.0,603.9,2,2010-06-16 13:45:00,176,6.4050631551128685,1.0986122886681098,1,At-Risk / Lost Customers
18060.0,1185.46,2,2010-10-27 16:41:00,43,7.078729362707452,1.0986122886681098,0,Champions/VIPs
18062.0,912.15,3,2010-11-18 10:05:00,21,6.816900160638051,1.3862943611198906,0,Champions/VIPs
18063.0,186.60000000000002,2,2010-11-14 10:46:00,25,5.234312036572124,1.0986122886681098,2,New / Promising Customers
18064.0,3667.83,9,2010-09-19 15:37:00,81,8.207628089130827,2.302585092994046,0,Champions/VIPs
18066.0,1122.4,2,2010-11-18 10:08:00,21,7.0241150800983325,1.0986122886681098,2,New / Promising Customers
18069.0,2439.78,6,2010-11-21 15:56:00,18,7.800072939334146,1.9459101490553132,0,Champions/VIPs
18070.0,314.1,1,2010-02-08 13:28:00,304,5.752890048763229,0.6931471805599453,1,At-Risk / Lost Customers
18071.0,975.63,5,2010-12-09 10:33:00,0,6.884107869976144,1.791759469228055,0,Champions/VIPs
18074.0,1019.44,2,2010-12-01 09:53:00,8,6.9279891858129465,1.0986122886681098,2,New / Promising Customers
18075.0,3171.54,10,2010-11-30 12:09:00,9,8.062287807862091,2.3978952727983707,0,Champions/VIPs
18076.0,151.49,1,2010-11-24 14:02:00,15,5.027099020126921,0.6931471805599453,2,New / Promising Customers
18077.0,1699.25,8,2010-12-08 10:21:00,1,7.438530578055748,2.1972245773362196,0,Champions/VIPs
18078.0,389.40000000000003,2,2010-10-10 16:01:00,60,5.967171854538938,1.0986122886681098,2,New / Promising Customers
18079.0,482.78,1,2010-08-05 12:19:00,126,6.1816302579249855,0.6931471805599453,2,New / Promising Customers
18083.0,463.53,1,2010-11-07 11:44:00,32,6.141026141744223,0.6931471805599453,2,New / Promising Customers
18084.0,704.75,2,2010-11-21 15:47:00,18,6.5592610671335985,1.0986122886681098,2,New / Promising Customers
18085.0,955.8000000000001,3,2010-12-01 12:08:00,8,6.863594383196367,1.3862943611198906,0,Champions/VIPs
18089.0,428.45,1,2010-09-19 11:57:00,81,6.062505320212233,0.6931471805599453,2,New / Promising Customers
18090.0,321.9,1,2010-10-14 12:32:00,56,5.77734267776423,0.6931471805599453,2,New / Promising Customers
18091.0,360.85,1,2010-04-25 13:18:00,228,5.891229761312137,0.6931471805599453,1,At-Risk / Lost Customers
18093.0,2238.19,4,2010-09-21 15:41:00,79,7.7138694723106,1.6094379124341003,0,Champions/VIPs
18094.0,3374.2200000000003,6,2010-09-19 14:03:00,81,8.124215786367353,1.9459101490553132,0,Champions/VIPs
18095.0,1723.04,3,2010-10-08 15:09:00,62,7.452425652810628,1.3862943611198906,0,Champions/VIPs
18096.0,789.1,3,2010-09-23 13:54:00,77,6.672159519728687,1.3862943611198906,0,Champions/VIPs
18097.0,1965.52,5,2010-11-19 10:55:00,20,7.584020762173567,1.791759469228055,0,Champions/VIPs
18098.0,527.94,1,2010-11-08 16:31:00,31,6.270875003875495,0.6931471805599453,2,New / Promising Customers
18100.0,451.56,1,2010-06-07 14:19:00,185,6.1149203510349,0.6931471805599453,1,At-Risk / Lost Customers
18101.0,399.61,3,2010-11-30 14:21:00,9,5.992988385476324,1.3862943611198906,2,New / Promising Customers
18103.0,105.8,1,2010-06-08 13:36:00,184,4.6709579265260945,0.6931471805599453,1,At-Risk / Lost Customers
18106.0,1019.16,5,2010-08-20 14:14:00,111,6.927714756721741,1.791759469228055,0,Champions/VIPs
18107.0,165.88,1,2010-09-23 13:03:00,77,5.117274991252462,0.6931471805599453,2,New / Promising Customers
18108.0,577.8100000000001,2,2010-04-22 09:38:00,231,6.360974271733167,1.0986122886681098,1,At-Risk / Lost Customers
18110.0,193.48000000000002,1,2010-10-24 14:21:00,46,5.270329330007868,0.6931471805599453,2,New / Promising Customers
18111.0,405.85,1,2010-04-29 12:58:00,224,6.008444567142666,0.6931471805599453,1,At-Risk / Lost Customers
18112.0,420.67,2,2010-10-17 13:16:00,53,6.044223017600605,1.0986122886681098,2,New / Promising Customers
18113.0,76.32000000000001,1,2010-12-06 12:31:00,3,4.34795265434013,0.6931471805599453,2,New / Promising Customers
18115.0,9.700000000000001,1,2010-01-11 11:57:00,332,2.3702437414678608,0.6931471805599453,1,At-Risk / Lost Customers
18116.0,731.38,5,2010-11-28 15:31:00,11,6.596299504945249,1.791759469228055,0,Champions/VIPs
18118.0,1068.05,4,2010-12-05 12:13:00,4,6.974525682615989,1.6094379124341003,0,Champions/VIPs
18119.0,180.7,1,2010-12-07 11:59:00,2,5.202356975402125,0.6931471805599453,2,New / Promising Customers
18123.0,92.2,1,2010-07-14 12:47:00,148,4.534747721691546,0.6931471805599453,1,At-Risk / Lost Customers
18124.0,102.65,1,2010-08-24 17:21:00,107,4.641019838881789,0.6931471805599453,2,New / Promising Customers
18127.0,209.05,1,2010-11-01 13:56:00,38,5.347345597615391,0.6931471805599453,2,New / Promising Customers
18128.0,399.29,1,2010-06-20 13:19:00,172,5.992189284422439,0.6931471805599453,1,At-Risk / Lost Customers
18131.0,145.2,1,2010-03-18 08:48:00,266,4.9849755473156785,0.6931471805599453,1,At-Risk / Lost Customers
18132.0,220.13,1,2010-07-23 16:54:00,139,5.398750763869307,0.6931471805599453,2,New / Promising Customers
18134.0,445.0,2,2010-04-20 14:02:00,233,6.100318952020064,1.0986122886681098,1,At-Risk / Lost Customers
18135.0,567.71,5,2010-11-12 10:34:00,27,6.343370638121583,1.791759469228055,0,Champions/VIPs
18136.0,847.03,2,2010-10-26 15:57:00,44,6.7429160125246295,1.0986122886681098,2,New / Promising Customers
18137.0,145.99,2,2010-06-06 14:18:00,186,4.990364557253896,1.0986122886681098,1,At-Risk / Lost Customers
18140.0,536.41,1,2010-08-23 11:58:00,108,6.286761304121399,0.6931471805599453,2,New / Promising Customers
18141.0,882.47,2,2010-11-03 11:44:00,36,6.783857335325853,1.0986122886681098,2,New / Promising Customers
18144.0,2169.25,8,2010-12-01 13:45:00,8,7.682597647271917,2.1972245773362196,0,Champions/VIPs
18145.0,2748.19,7,2010-11-22 12:55:00,17,7.919061601819039,2.0794415416798357,0,Champions/VIPs
18148.0,112.85000000000001,1,2010-03-03 11:40:00,281,4.734881792509749,0.6931471805599453,1,At-Risk / Lost Customers
18149.0,941.88,4,2010-10-31 11:24:00,39,6.8489390210896035,1.6094379124341003,0,Champions/VIPs
18151.0,1226.09,4,2010-10-15 15:29:00,55,7.112400791654211,1.6094379124341003,0,Champions/VIPs
18152.0,426.69,1,2010-03-03 15:26:00,281,6.058398634085082,0.6931471805599453,1,At-Risk / Lost Customers
18153.0,246.22,1,2010-02-18 15:50:00,294,5.510278628459677,0.6931471805599453,1,At-Risk / Lost Customers
18154.0,533.41,3,2010-11-16 12:40:00,23,6.281163334622208,1.3862943611198906,2,New / Promising Customers
18156.0,186.88,1,2010-12-05 12:29:00,4,5.2358034611587945,0.6931471805599453,2,New / Promising Customers
18157.0,213.9,1,2010-05-17 14:09:00,206,5.370172803648464,0.6931471805599453,1,At-Risk / Lost Customers
18160.0,365.82,1,2010-11-18 16:33:00,21,5.904871264522886,0.6931471805599453,2,New / Promising Customers
18161.0,184.41,1,2010-11-25 15:55:00,14,5.222569589109762,0.6931471805599453,2,New / Promising Customers
18162.0,371.51,1,2009-12-07 13:24:00,367,5.920263883096861,0.6931471805599453,1,At-Risk / Lost Customers
18163.0,728.84,1,2010-05-04 14:51:00,219,6.5928253320372185,0.6931471805599453,1,At-Risk / Lost Customers
18166.0,175.5,1,2010-03-26 12:26:00,258,5.173320876373351,0.6931471805599453,1,At-Risk / Lost Customers
18168.0,2538.7599999999998,11,2010-12-02 18:08:00,7,7.839824867359316,2.4849066497880004,0,Champions/VIPs
18170.0,1897.69,6,2010-11-30 13:33:00,9,7.548919453674031,1.9459101490553132,0,Champions/VIPs
18171.0,1206.0,4,2010-08-26 12:17:00,105,7.095893221097532,1.6094379124341003,0,Champions/VIPs
18173.0,589.52,1,2010-04-06 10:43:00,247,6.3810035046658875,0.6931471805599453,1,At-Risk / Lost Customers
18174.0,58.5,1,2010-04-15 12:17:00,238,4.085976312551584,0.6931471805599453,1,At-Risk / Lost Customers
18175.0,176.1,1,2010-02-02 10:25:00,310,5.176714544788788,0.6931471805599453,1,At-Risk / Lost Customers
18177.0,875.45,3,2010-05-28 12:38:00,195,6.775879657668556,1.3862943611198906,0,Champions/VIPs
18179.0,754.38,2,2010-07-05 10:48:00,157,6.627220933888675,1.0986122886681098,2,New / Promising Customers
18181.0,821.49,4,2010-11-04 16:51:00,35,6.712336324510906,1.6094379124341003,0,Champions/VIPs
18182.0,291.13,1,2010-09-02 14:25:00,98,5.677198908673179,0.6931471805599453,2,New / Promising Customers
18186.0,329.58,1,2009-12-17 10:22:00,357,5.800848687489207,0.6931471805599453,1,At-Risk / Lost Customers
18187.0,724.89,1,2010-03-18 09:49:00,266,6.587398488193701,0.6931471805599453,1,At-Risk / Lost Customers
18188.0,1279.55,3,2010-10-05 09:38:00,65,7.155044952124425,1.3862943611198906,0,Champions/VIPs
18189.0,313.49,1,2010-03-24 09:57:00,260,5.750952279132591,0.6931471805599453,1,At-Risk / Lost Customers
18190.0,461.16,3,2010-04-15 09:45:00,238,6.13591115147301,1.3862943611198906,1,At-Risk / Lost Customers
18191.0,321.59999999999997,1,2010-08-19 17:42:00,112,5.776413165691109,0.6931471805599453,2,New / Promising Customers
18193.0,963.59,2,2010-11-24 12:25:00,15,6.871703140589635,1.0986122886681098,2,New / Promising Customers
18194.0,3188.2000000000003,5,2010-09-27 13:08:00,73,8.067525380628341,1.791759469228055,0,Champions/VIPs
18195.0,101.16,1,2010-11-17 15:03:00,22,4.626540211724284,0.6931471805599453,2,New / Promising Customers
18196.0,768.64,2,2010-08-25 15:31:00,106,6.6459228730528155,1.0986122886681098,2,New / Promising Customers
18197.0,230.1,1,2010-05-13 10:46:00,210,5.442850517280335,0.6931471805599453,1,At-Risk / Lost Customers
18199.0,344.75,1,2010-01-25 11:32:00,318,5.845715970544868,0.6931471805599453,1,At-Risk / Lost Customers
18201.0,447.53000000000003,1,2009-12-17 08:55:00,357,6.105975568893946,0.6931471805599453,1,At-Risk / Lost Customers
18203.0,322.1,3,2010-11-23 12:25:00,16,5.777961872830453,1.3862943611198906,2,New / Promising Customers
18206.0,314.65999999999997,1,2010-06-04 13:47:00,188,5.754665684970771,0.6931471805599453,1,At-Risk / Lost Customers
18207.0,544.47,1,2010-07-28 14:26:00,134,6.301647808343773,0.6931471805599453,2,New / Promising Customers
18208.0,360.08,1,2010-05-23 11:54:00,200,5.889099540429954,0.6931471805599453,1,At-Risk / Lost Customers
18210.0,147.45,1,2010-11-22 09:39:00,17,5.000248201209769,0.6931471805599453,2,New / Promising Customers
18212.0,298.3,1,2010-01-31 14:42:00,312,5.701446414858653,0.6931471805599453,1,At-Risk / Lost Customers
18214.0,1780.34,4,2010-06-27 11:21:00,165,7.485121169056339,1.6094379124341003,0,Champions/VIPs
18215.0,1933.15,4,2010-09-28 16:18:00,72,7.567423232467915,1.6094379124341003,0,Champions/VIPs
18217.0,323.29,2,2010-07-14 12:27:00,148,5.781638177191837,1.0986122886681098,2,New / Promising Customers
18218.0,479.91999999999996,2,2010-04-22 12:38:00,231,6.175700936106709,1.0986122886681098,1,At-Risk / Lost Customers
18219.0,1493.1200000000001,8,2010-12-06 10:05:00,3,7.3092926837523216,2.1972245773362196,0,Champions/VIPs
18220.0,1616.48,5,2010-11-10 14:22:00,29,7.388624661538179,1.791759469228055,0,Champions/VIPs
18221.0,383.33,1,2010-11-14 15:46:00,25,5.951501558536452,0.6931471805599453,2,New / Promising Customers
18227.0,295.0,1,2010-08-12 16:45:00,119,5.69035945432406,0.6931471805599453,2,New / Promising Customers
18229.0,3526.81,10,2010-12-08 10:51:00,1,8.168432560801172,2.3978952727983707,0,Champions/VIPs
18230.0,1480.8600000000001,2,2010-11-26 15:33:00,13,7.301053334457178,1.0986122886681098,0,Champions/VIPs
18234.0,179.6,1,2010-06-06 11:22:00,186,5.196284640982885,0.6931471805599453,1,At-Risk / Lost Customers
18236.0,913.11,6,2010-11-16 12:48:00,23,6.817950914322066,1.9459101490553132,0,Champions/VIPs
18238.0,270.92,1,2010-07-12 12:51:00,150,5.605507905387861,0.6931471805599453,1,At-Risk / Lost Customers
18239.0,588.75,2,2010-12-02 17:48:00,7,6.379698718287784,1.0986122886681098,2,New / Promising Customers
18241.0,913.9,4,2010-10-20 11:58:00,50,6.818814769685489,1.6094379124341003,0,Champions/VIPs
18242.0,1372.72,4,2010-09-20 13:57:00,80,7.225277667444801,1.6094379124341003,0,Champions/VIPs
18243.0,515.78,1,2010-10-21 14:29:00,49,6.247617252029137,0.6931471805599453,2,New / Promising Customers
18244.0,408.64,2,2010-10-05 11:15:00,65,6.015278725207237,1.0986122886681098,2,New / Promising Customers
18246.0,162.72,1,2010-04-09 10:19:00,244,5.098157651624202,0.6931471805599453,1,At-Risk / Lost Customers
18247.0,839.73,3,2010-10-21 09:49:00,49,6.7342705620531635,1.3862943611198906,0,Champions/VIPs
18252.0,1015.42,5,2010-06-09 12:25:00,183,6.924041928544818,1.791759469228055,0,Champions/VIPs
18253.0,317.88,1,2010-03-07 12:38:00,277,5.7648148564644845,0.6931471805599453,1,At-Risk / Lost Customers
18254.0,267.9,1,2010-05-07 14:37:00,216,5.5943395632748185,0.6931471805599453,1,At-Risk / Lost Customers
18255.0,199.85,1,2010-09-09 16:31:00,91,5.302558360805291,0.6931471805599453,2,New / Promising Customers
18256.0,110.7,1,2010-11-17 08:53:00,22,4.715816706075155,0.6931471805599453,2,New / Promising Customers
18257.0,2247.52,4,2010-09-19 13:02:00,81,7.7180275009899715,1.6094379124341003,0,Champions/VIPs
18258.0,2059.67,6,2010-09-01 14:20:00,99,7.630786451622126,1.9459101490553132,0,Champions/VIPs
18259.0,1979.6000000000001,5,2010-12-08 13:38:00,1,7.591155108087203,1.791759469228055,0,Champions/VIPs
18262.0,428.06,2,2010-11-11 13:30:00,28,6.06159676928836,1.0986122886681098,2,New / Promising Customers
18264.0,603.25,1,2010-07-29 10:02:00,133,6.4039880195835925,0.6931471805599453,2,New / Promising Customers
18266.0,251.1,1,2010-10-01 15:33:00,69,5.529825834193874,0.6931471805599453,2,New / Promising Customers
18267.0,269.37,1,2010-02-05 08:43:00,307,5.599791391268202,0.6931471805599453,1,At-Risk / Lost Customers
18268.0,1464.73,5,2010-04-27 15:47:00,226,7.2901086908595385,1.791759469228055,0,Champions/VIPs
18269.0,168.6,1,2010-12-08 13:53:00,1,5.133442723357803,0.6931471805599453,2,New / Promising Customers
18270.0,161.4,1,2010-10-03 10:49:00,67,5.090062427727577,0.6931471805599453,2,New / Promising Customers
18271.0,680.85,2,2010-04-09 09:26:00,244,6.524809692303843,1.0986122886681098,1,At-Risk / Lost Customers
18272.0,1307.4,3,2010-06-09 14:37:00,183,7.1765602956642285,1.3862943611198906,0,Champions/VIPs
18273.0,153.0,1,2010-04-28 12:24:00,225,5.0369526024136295,0.6931471805599453,1,At-Risk / Lost Customers
18275.0,741.85,2,2010-05-10 15:46:00,213,6.610494140083362,1.0986122886681098,1,At-Risk / Lost Customers
18276.0,1320.66,5,2010-11-12 10:11:00,27,7.186643801251925,1.791759469228055,0,Champions/VIPs
18277.0,1069.67,4,2010-11-07 15:52:00,32,6.976039899718727,1.6094379124341003,0,Champions/VIPs
18278.0,240.3,1,2010-10-31 12:13:00,39,5.4860409726309864,0.6931471805599453,2,New / Promising Customers
18279.0,231.33999999999997,1,2010-07-08 14:48:00,154,5.448201816085328,0.6931471805599453,1,At-Risk / Lost Customers
18280.0,307.55,1,2010-11-10 15:51:00,29,5.731883904767076,0.6931471805599453,2,New / Promising Customers
18281.0,120.32,1,2010-05-11 10:49:00,212,4.798431682820381,0.6931471805599453,1,At-Risk / Lost Customers
18283.0,619.37,6,2010-11-22 15:30:00,17,6.4303160742337795,1.9459101490553132,0,Champions/VIPs
18284.0,411.68,1,2010-10-04 11:33:00,66,6.022672474232175,0.6931471805599453,2,New / Promising Customers
18285.0,377.0,1,2010-02-17 10:24:00,295,5.934894195619588,0.6931471805599453,1,At-Risk / Lost Customers
18286.0,1246.43,2,2010-08-20 11:57:00,111,7.128840713826875,1.0986122886681098,0,Champions/VIPs
18287.0,2295.71,4,2010-11-22 11:51:00,17,7.739232943086126,1.6094379124341003,0,Champions/VIPs
12357.0,11229.99,1,2010-11-16 10:05:00,23,,,-1,Hibernating / Risk of Churn
12380.0,4782.84,4,2010-08-31 14:54:00,100,,,-1,Hibernating / Risk of Churn
12409.0,12346.619999999999,4,2010-10-15 10:24:00,55,,,-1,Hibernating / Risk of Churn
12415.0,19131.239999999998,4,2010-11-29 15:07:00,10,,,-1,Hibernating / Risk of Churn
12431.0,4145.52,11,2010-12-01 10:03:00,8,,,-1,Hibernating / Risk of Churn
12433.0,7205.39,5,2010-12-08 16:49:00,1,,,-1,Hibernating / Risk of Churn
12435.0,5088.04,3,2010-11-08 10:07:00,31,,,-1,Hibernating / Risk of Churn
12454.0,8369.52,3,2010-11-09 10:09:00,30,,,-1,Hibernating / Risk of Churn
12474.0,4616.66,11,2010-11-26 12:19:00,13,,,-1,Hibernating / Risk of Churn
12476.0,6421.49,7,2010-11-07 15:34:00,32,,,-1,Hibernating / Risk of Churn
12477.0,7056.63,3,2010-11-05 09:35:00,34,,,-1,Hibernating / Risk of Churn
12481.0,6171.07,5,2010-12-09 10:13:00,0,,,-1,Hibernating / Risk of Churn
12490.0,3904.71,10,2010-11-26 14:16:00,13,,,-1,Hibernating / Risk of Churn
12497.0,4736.2,2,2010-11-04 12:31:00,35,,,-1,Hibernating / Risk of Churn
12524.0,5740.39,9,2010-11-16 09:08:00,23,,,-1,Hibernating / Risk of Churn
12539.0,5618.400000000001,3,2010-09-15 09:50:00,85,,,-1,Hibernating / Risk of Churn
12557.0,6725.18,4,2010-12-03 12:20:00,6,,,-1,Hibernating / Risk of Churn
12567.0,3858.58,7,2010-12-07 10:36:00,2,,,-1,Hibernating / Risk of Churn
12643.0,4762.18,5,2010-11-19 12:42:00,20,,,-1,Hibernating / Risk of Churn
12668.0,6728.88,5,2010-11-26 11:48:00,13,,,-1,Hibernating / Risk of Churn
12678.0,16263.72,6,2010-11-29 09:55:00,10,,,-1,Hibernating / Risk of Churn
12683.0,3788.21,8,2010-12-09 12:17:00,0,,,-1,Hibernating / Risk of Churn
12705.0,4731.81,5,2010-11-21 13:59:00,18,,,-1,Hibernating / Risk of Churn
12714.0,8520.85,7,2010-11-16 18:10:00,23,,,-1,Hibernating / Risk of Churn
12731.0,6879.8,5,2010-09-23 15:12:00,77,,,-1,Hibernating / Risk of Churn
12744.0,4037.77,4,2010-09-06 10:24:00,94,,,-1,Hibernating / Risk of Churn
12758.0,7111.650000000001,5,2010-09-06 13:02:00,94,,,-1,Hibernating / Risk of Churn
12836.0,3949.37,11,2010-11-15 16:22:00,24,,,-1,Hibernating / Risk of Churn
12867.0,3819.92,6,2010-11-07 15:31:00,32,,,-1,Hibernating / Risk of Churn
12913.0,4217.2300000000005,9,2010-12-06 16:36:00,3,,,-1,Hibernating / Risk of Churn
12917.0,3765.2,5,2010-11-04 15:56:00,35,,,-1,Hibernating / Risk of Churn
12957.0,4689.43,5,2010-06-16 08:55:00,176,,,-1,Hibernating / Risk of Churn
13044.0,4287.58,10,2010-08-04 16:27:00,127,,,-1,Hibernating / Risk of Churn
13137.0,3983.65,8,2010-11-18 13:27:00,21,,,-1,Hibernating / Risk of Churn
13157.0,3946.14,5,2010-10-26 14:42:00,44,,,-1,Hibernating / Risk of Churn
13174.0,6602.7,9,2010-12-05 16:24:00,4,,,-1,Hibernating / Risk of Churn
13178.0,8333.72,10,2010-11-07 15:50:00,32,,,-1,Hibernating / Risk of Churn
13225.0,9796.23,9,2010-10-14 16:26:00,56,,,-1,Hibernating / Risk of Churn
13316.0,5249.49,6,2010-11-12 10:14:00,27,,,-1,Hibernating / Risk of Churn
13329.0,4323.97,7,2010-12-08 10:11:00,1,,,-1,Hibernating / Risk of Churn
13340.0,11364.08,5,2010-10-18 10:42:00,52,,,-1,Hibernating / Risk of Churn
13373.0,4274.94,3,2010-10-20 10:09:00,50,,,-1,Hibernating / Risk of Churn
13381.0,4585.06,6,2010-11-25 13:30:00,14,,,-1,Hibernating / Risk of Churn
13394.0,4101.68,11,2010-11-25 18:08:00,14,,,-1,Hibernating / Risk of Churn
13446.0,3881.89,11,2010-10-05 18:51:00,65,,,-1,Hibernating / Risk of Churn
13448.0,5295.49,8,2010-12-01 10:53:00,8,,,-1,Hibernating / Risk of Churn
13451.0,4190.66,6,2010-11-23 14:50:00,16,,,-1,Hibernating / Risk of Churn
13488.0,6619.57,11,2010-12-07 13:01:00,2,,,-1,Hibernating / Risk of Churn
13555.0,4792.96,9,2010-11-26 11:50:00,13,,,-1,Hibernating / Risk of Churn
13576.0,4834.400000000001,11,2010-12-01 17:24:00,8,,,-1,Hibernating / Risk of Churn
13615.0,5854.84,7,2010-11-05 13:42:00,34,,,-1,Hibernating / Risk of Churn
13629.0,5578.5,8,2010-10-22 09:48:00,48,,,-1,Hibernating / Risk of Churn
13680.0,7700.55,8,2010-08-25 13:05:00,106,,,-1,Hibernating / Risk of Churn
13734.0,6695.6900000000005,4,2010-07-19 12:04:00,143,,,-1,Hibernating / Risk of Churn
13735.0,6879.2300000000005,9,2010-11-28 13:43:00,11,,,-1,Hibernating / Risk of Churn
13756.0,3999.2300000000005,10,2010-12-07 11:41:00,2,,,-1,Hibernating / Risk of Churn
13758.0,6123.59,9,2010-12-08 15:39:00,1,,,-1,Hibernating / Risk of Churn
13869.0,4913.22,6,2010-11-23 13:36:00,16,,,-1,Hibernating / Risk of Churn
13883.0,3860.89,9,2010-11-01 14:45:00,38,,,-1,Hibernating / Risk of Churn
13931.0,4019.85,9,2010-11-12 12:12:00,27,,,-1,Hibernating / Risk of Churn
13935.0,6116.92,3,2010-04-22 11:21:00,231,,,-1,Hibernating / Risk of Churn
13941.0,6009.34,11,2010-12-02 10:17:00,7,,,-1,Hibernating / Risk of Churn
13958.0,4709.2300000000005,8,2010-11-25 10:11:00,14,,,-1,Hibernating / Risk of Churn
13983.0,4479.82,10,2010-12-08 10:38:00,1,,,-1,Hibernating / Risk of Churn
14016.0,7012.2,7,2010-11-08 15:42:00,31,,,-1,Hibernating / Risk of Churn
14025.0,4057.9,8,2010-09-01 10:11:00,99,,,-1,Hibernating / Risk of Churn
14049.0,7444.68,9,2010-11-17 10:44:00,22,,,-1,Hibernating / Risk of Churn
14063.0,9471.5,7,2010-01-22 11:28:00,321,,,-1,Hibernating / Risk of Churn
14081.0,4369.47,9,2010-12-05 15:47:00,4,,,-1,Hibernating / Risk of Churn
14088.0,13544.99,3,2010-10-29 10:31:00,41,,,-1,Hibernating / Risk of Churn
14091.0,8788.08,2,2010-02-23 15:17:00,289,,,-1,Hibernating / Risk of Churn
14101.0,3880.74,7,2010-11-16 14:54:00,23,,,-1,Hibernating / Risk of Churn
14105.0,4722.6,4,2010-10-27 11:53:00,43,,,-1,Hibernating / Risk of Churn
14135.0,4953.61,11,2010-12-07 12:37:00,2,,,-1,Hibernating / Risk of Churn
14145.0,3857.85,3,2010-09-06 09:53:00,94,,,-1,Hibernating / Risk of Churn
14146.0,5259.3,7,2010-11-21 15:55:00,18,,,-1,Hibernating / Risk of Churn
14154.0,5115.08,6,2010-11-23 17:53:00,16,,,-1,Hibernating / Risk of Churn
14160.0,8421.47,7,2010-04-08 14:30:00,245,,,-1,Hibernating / Risk of Churn
14175.0,4456.58,5,2010-10-17 13:59:00,53,,,-1,Hibernating / Risk of Churn
14210.0,3955.6800000000003,11,2010-12-03 12:43:00,6,,,-1,Hibernating / Risk of Churn
14243.0,4842.28,8,2010-12-09 08:34:00,0,,,-1,Hibernating / Risk of Churn
14282.0,4120.32,11,2010-12-07 12:21:00,2,,,-1,Hibernating / Risk of Churn
14286.0,3851.0099999999998,4,2010-10-31 15:39:00,39,,,-1,Hibernating / Risk of Churn
14292.0,4354.32,7,2010-10-25 12:18:00,45,,,-1,Hibernating / Risk of Churn
14329.0,4912.38,8,2010-11-29 15:53:00,10,,,-1,Hibernating / Risk of Churn
14415.0,6124.52,10,2010-11-25 13:51:00,14,,,-1,Hibernating / Risk of Churn
14426.0,7246.27,7,2010-11-01 16:24:00,38,,,-1,Hibernating / Risk of Churn
14439.0,6781.8,4,2010-09-22 14:47:00,78,,,-1,Hibernating / Risk of Churn
14440.0,4281.05,9,2010-12-09 12:49:00,0,,,-1,Hibernating / Risk of Churn
14442.0,3777.2,5,2010-10-21 15:39:00,49,,,-1,Hibernating / Risk of Churn
14461.0,4573.85,10,2010-11-22 12:33:00,17,,,-1,Hibernating / Risk of Churn
14505.0,6013.65,11,2010-10-31 16:16:00,39,,,-1,Hibernating / Risk of Churn
14525.0,3802.69,8,2010-10-07 19:03:00,63,,,-1,Hibernating / Risk of Churn
14607.0,7553.63,8,2010-08-29 13:35:00,102,,,-1,Hibernating / Risk of Churn
14676.0,5653.03,6,2010-11-10 12:32:00,29,,,-1,Hibernating / Risk of Churn
14685.0,4536.64,8,2010-05-12 13:08:00,211,,,-1,Hibernating / Risk of Churn
14733.0,6579.26,4,2010-12-07 11:30:00,2,,,-1,Hibernating / Risk of Churn
14766.0,4082.76,6,2010-12-08 15:33:00,1,,,-1,Hibernating / Risk of Churn
14769.0,5097.13,9,2010-11-14 13:39:00,25,,,-1,Hibernating / Risk of Churn
14828.0,7699.7,10,2010-11-16 17:23:00,23,,,-1,Hibernating / Risk of Churn
14841.0,3867.2400000000002,8,2010-11-30 13:01:00,9,,,-1,Hibernating / Risk of Churn
14855.0,5874.65,5,2010-08-22 13:37:00,109,,,-1,Hibernating / Risk of Churn
14866.0,6450.32,7,2010-12-08 14:58:00,1,,,-1,Hibernating / Risk of Churn
14918.0,4345.66,7,2010-10-31 12:41:00,39,,,-1,Hibernating / Risk of Churn
14936.0,4273.79,4,2010-11-14 11:32:00,25,,,-1,Hibernating / Risk of Churn
14944.0,3784.42,7,2010-11-15 10:46:00,24,,,-1,Hibernating / Risk of Churn
15023.0,5283.39,10,2010-12-05 13:49:00,4,,,-1,Hibernating / Risk of Churn
15032.0,8821.55,7,2010-12-08 13:30:00,1,,,-1,Hibernating / Risk of Churn
15034.0,3957.04,6,2010-11-18 14:07:00,21,,,-1,Hibernating / Risk of Churn
15125.0,5496.39,9,2010-08-17 09:54:00,114,,,-1,Hibernating / Risk of Churn
15179.0,5284.97,8,2010-11-12 15:35:00,27,,,-1,Hibernating / Risk of Churn
15218.0,5696.9400000000005,11,2010-11-15 11:39:00,24,,,-1,Hibernating / Risk of Churn
15251.0,9839.55,10,2010-10-21 14:29:00,49,,,-1,Hibernating / Risk of Churn
15281.0,6211.42,7,2010-11-26 16:31:00,13,,,-1,Hibernating / Risk of Churn
15296.0,6650.17,6,2010-10-15 09:33:00,55,,,-1,Hibernating / Risk of Churn
15321.0,3961.42,9,2010-09-28 18:11:00,72,,,-1,Hibernating / Risk of Churn
15332.0,4892.68,6,2010-12-08 14:43:00,1,,,-1,Hibernating / Risk of Churn
15369.0,6251.26,11,2010-08-04 13:54:00,127,,,-1,Hibernating / Risk of Churn
15382.0,7777.84,6,2010-11-30 09:46:00,9,,,-1,Hibernating / Risk of Churn
15413.0,6395.52,5,2010-01-17 11:33:00,326,,,-1,Hibernating / Risk of Churn
15497.0,7395.19,7,2010-11-22 13:15:00,17,,,-1,Hibernating / Risk of Churn
15521.0,4087.44,8,2010-11-04 18:40:00,35,,,-1,Hibernating / Risk of Churn
15622.0,4143.05,8,2010-10-08 14:35:00,62,,,-1,Hibernating / Risk of Churn
15674.0,4501.63,8,2010-10-18 12:46:00,52,,,-1,Hibernating / Risk of Churn
15727.0,4212.65,8,2010-11-17 13:49:00,22,,,-1,Hibernating / Risk of Churn
15823.0,3867.17,2,2009-12-10 18:03:00,364,,,-1,Hibernating / Risk of Churn
15838.0,7728.0599999999995,11,2010-12-07 11:26:00,2,,,-1,Hibernating / Risk of Churn
15903.0,3813.0800000000004,5,2010-11-26 12:44:00,13,,,-1,Hibernating / Risk of Churn
15950.0,5376.2,6,2010-11-29 17:00:00,10,,,-1,Hibernating / Risk of Churn
15955.0,4242.1,9,2010-12-02 11:22:00,7,,,-1,Hibernating / Risk of Churn
15980.0,4144.82,4,2010-08-06 12:35:00,125,,,-1,Hibernating / Risk of Churn
15998.0,5193.92,11,2010-11-11 16:27:00,28,,,-1,Hibernating / Risk of Churn
16118.0,4376.25,1,2010-02-25 09:40:00,287,,,-1,Hibernating / Risk of Churn
16126.0,8356.83,11,2010-11-25 13:41:00,14,,,-1,Hibernating / Risk of Churn
16131.0,6450.88,6,2010-11-29 13:20:00,10,,,-1,Hibernating / Risk of Churn
16180.0,5995.69,5,2010-08-18 16:18:00,113,,,-1,Hibernating / Risk of Churn
16191.0,10497.300000000001,11,2010-11-29 11:45:00,10,,,-1,Hibernating / Risk of Churn
16200.0,4539.23,10,2010-11-22 11:57:00,17,,,-1,Hibernating / Risk of Churn
16242.0,3824.79,7,2010-11-23 16:41:00,16,,,-1,Hibernating / Risk of Churn
16258.0,6335.81,10,2010-11-17 11:48:00,22,,,-1,Hibernating / Risk of Churn
16279.0,4195.5,6,2010-11-19 11:48:00,20,,,-1,Hibernating / Risk of Churn
16320.0,4590.53,4,2010-09-12 13:51:00,88,,,-1,Hibernating / Risk of Churn
16327.0,6723.41,11,2010-12-05 12:43:00,4,,,-1,Hibernating / Risk of Churn
16456.0,4630.16,9,2010-12-01 14:11:00,8,,,-1,Hibernating / Risk of Churn
16546.0,4819.32,4,2010-12-02 12:07:00,7,,,-1,Hibernating / Risk of Churn
16556.0,4698.79,10,2010-11-29 16:25:00,10,,,-1,Hibernating / Risk of Churn
16636.0,3802.04,4,2010-09-27 13:13:00,73,,,-1,Hibernating / Risk of Churn
16652.0,10776.42,9,2010-10-31 15:33:00,39,,,-1,Hibernating / Risk of Churn
16670.0,3934.25,9,2010-11-11 17:07:00,28,,,-1,Hibernating / Risk of Churn
16709.0,6026.14,9,2010-11-25 12:28:00,14,,,-1,Hibernating / Risk of Churn
16722.0,4258.2699999999995,11,2010-12-08 15:38:00,1,,,-1,Hibernating / Risk of Churn
16732.0,3783.89,3,2010-11-01 13:33:00,38,,,-1,Hibernating / Risk of Churn
16735.0,3970.0,9,2010-11-11 15:25:00,28,,,-1,Hibernating / Risk of Churn
16749.0,4157.88,2,2010-04-27 13:06:00,226,,,-1,Hibernating / Risk of Churn
16839.0,5716.14,11,2010-12-05 11:15:00,4,,,-1,Hibernating / Risk of Churn
16858.0,4292.59,10,2010-12-06 09:52:00,3,,,-1,Hibernating / Risk of Churn
16873.0,7493.77,6,2010-10-06 15:34:00,64,,,-1,Hibernating / Risk of Churn
16938.0,4283.68,5,2010-11-23 13:01:00,16,,,-1,Hibernating / Risk of Churn
16954.0,3996.7999999999997,11,2010-11-25 14:57:00,14,,,-1,Hibernating / Risk of Churn
16984.0,5891.01,7,2010-10-31 16:26:00,39,,,-1,Hibernating / Risk of Churn
16992.0,3862.19,8,2010-11-17 15:21:00,22,,,-1,Hibernating / Risk of Churn
17044.0,11013.82,11,2010-11-30 10:48:00,9,,,-1,Hibernating / Risk of Churn
17049.0,4287.5,10,2010-11-29 13:00:00,10,,,-1,Hibernating / Risk of Churn
17091.0,3961.44,11,2010-12-07 09:55:00,2,,,-1,Hibernating / Risk of Churn
17092.0,3737.38,7,2010-09-28 14:27:00,72,,,-1,Hibernating / Risk of Churn
17107.0,5255.24,4,2010-11-07 13:50:00,32,,,-1,Hibernating / Risk of Churn
17133.0,4894.09,5,2010-08-22 13:58:00,109,,,-1,Hibernating / Risk of Churn
17138.0,4036.77,6,2010-11-15 13:15:00,24,,,-1,Hibernating / Risk of Churn
17146.0,5102.86,10,2010-09-30 10:24:00,70,,,-1,Hibernating / Risk of Churn
17160.0,6691.13,11,2010-11-30 17:43:00,9,,,-1,Hibernating / Risk of Churn
17204.0,3940.13,5,2010-11-30 17:58:00,9,,,-1,Hibernating / Risk of Churn
17230.0,5750.08,10,2010-05-25 11:07:00,198,,,-1,Hibernating / Risk of Churn
17307.0,3891.8900000000003,11,2010-11-09 13:40:00,30,,,-1,Hibernating / Risk of Churn
17338.0,5395.79,9,2010-11-29 16:13:00,10,,,-1,Hibernating / Risk of Churn
17340.0,9935.93,8,2010-12-08 15:56:00,1,,,-1,Hibernating / Risk of Churn
17381.0,10997.24,10,2010-12-06 09:45:00,3,,,-1,Hibernating / Risk of Churn
17404.0,11834.619999999999,8,2010-10-26 15:48:00,44,,,-1,Hibernating / Risk of Churn
17409.0,7021.66,8,2010-10-14 10:10:00,56,,,-1,Hibernating / Risk of Churn
17450.0,11112.86,5,2010-12-07 09:23:00,2,,,-1,Hibernating / Risk of Churn
17457.0,4247.11,9,2010-11-25 13:05:00,14,,,-1,Hibernating / Risk of Churn
17504.0,6493.14,9,2010-11-24 09:49:00,15,,,-1,Hibernating / Risk of Churn
17508.0,4191.92,7,2010-11-23 12:22:00,16,,,-1,Hibernating / Risk of Churn
17584.0,3917.4,4,2010-08-29 12:43:00,102,,,-1,Hibernating / Risk of Churn
17593.0,4168.46,6,2010-10-26 17:55:00,44,,,-1,Hibernating / Risk of Churn
17625.0,3958.5,4,2010-09-19 14:51:00,81,,,-1,Hibernating / Risk of Churn
17700.0,4145.33,10,2010-11-23 15:55:00,16,,,-1,Hibernating / Risk of Churn
17735.0,4134.91,8,2010-12-07 10:32:00,2,,,-1,Hibernating / Risk of Churn
17739.0,4939.24,11,2010-11-30 09:52:00,9,,,-1,Hibernating / Risk of Churn
17802.0,3761.38,8,2010-12-02 13:44:00,7,,,-1,Hibernating / Risk of Churn
17809.0,5925.4800000000005,11,2010-12-03 12:43:00,6,,,-1,Hibernating / Risk of Churn
17829.0,3867.5,4,2010-10-26 13:46:00,44,,,-1,Hibernating / Risk of Churn
17838.0,3786.7000000000003,10,2010-12-09 15:50:00,0,,,-1,Hibernating / Risk of Churn
18055.0,4381.78,6,2010-12-07 09:13:00,2,,,-1,Hibernating / Risk of Churn
18092.0,6721.18,8,2010-12-09 10:00:00,0,,,-1,Hibernating / Risk of Churn
18178.0,4512.93,7,2010-11-02 17:24:00,37,,,-1,Hibernating / Risk of Churn
18251.0,9712.64,6,2010-08-20 12:28:00,111,,,-1,Hibernating / Risk of Churn
12523.0,2310.58,12,2010-11-30 12:31:00,9,,,-2,Loyal Everyday Shoppers
12841.0,3472.61,17,2010-12-05 12:15:00,4,,,-2,Loyal Everyday Shoppers
13117.0,1658.8999999999999,12,2010-12-09 14:50:00,0,,,-2,Loyal Everyday Shoppers
13230.0,3447.33,17,2010-12-09 19:28:00,0,,,-2,Loyal Everyday Shoppers
13269.0,3545.47,14,2010-12-05 11:51:00,4,,,-2,Loyal Everyday Shoppers
13491.0,3350.7400000000002,18,2010-12-02 14:30:00,7,,,-2,Loyal Everyday Shoppers
13571.0,2448.32,14,2010-11-22 13:09:00,17,,,-2,Loyal Everyday Shoppers
13963.0,2347.33,14,2010-12-07 09:21:00,2,,,-2,Loyal Everyday Shoppers
14060.0,3378.66,13,2010-12-08 12:40:00,1,,,-2,Loyal Everyday Shoppers
14344.0,2443.77,14,2010-12-07 10:51:00,2,,,-2,Loyal Everyday Shoppers
14590.0,2993.37,20,2010-10-11 12:06:00,59,,,-2,Loyal Everyday Shoppers
14702.0,3415.64,13,2010-12-09 19:23:00,0,,,-2,Loyal Everyday Shoppers
14825.0,2698.17,13,2010-12-06 12:30:00,3,,,-2,Loyal Everyday Shoppers
14852.0,3295.7400000000002,12,2010-10-11 14:46:00,59,,,-2,Loyal Everyday Shoppers
14867.0,2241.78,13,2010-11-09 10:31:00,30,,,-2,Loyal Everyday Shoppers
14878.0,2600.41,16,2010-11-28 14:13:00,11,,,-2,Loyal Everyday Shoppers
14882.0,2956.9500000000003,12,2010-11-14 13:04:00,25,,,-2,Loyal Everyday Shoppers
15015.0,2344.47,13,2010-07-26 13:50:00,136,,,-2,Loyal Everyday Shoppers
15129.0,3412.78,12,2010-11-19 11:48:00,20,,,-2,Loyal Everyday Shoppers
15527.0,3125.51,15,2010-11-10 12:13:00,29,,,-2,Loyal Everyday Shoppers
15611.0,1405.83,13,2010-11-21 11:35:00,18,,,-2,Loyal Everyday Shoppers
15827.0,1957.98,16,2010-12-02 13:08:00,7,,,-2,Loyal Everyday Shoppers
15885.0,1572.47,12,2010-11-21 11:40:00,18,,,-2,Loyal Everyday Shoppers
16011.0,2484.3,14,2010-12-08 16:34:00,1,,,-2,Loyal Everyday Shoppers
16351.0,3176.13,12,2010-10-24 11:21:00,46,,,-2,Loyal Everyday Shoppers
16353.0,3323.75,16,2010-12-05 12:09:00,4,,,-2,Loyal Everyday Shoppers
16444.0,2971.21,13,2010-11-14 10:21:00,25,,,-2,Loyal Everyday Shoppers
16458.0,2208.15,12,2010-11-29 12:42:00,10,,,-2,Loyal Everyday Shoppers
16497.0,3729.59,17,2010-10-22 11:00:00,48,,,-2,Loyal Everyday Shoppers
16592.0,3694.23,12,2010-11-29 15:19:00,10,,,-2,Loyal Everyday Shoppers
16742.0,2334.97,13,2010-08-04 10:52:00,127,,,-2,Loyal Everyday Shoppers
16883.0,2101.61,18,2010-12-03 10:33:00,6,,,-2,Loyal Everyday Shoppers
16919.0,2515.76,14,2010-12-06 12:52:00,3,,,-2,Loyal Everyday Shoppers
17241.0,2736.64,12,2010-11-19 13:01:00,20,,,-2,Loyal Everyday Shoppers
17287.0,3000.5,16,2010-12-07 12:43:00,2,,,-2,Loyal Everyday Shoppers
17346.0,2502.64,12,2010-12-01 14:34:00,8,,,-2,Loyal Everyday Shoppers
17372.0,2979.28,19,2010-11-23 11:12:00,16,,,-2,Loyal Everyday Shoppers
17402.0,2461.68,12,2010-12-05 15:06:00,4,,,-2,Loyal Everyday Shoppers
17460.0,1605.8400000000001,12,2010-12-02 15:14:00,7,,,-2,Loyal Everyday Shoppers
17469.0,3180.28,12,2010-11-04 17:38:00,35,,,-2,Loyal Everyday Shoppers
17612.0,3346.41,12,2010-11-25 19:41:00,14,,,-2,Loyal Everyday Shoppers
17848.0,2637.26,21,2010-10-18 16:38:00,52,,,-2,Loyal Everyday Shoppers
17884.0,2320.92,18,2010-12-06 15:13:00,3,,,-2,Loyal Everyday Shoppers
17888.0,1091.44,17,2010-11-30 16:17:00,9,,,-2,Loyal Everyday Shoppers
17913.0,3016.44,12,2010-11-04 19:12:00,35,,,-2,Loyal Everyday Shoppers
17931.0,2993.88,12,2010-11-07 12:36:00,32,,,-2,Loyal Everyday Shoppers
17961.0,1697.85,62,2010-12-02 19:18:00,7,,,-2,Loyal Everyday Shoppers
17969.0,2126.09,18,2010-07-25 13:08:00,137,,,-2,Loyal Everyday Shoppers
17975.0,2527.17,12,2010-12-08 11:38:00,1,,,-2,Loyal Everyday Shoppers
18065.0,3453.8,14,2010-11-16 10:05:00,23,,,-2,Loyal Everyday Shoppers
18109.0,1828.24,13,2010-12-05 10:58:00,4,,,-2,Loyal Everyday Shoppers
12437.0,6834.99,20,2010-11-09 14:46:00,30,,,-3,Enterprise / VIP Whales
12471.0,17711.25,44,2010-11-30 14:35:00,9,,,-3,Enterprise / VIP Whales
12472.0,10426.48,13,2010-12-05 14:19:00,4,,,-3,Enterprise / VIP Whales
12482.0,20807.0,27,2010-05-12 16:51:00,211,,,-3,Enterprise / VIP Whales
12540.0,7670.25,15,2010-11-26 10:43:00,13,,,-3,Enterprise / VIP Whales
12583.0,6590.0599999999995,13,2010-12-01 08:45:00,8,,,-3,Enterprise / VIP Whales
12621.0,9512.94,16,2010-12-09 10:16:00,0,,,-3,Enterprise / VIP Whales
12647.0,11769.53,26,2010-12-07 12:28:00,2,,,-3,Enterprise / VIP Whales
12681.0,15532.74,23,2010-12-07 10:08:00,2,,,-3,Enterprise / VIP Whales
12682.0,10665.69,22,2010-12-09 14:49:00,0,,,-3,Enterprise / VIP Whales
12709.0,20483.36,18,2010-12-08 09:49:00,1,,,-3,Enterprise / VIP Whales
12747.0,5061.03,16,2010-12-05 15:38:00,4,,,-3,Enterprise / VIP Whales
12748.0,19452.23,133,2010-12-09 13:22:00,0,,,-3,Enterprise / VIP Whales
12823.0,4742.0,13,2010-11-10 12:22:00,29,,,-3,Enterprise / VIP Whales
12835.0,5996.83,41,2010-10-08 10:59:00,62,,,-3,Enterprise / VIP Whales
12839.0,4480.31,13,2010-12-07 15:48:00,2,,,-3,Enterprise / VIP Whales
12843.0,4759.61,20,2010-11-22 13:31:00,17,,,-3,Enterprise / VIP Whales
12921.0,19333.95,39,2010-12-08 10:14:00,1,,,-3,Enterprise / VIP Whales
12931.0,30025.38,33,2010-11-24 10:07:00,15,,,-3,Enterprise / VIP Whales
12939.0,12198.0,12,2010-11-25 14:50:00,14,,,-3,Enterprise / VIP Whales
12949.0,11359.48,14,2010-11-22 15:45:00,17,,,-3,Enterprise / VIP Whales
12971.0,4102.4800000000005,33,2010-12-08 16:21:00,1,,,-3,Enterprise / VIP Whales
12980.0,8870.880000000001,12,2010-11-18 14:31:00,21,,,-3,Enterprise / VIP Whales
12989.0,4827.64,15,2010-09-13 08:39:00,87,,,-3,Enterprise / VIP Whales
13001.0,14256.68,20,2010-10-31 13:14:00,39,,,-3,Enterprise / VIP Whales
13004.0,5994.94,18,2010-11-18 19:08:00,21,,,-3,Enterprise / VIP Whales
13013.0,7814.83,18,2010-12-03 12:29:00,6,,,-3,Enterprise / VIP Whales
13047.0,5557.62,17,2010-12-01 08:35:00,8,,,-3,Enterprise / VIP Whales
13050.0,6372.19,18,2010-12-08 09:30:00,1,,,-3,Enterprise / VIP Whales
13069.0,4451.11,16,2010-12-05 11:03:00,4,,,-3,Enterprise / VIP Whales
13078.0,16904.510000000002,32,2010-12-08 09:07:00,1,,,-3,Enterprise / VIP Whales
13081.0,30817.37,19,2010-12-03 17:21:00,6,,,-3,Enterprise / VIP Whales
13089.0,57885.45,109,2010-12-06 14:00:00,3,,,-3,Enterprise / VIP Whales
13090.0,5174.32,12,2010-12-09 12:12:00,0,,,-3,Enterprise / VIP Whales
13093.0,47111.18,48,2010-12-01 15:00:00,8,,,-3,Enterprise / VIP Whales
13097.0,7012.14,17,2010-11-16 09:50:00,23,,,-3,Enterprise / VIP Whales
13102.0,5272.83,14,2010-12-09 13:38:00,0,,,-3,Enterprise / VIP Whales
13113.0,6357.08,14,2010-12-08 13:21:00,1,,,-3,Enterprise / VIP Whales
13141.0,5267.33,12,2010-11-19 10:51:00,20,,,-3,Enterprise / VIP Whales
13148.0,4805.06,14,2010-11-15 17:43:00,24,,,-3,Enterprise / VIP Whales
13162.0,7587.2,12,2010-11-24 15:35:00,15,,,-3,Enterprise / VIP Whales
13199.0,4818.65,30,2010-12-08 10:51:00,1,,,-3,Enterprise / VIP Whales
13206.0,8308.19,13,2010-11-04 16:50:00,35,,,-3,Enterprise / VIP Whales
13267.0,5236.77,18,2010-12-08 09:20:00,1,,,-3,Enterprise / VIP Whales
13317.0,4212.41,13,2010-11-19 10:06:00,20,,,-3,Enterprise / VIP Whales
13319.0,11236.95,34,2010-12-09 10:05:00,0,,,-3,Enterprise / VIP Whales
13327.0,6170.1,13,2010-12-09 15:33:00,0,,,-3,Enterprise / VIP Whales
13408.0,23616.420000000002,46,2010-12-03 09:39:00,6,,,-3,Enterprise / VIP Whales
13418.0,6055.47,15,2010-12-02 10:46:00,7,,,-3,Enterprise / VIP Whales
13426.0,4526.06,12,2010-11-22 11:22:00,17,,,-3,Enterprise / VIP Whales
13468.0,7670.54,38,2010-12-06 13:34:00,3,,,-3,Enterprise / VIP Whales
13542.0,3959.4900000000002,17,2010-11-28 11:24:00,11,,,-3,Enterprise / VIP Whales
13564.0,15242.24,35,2010-12-06 17:26:00,3,,,-3,Enterprise / VIP Whales
13590.0,4354.12,12,2010-11-29 11:40:00,10,,,-3,Enterprise / VIP Whales
13599.0,5013.96,14,2010-12-08 10:13:00,1,,,-3,Enterprise / VIP Whales
13668.0,6638.650000000001,14,2010-11-21 11:52:00,18,,,-3,Enterprise / VIP Whales
13694.0,121339.41,88,2010-12-01 12:12:00,8,,,-3,Enterprise / VIP Whales
13715.0,7348.3,13,2010-12-02 08:52:00,7,,,-3,Enterprise / VIP Whales
13767.0,18320.170000000002,39,2010-12-05 13:29:00,4,,,-3,Enterprise / VIP Whales
13777.0,28235.66,36,2010-12-08 15:35:00,1,,,-3,Enterprise / VIP Whales
13798.0,38683.02,54,2010-12-02 17:24:00,7,,,-3,Enterprise / VIP Whales
13802.0,21659.69,16,2010-11-30 12:28:00,9,,,-3,Enterprise / VIP Whales
13831.0,4795.09,13,2010-12-05 12:13:00,4,,,-3,Enterprise / VIP Whales
13854.0,4144.44,15,2010-12-09 10:48:00,0,,,-3,Enterprise / VIP Whales
13881.0,27558.78,23,2010-11-29 16:24:00,10,,,-3,Enterprise / VIP Whales
13952.0,9572.45,12,2010-11-24 14:29:00,15,,,-3,Enterprise / VIP Whales
13969.0,4266.88,18,2010-12-09 19:32:00,0,,,-3,Enterprise / VIP Whales
13999.0,5600.45,17,2010-11-30 09:46:00,9,,,-3,Enterprise / VIP Whales
14030.0,5839.46,14,2010-12-08 16:29:00,1,,,-3,Enterprise / VIP Whales
14031.0,23632.72,27,2010-12-09 17:34:00,0,,,-3,Enterprise / VIP Whales
14040.0,8963.49,23,2010-11-18 13:01:00,21,,,-3,Enterprise / VIP Whales
14045.0,9401.279999999999,12,2010-12-01 11:32:00,8,,,-3,Enterprise / VIP Whales
14051.0,6784.01,15,2010-12-08 12:49:00,1,,,-3,Enterprise / VIP Whales
14062.0,15020.6,12,2010-11-30 11:00:00,9,,,-3,Enterprise / VIP Whales
14085.0,5592.43,15,2010-12-06 12:39:00,3,,,-3,Enterprise / VIP Whales
14110.0,7304.8,21,2010-09-30 17:13:00,70,,,-3,Enterprise / VIP Whales
14113.0,5252.1900000000005,12,2010-11-29 15:53:00,10,,,-3,Enterprise / VIP Whales
14134.0,11123.35,15,2010-11-22 12:26:00,17,,,-3,Enterprise / VIP Whales
14156.0,165617.56,91,2010-12-03 11:48:00,6,,,-3,Enterprise / VIP Whales
14194.0,7321.07,15,2010-11-12 12:26:00,27,,,-3,Enterprise / VIP Whales
14249.0,5400.46,12,2010-10-25 12:34:00,45,,,-3,Enterprise / VIP Whales
14258.0,17970.16,16,2010-11-09 10:08:00,30,,,-3,Enterprise / VIP Whales
14291.0,4020.85,12,2010-11-24 09:47:00,15,,,-3,Enterprise / VIP Whales
14298.0,39207.45,37,2010-11-29 13:35:00,10,,,-3,Enterprise / VIP Whales
14299.0,10533.87,19,2010-12-09 10:30:00,0,,,-3,Enterprise / VIP Whales
14395.0,4630.7,12,2010-12-02 18:15:00,7,,,-3,Enterprise / VIP Whales
14422.0,6007.88,13,2010-11-30 10:43:00,9,,,-3,Enterprise / VIP Whales
14527.0,19202.3,68,2010-12-09 12:32:00,0,,,-3,Enterprise / VIP Whales
14543.0,10988.14,23,2010-11-24 10:20:00,15,,,-3,Enterprise / VIP Whales
14560.0,3876.2599999999998,22,2010-11-25 09:50:00,14,,,-3,Enterprise / VIP Whales
14606.0,18329.48,97,2010-12-08 12:08:00,1,,,-3,Enterprise / VIP Whales
14646.0,224765.18,72,2010-11-30 16:28:00,9,,,-3,Enterprise / VIP Whales
14648.0,4307.87,15,2010-10-19 13:12:00,51,,,-3,Enterprise / VIP Whales
14667.0,12386.51,31,2010-12-09 14:19:00,0,,,-3,Enterprise / VIP Whales
14680.0,28615.27,43,2010-12-03 12:05:00,6,,,-3,Enterprise / VIP Whales
14709.0,3965.29,12,2010-11-25 11:28:00,14,,,-3,Enterprise / VIP Whales
14735.0,6174.47,24,2010-11-16 13:39:00,23,,,-3,Enterprise / VIP Whales
14739.0,8385.22,19,2010-12-07 14:58:00,2,,,-3,Enterprise / VIP Whales
14755.0,4962.27,14,2010-11-23 14:42:00,16,,,-3,Enterprise / VIP Whales
14849.0,7832.91,21,2010-12-01 12:23:00,8,,,-3,Enterprise / VIP Whales
14895.0,13980.83,18,2010-11-21 13:51:00,18,,,-3,Enterprise / VIP Whales
14911.0,140352.54,183,2010-12-09 12:17:00,0,,,-3,Enterprise / VIP Whales
14952.0,9529.86,21,2010-11-08 12:21:00,31,,,-3,Enterprise / VIP Whales
14961.0,9365.47,13,2010-11-25 09:46:00,14,,,-3,Enterprise / VIP Whales
15005.0,7681.41,29,2010-12-08 14:36:00,1,,,-3,Enterprise / VIP Whales
15039.0,19557.1,47,2010-12-06 11:26:00,3,,,-3,Enterprise / VIP Whales
15044.0,8134.280000000001,15,2010-11-25 13:13:00,14,,,-3,Enterprise / VIP Whales
15061.0,76593.65,82,2010-12-07 13:50:00,2,,,-3,Enterprise / VIP Whales
15078.0,8008.77,22,2010-12-06 12:39:00,3,,,-3,Enterprise / VIP Whales
15093.0,9729.09,18,2010-12-02 18:25:00,7,,,-3,Enterprise / VIP Whales
15144.0,5579.87,12,2010-11-25 18:50:00,14,,,-3,Enterprise / VIP Whales
15194.0,4811.16,14,2010-12-06 15:00:00,3,,,-3,Enterprise / VIP Whales
15260.0,7377.46,20,2010-12-02 12:09:00,7,,,-3,Enterprise / VIP Whales
15270.0,6145.37,14,2010-11-04 11:48:00,35,,,-3,Enterprise / VIP Whales
15291.0,9178.26,26,2010-12-01 09:32:00,8,,,-3,Enterprise / VIP Whales
15298.0,4659.47,12,2010-12-08 13:55:00,1,,,-3,Enterprise / VIP Whales
15311.0,55387.74,120,2010-12-09 14:15:00,0,,,-3,Enterprise / VIP Whales
15358.0,8703.210000000001,22,2010-12-09 10:04:00,0,,,-3,Enterprise / VIP Whales
15465.0,5281.53,15,2010-12-05 10:12:00,4,,,-3,Enterprise / VIP Whales
15498.0,12633.18,19,2010-12-08 14:46:00,1,,,-3,Enterprise / VIP Whales
15513.0,12992.33,18,2010-12-09 09:23:00,0,,,-3,Enterprise / VIP Whales
15523.0,14972.3,15,2010-11-16 15:27:00,23,,,-3,Enterprise / VIP Whales
15544.0,4615.72,12,2010-12-02 12:47:00,7,,,-3,Enterprise / VIP Whales
15547.0,5092.05,12,2010-11-28 13:56:00,11,,,-3,Enterprise / VIP Whales
15555.0,7260.69,22,2010-12-09 16:53:00,0,,,-3,Enterprise / VIP Whales
15570.0,5105.32,14,2010-12-05 12:57:00,4,,,-3,Enterprise / VIP Whales
15581.0,4060.07,25,2010-12-08 14:38:00,1,,,-3,Enterprise / VIP Whales
15601.0,8183.56,17,2010-12-02 10:39:00,7,,,-3,Enterprise / VIP Whales
15615.0,10974.23,24,2010-11-14 12:07:00,25,,,-3,Enterprise / VIP Whales
15633.0,4335.96,13,2010-07-18 13:54:00,144,,,-3,Enterprise / VIP Whales
15640.0,11377.12,15,2010-12-02 15:40:00,7,,,-3,Enterprise / VIP Whales
15694.0,4331.41,12,2010-12-09 09:30:00,0,,,-3,Enterprise / VIP Whales
15719.0,5165.9,18,2010-11-23 13:07:00,16,,,-3,Enterprise / VIP Whales
15738.0,8560.550000000001,26,2010-12-02 12:50:00,7,,,-3,Enterprise / VIP Whales
15750.0,4330.46,12,2010-12-08 12:11:00,1,,,-3,Enterprise / VIP Whales
15768.0,14687.06,31,2010-08-20 15:58:00,111,,,-3,Enterprise / VIP Whales
15769.0,25191.6,20,2010-12-03 15:16:00,6,,,-3,Enterprise / VIP Whales
15805.0,4660.75,13,2010-11-19 11:27:00,20,,,-3,Enterprise / VIP Whales
15808.0,14482.03,18,2010-12-05 13:05:00,4,,,-3,Enterprise / VIP Whales
15856.0,17703.63,26,2010-12-09 13:34:00,0,,,-3,Enterprise / VIP Whales
15867.0,5177.92,17,2010-12-05 14:17:00,4,,,-3,Enterprise / VIP Whales
15874.0,6878.88,14,2010-11-17 10:32:00,22,,,-3,Enterprise / VIP Whales
15898.0,4125.51,22,2010-12-07 13:30:00,2,,,-3,Enterprise / VIP Whales
15981.0,5954.29,13,2010-11-03 09:51:00,36,,,-3,Enterprise / VIP Whales
15984.0,5735.09,21,2010-12-06 13:21:00,3,,,-3,Enterprise / VIP Whales
16008.0,4860.35,12,2010-11-22 13:22:00,17,,,-3,Enterprise / VIP Whales
16013.0,12633.92,31,2010-12-03 13:10:00,6,,,-3,Enterprise / VIP Whales
16019.0,13542.92,18,2010-11-23 13:14:00,16,,,-3,Enterprise / VIP Whales
16029.0,33559.5,46,2010-12-02 17:40:00,7,,,-3,Enterprise / VIP Whales
16103.0,4762.07,16,2010-11-15 16:44:00,24,,,-3,Enterprise / VIP Whales
16125.0,4292.35,14,2010-12-07 15:48:00,2,,,-3,Enterprise / VIP Whales
16133.0,8403.22,23,2010-11-28 12:08:00,11,,,-3,Enterprise / VIP Whales
16161.0,7210.59,25,2010-12-06 10:03:00,3,,,-3,Enterprise / VIP Whales
16168.0,6848.87,40,2010-12-05 11:38:00,4,,,-3,Enterprise / VIP Whales
16170.0,4983.95,14,2010-11-09 10:13:00,30,,,-3,Enterprise / VIP Whales
16186.0,5019.17,15,2010-12-02 14:40:00,7,,,-3,Enterprise / VIP Whales
16210.0,10884.41,17,2010-12-06 11:06:00,3,,,-3,Enterprise / VIP Whales
16422.0,24554.82,55,2010-12-05 15:35:00,4,,,-3,Enterprise / VIP Whales
16525.0,11195.85,23,2010-12-08 11:31:00,1,,,-3,Enterprise / VIP Whales
16549.0,8746.9,24,2010-11-07 16:29:00,32,,,-3,Enterprise / VIP Whales
16550.0,7063.37,14,2010-12-06 13:53:00,3,,,-3,Enterprise / VIP Whales
16553.0,10122.11,20,2010-11-08 14:14:00,31,,,-3,Enterprise / VIP Whales
16558.0,5535.02,19,2010-12-08 12:01:00,1,,,-3,Enterprise / VIP Whales
16656.0,5849.37,15,2010-10-15 13:15:00,55,,,-3,Enterprise / VIP Whales
16684.0,65277.13,26,2010-11-25 11:04:00,14,,,-3,Enterprise / VIP Whales
16700.0,4091.16,13,2010-12-08 16:34:00,1,,,-3,Enterprise / VIP Whales
16701.0,4518.43,13,2010-10-12 18:16:00,58,,,-3,Enterprise / VIP Whales
16705.0,29264.06,22,2010-11-04 14:46:00,35,,,-3,Enterprise / VIP Whales
16710.0,3823.78,13,2010-12-06 13:13:00,3,,,-3,Enterprise / VIP Whales
16713.0,7619.21,18,2010-12-08 13:01:00,1,,,-3,Enterprise / VIP Whales
16746.0,11364.94,24,2010-11-21 10:38:00,18,,,-3,Enterprise / VIP Whales
16754.0,19433.77,19,2010-09-03 12:06:00,97,,,-3,Enterprise / VIP Whales
16779.0,22554.22,32,2010-12-08 09:56:00,1,,,-3,Enterprise / VIP Whales
16782.0,7732.37,26,2010-12-09 11:28:00,0,,,-3,Enterprise / VIP Whales
16814.0,5781.4400000000005,16,2010-12-05 11:45:00,4,,,-3,Enterprise / VIP Whales
16843.0,9374.86,19,2010-10-13 10:31:00,57,,,-3,Enterprise / VIP Whales
16923.0,6088.05,13,2010-11-29 13:59:00,10,,,-3,Enterprise / VIP Whales
16945.0,4202.66,14,2010-11-11 12:19:00,28,,,-3,Enterprise / VIP Whales
16985.0,5459.04,13,2010-11-28 12:12:00,11,,,-3,Enterprise / VIP Whales
17017.0,5416.349999999999,13,2010-12-09 15:35:00,0,,,-3,Enterprise / VIP Whales
17068.0,4594.19,27,2010-12-06 13:58:00,3,,,-3,Enterprise / VIP Whales
17085.0,6276.87,23,2010-11-28 11:49:00,11,,,-3,Enterprise / VIP Whales
17139.0,8915.99,13,2010-11-15 12:19:00,24,,,-3,Enterprise / VIP Whales
17157.0,4832.9,17,2010-08-16 13:22:00,115,,,-3,Enterprise / VIP Whales
17231.0,3940.08,15,2010-11-15 15:03:00,24,,,-3,Enterprise / VIP Whales
17238.0,3982.16,17,2010-12-03 15:10:00,6,,,-3,Enterprise / VIP Whales
17243.0,11909.93,44,2010-12-05 10:03:00,4,,,-3,Enterprise / VIP Whales
17364.0,7151.77,16,2010-11-28 15:47:00,11,,,-3,Enterprise / VIP Whales
17377.0,14169.210000000001,60,2010-12-09 10:42:00,0,,,-3,Enterprise / VIP Whales
17389.0,25381.65,27,2010-11-30 12:21:00,9,,,-3,Enterprise / VIP Whales
17416.0,10405.03,15,2010-11-11 12:47:00,28,,,-3,Enterprise / VIP Whales
17428.0,14447.710000000001,18,2010-12-06 09:37:00,3,,,-3,Enterprise / VIP Whales
17448.0,14448.67,41,2010-06-28 13:58:00,164,,,-3,Enterprise / VIP Whales
17511.0,84413.17,31,2010-12-07 09:51:00,2,,,-3,Enterprise / VIP Whales
17576.0,5260.42,23,2010-12-09 16:57:00,0,,,-3,Enterprise / VIP Whales
17581.0,7712.71,20,2010-12-02 14:49:00,7,,,-3,Enterprise / VIP Whales
17589.0,11403.35,14,2010-11-19 14:27:00,20,,,-3,Enterprise / VIP Whales
17611.0,4326.41,13,2010-10-14 15:45:00,56,,,-3,Enterprise / VIP Whales
17675.0,17885.32,40,2010-12-07 13:22:00,2,,,-3,Enterprise / VIP Whales
17677.0,20329.68,28,2010-12-08 12:08:00,1,,,-3,Enterprise / VIP Whales
17696.0,5393.88,19,2010-11-22 09:55:00,17,,,-3,Enterprise / VIP Whales
17706.0,10245.49,17,2010-12-08 11:04:00,1,,,-3,Enterprise / VIP Whales
17716.0,10300.98,13,2010-11-08 10:45:00,31,,,-3,Enterprise / VIP Whales
17757.0,3773.11,28,2010-12-06 13:41:00,3,,,-3,Enterprise / VIP Whales
17841.0,29548.77,91,2010-12-09 17:27:00,0,,,-3,Enterprise / VIP Whales
17850.0,51208.87,155,2010-12-02 15:27:00,7,,,-3,Enterprise / VIP Whales
17858.0,7614.24,19,2010-12-05 13:08:00,4,,,-3,Enterprise / VIP Whales
17865.0,15785.87,26,2010-11-29 10:37:00,10,,,-3,Enterprise / VIP Whales
17873.0,4621.32,14,2010-12-01 14:54:00,8,,,-3,Enterprise / VIP Whales
17920.0,20125.34,39,2010-12-06 16:58:00,3,,,-3,Enterprise / VIP Whales
17949.0,23135.399999999998,44,2010-12-03 13:12:00,6,,,-3,Enterprise / VIP Whales
17965.0,4554.26,17,2010-12-09 18:09:00,0,,,-3,Enterprise / VIP Whales
18041.0,4536.29,20,2010-12-09 13:24:00,0,,,-3,Enterprise / VIP Whales
18061.0,4369.56,19,2010-12-08 13:03:00,1,,,-3,Enterprise / VIP Whales
18087.0,10705.8,15,2010-11-25 12:00:00,14,,,-3,Enterprise / VIP Whales
18102.0,241958.05,80,2010-12-09 13:44:00,0,,,-3,Enterprise / VIP Whales
18172.0,9905.56,32,2010-11-17 15:24:00,22,,,-3,Enterprise / VIP Whales
18223.0,7516.31,12,2010-11-17 12:20:00,22,,,-3,Enterprise / VIP Whales
18225.0,7539.84,15,2010-12-09 15:46:00,0,,,-3,Enterprise / VIP Whales
18226.0,6324.43,15,2010-11-26 15:51:00,13,,,-3,Enterprise / VIP Whales
18231.0,4776.5,23,2010-10-29 14:17:00,41,,,-3,Enterprise / VIP Whales
18245.0,3757.92,13,2010-11-25 16:52:00,14,,,-3,Enterprise / VIP Whales
18260.0,7318.91,17,2010-11-30 12:25:00,9,,,-3,Enterprise / VIP Whales
